19/9/2024,0.4700,0.4750,0.4650,0.4700,0.4700,20255200
18/9/2024,0.4650,0.4700,0.4650,0.4650,0.4650,3741500
17/9/2024,0.4550,0.4700,0.4550,0.4650,0.4650,30272100
16/9/2024,0.4600,0.4600,0.4500,0.4600,0.4600,8807200
13/9/2024,0.4550,0.4600,0.4500,0.4600,0.4600,11118100
12/9/2024,0.4550,0.4550,0.4500,0.4500,0.4500,6983200
11/9/2024,0.4550,0.4550,0.4500,0.4500,0.4500,7749200
10/9/2024,0.4550,0.4550,0.4500,0.4500,0.4500,6621600
9/9/2024,0.4550,0.4550,0.4500,0.4550,0.4550,9026700
6/9/2024,0.4500,0.4550,0.4450,0.4550,0.4550,17614200
5/9/2024,0.4500,0.4500,0.4450,0.4500,0.4500,4080775
4/9/2024,0.4500,0.4550,0.4450,0.4500,0.4500,14078600
3/9/2024,0.007 Dividend,,,,,
3/9/2024,0.4550,0.4550,0.4500,0.4550,0.4550,5410300
2/9/2024,0.4600,0.4600,0.4550,0.4600,0.4530,5197000
30/8/2024,0.4550,0.4600,0.4500,0.4600,0.4530,25373500
29/8/2024,0.4550,0.4550,0.4500,0.4550,0.4481,8447400
28/8/2024,0.4500,0.4550,0.4450,0.4550,0.4481,47489800
27/8/2024,0.4650,0.4650,0.4650,0.4650,0.4579,0
26/8/2024,0.4650,0.4700,0.4650,0.4650,0.4579,5552700
23/8/2024,0.4600,0.4650,0.4550,0.4650,0.4579,5897600
22/8/2024,0.4500,0.4600,0.4500,0.4600,0.4530,4308000
21/8/2024,0.4550,0.4550,0.4500,0.4500,0.4432,2288100
20/8/2024,0.4500,0.4550,0.4500,0.4550,0.4481,3304300
19/8/2024,0.4550,0.4600,0.4500,0.4550,0.4481,3746900
16/8/2024,0.4550,0.4600,0.4500,0.4550,0.4481,5837200
15/8/2024,0.4450,0.4550,0.4450,0.4550,0.4481,7527200
14/8/2024,0.4450,0.4500,0.4400,0.4400,0.4333,18388200
13/8/2024,0.4500,0.4500,0.4450,0.4450,0.4382,2874200
12/8/2024,0.4450,0.4500,0.4400,0.4500,0.4432,9245100
8/8/2024,0.4400,0.4450,0.4400,0.4450,0.4382,4548500
7/8/2024,0.4450,0.4450,0.4400,0.4450,0.4382,9653300
6/8/2024,0.4550,0.4550,0.4400,0.4400,0.4333,17886300
5/8/2024,0.4600,0.4600,0.4500,0.4500,0.4432,11384600
2/8/2024,0.0195 Dividend,,,,,
2/8/2024,0.4650,0.4650,0.4600,0.4600,0.4530,5714700
1/8/2024,0.4800,0.4850,0.4800,0.4850,0.4584,5698300
31/7/2024,0.4850,0.4850,0.4800,0.4800,0.4537,4337700
30/7/2024,0.4800,0.4850,0.4800,0.4800,0.4537,3866900
29/7/2024,0.4800,0.4850,0.4750,0.4800,0.4537,9321900
26/7/2024,0.4750,0.4750,0.4700,0.4750,0.4490,4584800
25/7/2024,0.4750,0.4800,0.4700,0.4700,0.4442,5930800
24/7/2024,0.4750,0.4800,0.4750,0.4800,0.4537,1692500
23/7/2024,0.4750,0.4800,0.4750,0.4800,0.4537,5850900
22/7/2024,0.4800,0.4800,0.4750,0.4750,0.4490,771100
19/7/2024,0.4750,0.4800,0.4750,0.4800,0.4537,3359500
18/7/2024,0.4750,0.4800,0.4750,0.4750,0.4490,1684200
17/7/2024,0.4750,0.4800,0.4700,0.4800,0.4537,1741000
16/7/2024,0.4750,0.4750,0.4700,0.4750,0.4490,1945000
15/7/2024,0.4750,0.4750,0.4700,0.4750,0.4490,1340500
12/7/2024,0.4700,0.4800,0.4700,0.4750,0.4490,3585800
11/7/2024,0.4750,0.4750,0.4700,0.4700,0.4442,1269000
10/7/2024,0.4700,0.4750,0.4700,0.4700,0.4442,844200
9/7/2024,0.4700,0.4750,0.4650,0.4750,0.4490,3849300
8/7/2024,0.4650,0.4700,0.4650,0.4700,0.4442,1315000
5/7/2024,0.4700,0.4700,0.4650,0.4650,0.4395,1747100
4/7/2024,0.4700,0.4700,0.4650,0.4650,0.4395,958600
3/7/2024,0.4700,0.4700,0.4650,0.4650,0.4395,788300
2/7/2024,0.4700,0.4700,0.4650,0.4700,0.4442,1542600
1/7/2024,0.4700,0.4700,0.4650,0.4650,0.4395,1417300
28/6/2024,0.4700,0.4700,0.4650,0.4700,0.4442,1619100
27/6/2024,0.4750,0.4750,0.4650,0.4650,0.4395,4640700
26/6/2024,0.4750,0.4750,0.4700,0.4700,0.4442,4394800
25/6/2024,0.4750,0.4800,0.4700,0.4700,0.4442,4861000
24/6/2024,0.4700,0.4750,0.4700,0.4750,0.4490,5603661
21/6/2024,0.4650,0.4750,0.4650,0.4700,0.4442,20201100
20/6/2024,0.4600,0.4650,0.4600,0.4650,0.4395,1240300
19/6/2024,0.4600,0.4650,0.4550,0.4600,0.4348,4016900
18/6/2024,0.4550,0.4600,0.4550,0.4550,0.4301,1601800
14/6/2024,0.4600,0.4600,0.4500,0.4550,0.4301,3510800
13/6/2024,0.4550,0.4600,0.4500,0.4600,0.4348,4434700
12/6/2024,0.4500,0.4550,0.4500,0.4550,0.4301,1037400
11/6/2024,0.4550,0.4550,0.4500,0.4500,0.4253,1295000
10/6/2024,0.4500,0.4550,0.4500,0.4550,0.4301,987200
7/6/2024,0.4500,0.4550,0.4500,0.4500,0.4253,1829100
6/6/2024,0.4500,0.4550,0.4500,0.4500,0.4253,880900
5/6/2024,0.4550,0.4550,0.4500,0.4500,0.4253,1479900
4/6/2024,0.4550,0.4550,0.4500,0.4550,0.4301,1017300
3/6/2024,0.4550,0.4600,0.4500,0.4550,0.4301,2832700
31/5/2024,0.4550,0.4600,0.4500,0.4550,0.4301,12908300
30/5/2024,0.4650,0.4650,0.4500,0.4600,0.4348,10992800
29/5/2024,0.4600,0.4700,0.4550,0.4600,0.4348,6395100
28/5/2024,0.4600,0.4600,0.4550,0.4600,0.4348,1724000
27/5/2024,0.4550,0.4600,0.4500,0.4600,0.4348,2260500
24/5/2024,0.4550,0.4600,0.4500,0.4600,0.4348,4812200
23/5/2024,0.4600,0.4600,0.4500,0.4500,0.4253,3548300
21/5/2024,0.4600,0.4600,0.4550,0.4550,0.4301,2101300
20/5/2024,0.4550,0.4600,0.4500,0.4600,0.4348,4591500
17/5/2024,0.4600,0.4600,0.4550,0.4550,0.4301,2322000
16/5/2024,0.4500,0.4600,0.4450,0.4550,0.4301,6142200
15/5/2024,0.4450,0.4500,0.4400,0.4450,0.4206,13419600
14/5/2024,0.4550,0.4550,0.4350,0.4400,0.4159,38615100
13/5/2024,0.4600,0.4600,0.4550,0.4550,0.4301,1497400
10/5/2024,0.4600,0.4650,0.4550,0.4600,0.4348,6297800
9/5/2024,0.4550,0.4600,0.4500,0.4550,0.4301,3656500
8/5/2024,0.4650,0.4650,0.4500,0.4550,0.4301,25406400
7/5/2024,0.4650,0.4650,0.4600,0.4650,0.4395,3153000
6/5/2024,0.4700,0.4700,0.4600,0.4650,0.4395,15106700
3/5/2024,0.4700,0.4750,0.4650,0.4650,0.4395,7085400
2/5/2024,0.4750,0.4750,0.4650,0.4700,0.4442,12580400
30/4/2024,0.4800,0.4850,0.4700,0.4750,0.4490,8476700
29/4/2024,0.4750,0.4850,0.4700,0.4800,0.4537,6264800
26/4/2024,0.4800,0.4850,0.4700,0.4700,0.4442,10461600
25/4/2024,0.4800,0.4850,0.4750,0.4850,0.4584,3343500
24/4/2024,0.4750,0.4800,0.4750,0.4800,0.4537,1765500
23/4/2024,0.4750,0.4800,0.4700,0.4750,0.4490,6773800
22/4/2024,0.4800,0.4850,0.4750,0.4750,0.4490,6841000
19/4/2024,0.4800,0.4800,0.4750,0.4800,0.4537,2639600
18/4/2024,0.4850,0.4850,0.4700,0.4800,0.4537,18726600
17/4/2024,0.4850,0.4900,0.4850,0.4900,0.4631,2215400
16/4/2024,0.4900,0.4950,0.4850,0.4850,0.4584,4212800
15/4/2024,0.4900,0.4950,0.4900,0.4900,0.4631,2401000
12/4/2024,0.4950,0.4950,0.4900,0.4900,0.4631,1091300
11/4/2024,0.4950,0.4950,0.4900,0.4950,0.4679,2817000
9/4/2024,0.4950,0.4950,0.4900,0.4950,0.4679,857500
8/4/2024,0.4900,0.4950,0.4900,0.4900,0.4631,2424700
5/4/2024,0.4900,0.4950,0.4900,0.4950,0.4679,6844000
4/4/2024,0.4900,0.4950,0.4850,0.4900,0.4631,3093400
3/4/2024,0.4900,0.4900,0.4850,0.4900,0.4631,2724900
2/4/2024,0.4900,0.4950,0.4900,0.4900,0.4631,3249700
1/4/2024,0.4900,0.4950,0.4850,0.4950,0.4679,8292100
28/3/2024,0.4900,0.4950,0.4850,0.4950,0.4679,3782500
27/3/2024,0.4900,0.4950,0.4800,0.4850,0.4584,17544600
26/3/2024,0.4950,0.4950,0.4900,0.4900,0.4631,1455600
25/3/2024,0.4900,0.4950,0.4900,0.4950,0.4679,1009600
22/3/2024,0.4950,0.5000,0.4900,0.4950,0.4679,3550800
21/3/2024,0.4900,0.4950,0.4900,0.4950,0.4679,3975100
20/3/2024,0.4900,0.5000,0.4850,0.4900,0.4631,6110800
19/3/2024,0.4850,0.4950,0.4850,0.4900,0.4631,1915500
18/3/2024,0.4950,0.4950,0.4850,0.4850,0.4584,3306900
15/3/2024,0.4900,0.4950,0.4850,0.4950,0.4679,8827600
14/3/2024,0.4850,0.4900,0.4850,0.4900,0.4631,1350700
13/3/2024,0.4900,0.4950,0.4850,0.4850,0.4584,5239100
12/3/2024,0.4900,0.4950,0.4850,0.4900,0.4631,7560900
11/3/2024,0.4900,0.4950,0.4900,0.4950,0.4679,1810500
8/3/2024,0.4950,0.4950,0.4900,0.4900,0.4631,2419200
7/3/2024,0.4900,0.4950,0.4800,0.4900,0.4631,6509200
6/3/2024,0.4900,0.4950,0.4850,0.4850,0.4584,6400200
5/3/2024,0.4900,0.4950,0.4850,0.4900,0.4631,4689700
4/3/2024,0.4900,0.4950,0.4900,0.4900,0.4631,2327400
1/3/2024,0.4900,0.4950,0.4900,0.4900,0.4631,3533600
29/2/2024,0.4950,0.5000,0.4900,0.4900,0.4631,8164500
28/2/2024,0.4950,0.5000,0.4900,0.4950,0.4679,4374700
27/2/2024,0.4950,0.4950,0.4900,0.4950,0.4679,3457500
26/2/2024,0.4950,0.5000,0.4950,0.4950,0.4679,7193800
23/2/2024,0.5000,0.5000,0.4950,0.4950,0.4679,1605900
22/2/2024,0.5000,0.5000,0.4950,0.4950,0.4679,2461000
21/2/2024,0.5000,0.5000,0.4950,0.5000,0.4726,3690100
20/2/2024,0.5000,0.5050,0.4950,0.5000,0.4726,6153700
19/2/2024,0.5000,0.5050,0.5000,0.5000,0.4726,6697500
16/2/2024,0.5050,0.5100,0.5000,0.5000,0.4726,5783000
15/2/2024,0.5050,0.5050,0.5000,0.5000,0.4726,3357000
14/2/2024,0.5000,0.5050,0.4950,0.5000,0.4726,7345100
13/2/2024,0.5000,0.5050,0.5000,0.5050,0.4773,3206200
9/2/2024,0.5050,0.5050,0.5000,0.5050,0.4773,723600
8/2/2024,0.4950,0.5100,0.4950,0.5050,0.4773,14190300
7/2/2024,0.4950,0.5000,0.4900,0.5000,0.4726,7737200
6/2/2024,0.0096 Dividend,,,,,
6/2/2024,0.5000,0.5000,0.4850,0.4950,0.4679,14730200
5/2/2024,0.5150,0.5150,0.5050,0.5050,0.4682,8759600
2/2/2024,0.5100,0.5150,0.5050,0.5100,0.4729,5029900
1/2/2024,0.5100,0.5150,0.5000,0.5100,0.4729,16804700
31/1/2024,0.5100,0.5100,0.5000,0.5050,0.4682,10005600
30/1/2024,0.5100,0.5100,0.5050,0.5050,0.4682,1133900
29/1/2024,0.5100,0.5100,0.5050,0.5050,0.4682,799500
26/1/2024,0.5100,0.5100,0.5050,0.5050,0.4682,1297700
25/1/2024,0.5100,0.5100,0.5000,0.5050,0.4682,2365200
24/1/2024,0.5050,0.5100,0.5000,0.5100,0.4729,3473500
23/1/2024,0.5000,0.5050,0.5000,0.5000,0.4636,527800
22/1/2024,0.5050,0.5100,0.5000,0.5000,0.4636,2571900
19/1/2024,0.5050,0.5050,0.5000,0.5050,0.4682,1647500
18/1/2024,0.5050,0.5050,0.5000,0.5050,0.4682,884800
17/1/2024,0.5100,0.5100,0.5000,0.5000,0.4636,5221100
16/1/2024,0.5100,0.5100,0.5050,0.5100,0.4729,2111700
15/1/2024,0.5050,0.5100,0.5050,0.5050,0.4682,1360700
12/1/2024,0.5100,0.5100,0.5050,0.5050,0.4682,1484900
11/1/2024,0.5100,0.5100,0.5050,0.5100,0.4729,1397100
10/1/2024,0.5100,0.5100,0.5050,0.5100,0.4729,1528000
9/1/2024,0.5100,0.5100,0.5050,0.5100,0.4729,1287300
8/1/2024,0.5050,0.5100,0.5000,0.5050,0.4682,5790000
5/1/2024,0.5000,0.5050,0.5000,0.5050,0.4682,1588300
4/1/2024,0.5050,0.5050,0.5000,0.5050,0.4682,2575300
3/1/2024,0.5000,0.5100,0.5000,0.5050,0.4682,6026500
2/1/2024,0.5000,0.5050,0.5000,0.5050,0.4682,2577400
29/12/2023,0.5000,0.5050,0.4950,0.5000,0.4636,7194700
28/12/2023,0.5000,0.5050,0.4950,0.5000,0.4636,6491000
27/12/2023,0.4900,0.5000,0.4900,0.5000,0.4636,3925200
26/12/2023,0.4950,0.4950,0.4900,0.4900,0.4543,956000
22/12/2023,0.4950,0.4950,0.4900,0.4950,0.4590,2716200
21/12/2023,0.4900,0.4950,0.4850,0.4950,0.4590,4590300
20/12/2023,0.4950,0.4950,0.4900,0.4900,0.4543,1203300
19/12/2023,0.4900,0.4950,0.4900,0.4900,0.4543,1220300
18/12/2023,0.4900,0.4950,0.4850,0.4900,0.4543,3053100
15/12/2023,0.4950,0.4950,0.4900,0.4900,0.4543,4988000
14/12/2023,0.4850,0.4950,0.4850,0.4950,0.4590,10005700
13/12/2023,0.4800,0.4850,0.4750,0.4800,0.4451,6858100
12/12/2023,0.4800,0.4800,0.4750,0.4800,0.4451,1308100
11/12/2023,0.4750,0.4800,0.4700,0.4800,0.4451,1264400
8/12/2023,0.4750,0.4800,0.4700,0.4750,0.4404,7745900
7/12/2023,0.4700,0.4800,0.4700,0.4750,0.4404,6475800
6/12/2023,0.4750,0.4750,0.4700,0.4750,0.4404,2591600
5/12/2023,0.4750,0.4750,0.4700,0.4700,0.4358,716300
4/12/2023,0.4750,0.4750,0.4700,0.4700,0.4358,2940900
1/12/2023,0.4700,0.4750,0.4700,0.4700,0.4358,1741200
30/11/2023,0.4700,0.4750,0.4700,0.4700,0.4358,1504000
29/11/2023,0.4750,0.4800,0.4700,0.4750,0.4404,5460200
28/11/2023,0.4750,0.4750,0.4700,0.4750,0.4404,1069800
27/11/2023,0.4700,0.4750,0.4700,0.4700,0.4358,941100
24/11/2023,0.4700,0.4750,0.4650,0.4700,0.4358,8695200
23/11/2023,0.4700,0.4750,0.4650,0.4700,0.4358,3912200
22/11/2023,0.4800,0.4800,0.4650,0.4700,0.4358,7749300
21/11/2023,0.4750,0.4800,0.4700,0.4750,0.4404,4929000
20/11/2023,0.4750,0.4800,0.4650,0.4750,0.4404,4593400
17/11/2023,0.4800,0.4800,0.4750,0.4800,0.4451,1736800
16/11/2023,0.4700,0.4800,0.4700,0.4800,0.4451,5914300
15/11/2023,0.4650,0.4800,0.4600,0.4800,0.4451,8138400
14/11/2023,0.4650,0.4650,0.4550,0.4650,0.4312,4701900
10/11/2023,0.4650,0.4650,0.4600,0.4600,0.4265,4971100
9/11/2023,0.0097 Dividend,,,,,
9/11/2023,0.4650,0.4650,0.4600,0.4650,0.4312,4453400
8/11/2023,0.4950,0.5000,0.4950,0.4950,0.4500,12259200
7/11/2023,0.5000,0.5000,0.4950,0.4950,0.4500,5222600
6/11/2023,0.4950,0.5050,0.4900,0.5000,0.4545,15717000
3/11/2023,0.4600,0.4900,0.4600,0.4850,0.4409,23535600
2/11/2023,0.4350,0.4450,0.4350,0.4400,0.4000,4578100
1/11/2023,0.4350,0.4400,0.4350,0.4350,0.3954,2602000
31/10/2023,0.4450,0.4450,0.4350,0.4400,0.4000,3955400
30/10/2023,0.4400,0.4450,0.4350,0.4400,0.4000,5956600
27/10/2023,0.4450,0.4450,0.4400,0.4450,0.4045,1009100
26/10/2023,0.4400,0.4500,0.4400,0.4400,0.4000,6104900
25/10/2023,0.4400,0.4450,0.4400,0.4400,0.4000,1619400
24/10/2023,0.4350,0.4450,0.4350,0.4400,0.4000,4388700
23/10/2023,0.4450,0.4450,0.4350,0.4350,0.3954,10813900
20/10/2023,0.4550,0.4600,0.4450,0.4450,0.4045,15947300
19/10/2023,0.4600,0.4650,0.4500,0.4550,0.4136,11347600
18/10/2023,0.4650,0.4650,0.4600,0.4650,0.4227,778900
17/10/2023,0.4700,0.4700,0.4600,0.4650,0.4227,3800500
16/10/2023,0.4750,0.4750,0.4650,0.4700,0.4273,3219000
13/10/2023,0.4700,0.4750,0.4700,0.4750,0.4318,1345500
12/10/2023,0.4700,0.4750,0.4650,0.4750,0.4318,1586600
11/10/2023,0.4650,0.4700,0.4650,0.4700,0.4273,1721100
10/10/2023,0.4650,0.4700,0.4650,0.4700,0.4273,1663600
9/10/2023,0.4650,0.4700,0.4650,0.4700,0.4273,1259500
6/10/2023,0.4750,0.4750,0.4650,0.4700,0.4273,3433800
5/10/2023,0.4650,0.4750,0.4650,0.4750,0.4318,3402500
4/10/2023,0.4650,0.4700,0.4600,0.4650,0.4227,4160000
3/10/2023,0.4600,0.4700,0.4600,0.4700,0.4273,3904200
2/10/2023,0.4600,0.4650,0.4600,0.4600,0.4182,1721100
29/9/2023,0.4650,0.4650,0.4400,0.4650,0.4227,13072700
28/9/2023,0.4650,0.4650,0.4600,0.4650,0.4227,10487900
27/9/2023,0.4750,0.4750,0.4650,0.4700,0.4273,12961800
26/9/2023,0.4850,0.4850,0.4700,0.4750,0.4318,15155400
25/9/2023,0.4800,0.4850,0.4800,0.4850,0.4409,1050100
22/9/2023,0.4850,0.4850,0.4800,0.4850,0.4409,2231000
21/9/2023,0.4800,0.4850,0.4800,0.4800,0.4363,7363500
20/9/2023,0.4850,0.4850,0.4800,0.4850,0.4409,1169200
19/9/2023,0.4800,0.4850,0.4800,0.4850,0.4409,857700
18/9/2023,0.4800,0.4850,0.4750,0.4800,0.4363,4832610
15/9/2023,0.4850,0.4850,0.4750,0.4750,0.4318,18561300
14/9/2023,0.4850,0.4850,0.4800,0.4850,0.4409,1699500
13/9/2023,0.4850,0.4850,0.4800,0.4800,0.4363,4399800
12/9/2023,0.4900,0.4900,0.4800,0.4850,0.4409,5242200
11/9/2023,0.4900,0.4900,0.4850,0.4900,0.4454,1192400
8/9/2023,0.4850,0.4900,0.4800,0.4900,0.4454,5711500
7/9/2023,0.4850,0.4850,0.4800,0.4850,0.4409,1846900
6/9/2023,0.4900,0.4900,0.4800,0.4850,0.4409,5990600
5/9/2023,0.4900,0.4950,0.4850,0.4900,0.4454,6247800
4/9/2023,0.4950,0.4950,0.4900,0.4950,0.4500,2924500
31/8/2023,0.4900,0.4950,0.4850,0.4950,0.4500,16412900
30/8/2023,0.4900,0.4900,0.4850,0.4900,0.4454,1143900
29/8/2023,0.4850,0.4900,0.4850,0.4850,0.4409,1843600
28/8/2023,0.4850,0.4950,0.4800,0.4850,0.4409,6067900
25/8/2023,0.4850,0.4850,0.4800,0.4850,0.4409,4218800
24/8/2023,0.4800,0.4850,0.4750,0.4850,0.4409,11075700
23/8/2023,0.4800,0.4850,0.4750,0.4800,0.4363,18761400
22/8/2023,0.4900,0.4950,0.4800,0.4850,0.4409,19435500
21/8/2023,0.4950,0.4950,0.4900,0.4950,0.4500,3281800
18/8/2023,0.4950,0.4950,0.4850,0.4950,0.4500,14468800
17/8/2023,0.4950,0.4950,0.4900,0.4950,0.4500,5899800
16/8/2023,0.4950,0.4950,0.4900,0.4950,0.4500,3171300
15/8/2023,0.4950,0.5000,0.4900,0.4950,0.4500,6270500
14/8/2023,0.5000,0.5000,0.4950,0.5000,0.4545,1803900
11/8/2023,0.5000,0.5050,0.4950,0.4950,0.4500,7832100
10/8/2023,0.5000,0.5000,0.4950,0.5000,0.4545,1527300
8/8/2023,0.5000,0.5000,0.4950,0.4950,0.4500,3220700
7/8/2023,0.4950,0.5000,0.4950,0.5000,0.4545,1066300
4/8/2023,0.5000,0.5000,0.4950,0.4950,0.4500,2456900
3/8/2023,0.5000,0.5000,0.4900,0.4950,0.4500,6100500
2/8/2023,0.0069 Dividend,,,,,
2/8/2023,0.5050,0.5100,0.4950,0.5000,0.4545,11370700
1/8/2023,0.5100,0.5100,0.5050,0.5100,0.4573,4983500
31/7/2023,0.5100,0.5150,0.5050,0.5100,0.4573,8230700
28/7/2023,0.5150,0.5200,0.5050,0.5100,0.4573,19740200
27/7/2023,0.5150,0.5200,0.5100,0.5150,0.4618,10864100
26/7/2023,0.5150,0.5150,0.5100,0.5150,0.4618,1366500
25/7/2023,0.5100,0.5150,0.5100,0.5150,0.4618,4322400
24/7/2023,0.5150,0.5150,0.5050,0.5100,0.4573,6610500
21/7/2023,0.5100,0.5150,0.5100,0.5150,0.4618,1208400
20/7/2023,0.5150,0.5150,0.5050,0.5100,0.4573,6731800
19/7/2023,0.5100,0.5150,0.5100,0.5150,0.4618,4266900
18/7/2023,0.5100,0.5100,0.5050,0.5050,0.4529,2435700
17/7/2023,0.5150,0.5150,0.5050,0.5100,0.4573,6058500
14/7/2023,0.5150,0.5150,0.5100,0.5150,0.4618,1317100
13/7/2023,0.5100,0.5150,0.5100,0.5150,0.4618,2300800
12/7/2023,0.5150,0.5150,0.5050,0.5150,0.4618,4497800
11/7/2023,0.5100,0.5150,0.5100,0.5150,0.4618,2308600
10/7/2023,0.5100,0.5150,0.5050,0.5050,0.4529,1409400
7/7/2023,0.5100,0.5150,0.5100,0.5100,0.4573,1844500
6/7/2023,0.5100,0.5150,0.5100,0.5100,0.4573,3201800
5/7/2023,0.5150,0.5150,0.5100,0.5150,0.4618,1593400
4/7/2023,0.5100,0.5150,0.5050,0.5150,0.4618,4724900
3/7/2023,0.5050,0.5100,0.5050,0.5100,0.4573,1398000
30/6/2023,0.5100,0.5100,0.5000,0.5100,0.4573,5569200
28/6/2023,0.5050,0.5100,0.5000,0.5100,0.4573,5606500
27/6/2023,0.4950,0.5050,0.4950,0.5000,0.4484,4954100
26/6/2023,0.4950,0.5000,0.4950,0.4950,0.4439,2751900
23/6/2023,0.5000,0.5000,0.4950,0.5000,0.4484,1809100
22/6/2023,0.5000,0.5050,0.4950,0.5000,0.4484,12619801
21/6/2023,0.5000,0.5000,0.4950,0.4950,0.4439,2571200
20/6/2023,0.4900,0.5000,0.4900,0.5000,0.4484,4507100
19/6/2023,0.4950,0.4950,0.4900,0.4900,0.4394,5442800
16/6/2023,0.4900,0.4950,0.4850,0.4900,0.4394,10853500
15/6/2023,0.4850,0.4950,0.4850,0.4850,0.4349,6616600
14/6/2023,0.4900,0.4900,0.4850,0.4850,0.4349,2138600
13/6/2023,0.4850,0.4900,0.4850,0.4850,0.4349,3895700
12/6/2023,0.4850,0.4900,0.4850,0.4850,0.4349,1129600
9/6/2023,0.4850,0.4900,0.4800,0.4850,0.4349,13822500
8/6/2023,0.4850,0.4900,0.4850,0.4850,0.4349,3244500
7/6/2023,0.4900,0.4900,0.4850,0.4850,0.4349,4584900
6/6/2023,0.4850,0.4900,0.4850,0.4850,0.4349,1296700
5/6/2023,0.4900,0.4900,0.4850,0.4850,0.4349,4593700
1/6/2023,0.4900,0.4900,0.4850,0.4900,0.4394,1862000
31/5/2023,0.4850,0.4900,0.4800,0.4850,0.4349,13918900
30/5/2023,0.4900,0.4900,0.4850,0.4850,0.4349,2824400
29/5/2023,0.4850,0.4900,0.4850,0.4850,0.4349,2992800
26/5/2023,0.4900,0.4900,0.4850,0.4850,0.4349,2488900
25/5/2023,0.4950,0.4950,0.4850,0.4900,0.4394,6727100
24/5/2023,0.4950,0.4950,0.4900,0.4950,0.4439,3518300
23/5/2023,0.4850,0.4950,0.4850,0.4900,0.4394,10065200
22/5/2023,0.4850,0.4900,0.4850,0.4850,0.4349,3065000
19/5/2023,0.4850,0.4900,0.4850,0.4850,0.4349,3067500
18/5/2023,0.4850,0.4900,0.4800,0.4850,0.4349,8276500
17/5/2023,0.4900,0.4900,0.4800,0.4800,0.4304,10253600
16/5/2023,0.4850,0.4900,0.4800,0.4850,0.4349,5118100
15/5/2023,0.4850,0.4850,0.4800,0.4850,0.4349,1551100
12/5/2023,0.4850,0.4900,0.4800,0.4850,0.4349,7666300
11/5/2023,0.4850,0.4900,0.4850,0.4850,0.4349,1929900
10/5/2023,0.4850,0.4900,0.4800,0.4850,0.4349,10146900
9/5/2023,0.4850,0.4900,0.4850,0.4850,0.4349,2774000
8/5/2023,0.4850,0.4900,0.4800,0.4850,0.4349,9542000
5/5/2023,0.4850,0.4900,0.4800,0.4850,0.4349,12418900
4/5/2023,0.4800,0.4900,0.4800,0.4850,0.4349,6098500
3/5/2023,0.4900,0.4950,0.4800,0.4800,0.4304,14382046
2/5/2023,0.4900,0.4950,0.4850,0.4900,0.4394,7734200
28/4/2023,0.4850,0.4950,0.4850,0.4900,0.4394,16073000
27/4/2023,0.4950,0.5000,0.4850,0.4850,0.4349,48235100
26/4/2023,0.5050,0.5050,0.4950,0.4950,0.4439,30541700
25/4/2023,0.0124 Dividend,,,,,
25/4/2023,0.5050,0.5100,0.5050,0.5050,0.4529,5536400
24/4/2023,0.5125,0.5175,0.5075,0.5175,0.4529,13068728
21/4/2023,0.5125,0.5175,0.5075,0.5075,0.4442,11458413
20/4/2023,0.5025,0.5175,0.5025,0.5175,0.4529,14164748
19/4/2023,0.4976,0.5175,0.4926,0.5025,0.4399,77615304
18/4/2023,0.5125,0.5125,0.5125,0.5125,0.4486,0
17/4/2023,0.5125,0.5175,0.5075,0.5125,0.4486,16087178
14/4/2023,0.5175,0.5225,0.5075,0.5125,0.4486,18186869
13/4/2023,0.5175,0.5225,0.5125,0.5175,0.4529,6591793
12/4/2023,0.5175,0.5225,0.5125,0.5175,0.4529,8923208
11/4/2023,0.5175,0.5225,0.5125,0.5175,0.4529,13370191
10/4/2023,0.5274,0.5274,0.5175,0.5274,0.4616,12527903
6/4/2023,0.5274,0.5274,0.5225,0.5274,0.4616,1376983
5/4/2023,0.5274,0.5324,0.5225,0.5324,0.4660,5226768
4/4/2023,0.5324,0.5324,0.5225,0.5274,0.4616,9607228
3/4/2023,0.5225,0.5324,0.5225,0.5324,0.4660,3909675
31/3/2023,0.5324,0.5324,0.5225,0.5225,0.4573,13380441
30/3/2023,0.5274,0.5324,0.5274,0.5274,0.4616,2739998
29/3/2023,0.5274,0.5324,0.5274,0.5274,0.4616,1310862
28/3/2023,0.5274,0.5324,0.5274,0.5274,0.4616,2892438
27/3/2023,0.5324,0.5324,0.5274,0.5274,0.4616,1072304
24/3/2023,0.5274,0.5324,0.5274,0.5324,0.4660,1161437
23/3/2023,0.5274,0.5324,0.5225,0.5324,0.4660,15363466
22/3/2023,0.5324,0.5324,0.5274,0.5324,0.4660,4322077
21/3/2023,0.5324,0.5374,0.5274,0.5324,0.4660,10955673
20/3/2023,0.5424,0.5424,0.5324,0.5374,0.4703,3257711
17/3/2023,0.5324,0.5424,0.5324,0.5424,0.4747,6242296
16/3/2023,0.5324,0.5374,0.5324,0.5324,0.4660,1977095
15/3/2023,0.5324,0.5374,0.5274,0.5324,0.4660,10810267
14/3/2023,0.5324,0.5324,0.5274,0.5324,0.4660,1555449
13/3/2023,0.5324,0.5374,0.5274,0.5324,0.4660,6772871
10/3/2023,0.5324,0.5374,0.5324,0.5324,0.4660,1645084
9/3/2023,0.5374,0.5374,0.5324,0.5324,0.4660,452395
8/3/2023,0.5324,0.5374,0.5324,0.5374,0.4703,1876306
7/3/2023,0.5324,0.5374,0.5324,0.5374,0.4703,2515006
6/3/2023,0.5374,0.5374,0.5324,0.5324,0.4660,780689
3/3/2023,0.5374,0.5374,0.5324,0.5374,0.4703,1622072
2/3/2023,0.5374,0.5374,0.5324,0.5324,0.4660,1106269
1/3/2023,0.5324,0.5374,0.5324,0.5324,0.4660,1091698
28/2/2023,0.5374,0.5374,0.5274,0.5374,0.4703,7832715
27/2/2023,0.5324,0.5374,0.5324,0.5374,0.4703,1715626
24/2/2023,0.5324,0.5374,0.5274,0.5374,0.4703,8711782
23/2/2023,0.5324,0.5324,0.5274,0.5324,0.4660,4418645
22/2/2023,0.5374,0.5374,0.5274,0.5324,0.4660,8348217
21/2/2023,0.5374,0.5374,0.5324,0.5324,0.4660,1360101
20/2/2023,0.5374,0.5374,0.5324,0.5324,0.4660,4597312
17/2/2023,0.5424,0.5424,0.5274,0.5324,0.4660,31292075
16/2/2023,0.5424,0.5473,0.5374,0.5424,0.4747,1782853
15/2/2023,0.5424,0.5473,0.5374,0.5424,0.4747,6123520
14/2/2023,0.5473,0.5473,0.5374,0.5424,0.4747,3617658
13/2/2023,0.5473,0.5473,0.5424,0.5473,0.4791,1628302
10/2/2023,0.5424,0.5473,0.5424,0.5424,0.4747,2799889
9/2/2023,0.5473,0.5473,0.5424,0.5424,0.4747,1038339
8/2/2023,0.5424,0.5473,0.5424,0.5473,0.4791,2356939
7/2/2023,0.5473,0.5523,0.5374,0.5424,0.4747,10140717
6/2/2023,0.019007 Dividend,,,,,
6/2/2023,0.5523,0.5523,0.5424,0.5523,0.4834,10706061
3/2/2023,0.5722,0.5722,0.5623,0.5722,0.4842,7649325
2/2/2023,0.5772,0.5772,0.5672,0.5722,0.4842,3526415
1/2/2023,0.5722,0.5772,0.5672,0.5772,0.4884,9210302
31/1/2023,0.5672,0.5722,0.5623,0.5722,0.4842,11432587
30/1/2023,0.5623,0.5672,0.5623,0.5672,0.4800,4295548
27/1/2023,0.5573,0.5623,0.5523,0.5623,0.4758,8920093
26/1/2023,0.5473,0.5573,0.5473,0.5573,0.4716,2972527
25/1/2023,0.5523,0.5523,0.5473,0.5523,0.4674,3186867
20/1/2023,0.5473,0.5523,0.5424,0.5523,0.4674,7457796
19/1/2023,0.5473,0.5473,0.5424,0.5473,0.4631,1639055
18/1/2023,0.5473,0.5473,0.5424,0.5473,0.4631,771645
17/1/2023,0.5424,0.5473,0.5424,0.5424,0.4589,1877211
16/1/2023,0.5473,0.5473,0.5424,0.5424,0.4589,1462498
13/1/2023,0.5424,0.5473,0.5424,0.5424,0.4589,994928
12/1/2023,0.5424,0.5473,0.5424,0.5473,0.4631,255439
11/1/2023,0.5473,0.5473,0.5424,0.5424,0.4589,880071
10/1/2023,0.5424,0.5473,0.5374,0.5473,0.4631,2684026
9/1/2023,0.5473,0.5473,0.5374,0.5424,0.4589,9323350
6/1/2023,0.5424,0.5473,0.5424,0.5424,0.4589,819678
5/1/2023,0.5424,0.5473,0.5374,0.5473,0.4631,4009459
4/1/2023,0.5374,0.5424,0.5374,0.5424,0.4589,1075520
3/1/2023,0.5374,0.5424,0.5374,0.5374,0.4547,938454
30/12/2022,0.5374,0.5424,0.5374,0.5374,0.4547,591470
29/12/2022,0.5374,0.5424,0.5324,0.5374,0.4547,2203092
28/12/2022,0.5374,0.5424,0.5324,0.5374,0.4547,5433772
27/12/2022,0.5424,0.5424,0.5374,0.5374,0.4547,781794
23/12/2022,0.5374,0.5424,0.5374,0.5424,0.4589,406673
22/12/2022,0.5374,0.5424,0.5324,0.5374,0.4547,5916515
21/12/2022,0.5374,0.5424,0.5324,0.5374,0.4547,1699247
20/12/2022,0.5374,0.5374,0.5324,0.5374,0.4547,1167365
19/12/2022,0.5374,0.5374,0.5324,0.5374,0.4547,625536
16/12/2022,0.5324,0.5424,0.5324,0.5424,0.4589,5469445
15/12/2022,0.5374,0.5374,0.5324,0.5324,0.4505,1253885
14/12/2022,0.5374,0.5374,0.5324,0.5324,0.4505,927803
13/12/2022,0.5424,0.5424,0.5225,0.5374,0.4547,22844776
12/12/2022,0.5473,0.5473,0.5374,0.5424,0.4589,3047591
9/12/2022,0.5424,0.5473,0.5424,0.5473,0.4631,498720
8/12/2022,0.5424,0.5473,0.5374,0.5424,0.4589,4390107
7/12/2022,0.5424,0.5473,0.5374,0.5374,0.4547,5186170
6/12/2022,0.5473,0.5473,0.5424,0.5424,0.4589,1482093
5/12/2022,0.5473,0.5473,0.5424,0.5473,0.4631,522435
2/12/2022,0.5424,0.5473,0.5374,0.5473,0.4631,9425647
1/12/2022,0.5374,0.5424,0.5374,0.5424,0.4589,1900122
30/11/2022,0.5374,0.5424,0.5374,0.5374,0.4547,1705879
29/11/2022,0.5424,0.5424,0.5374,0.5424,0.4589,985282
28/11/2022,0.5374,0.5424,0.5374,0.5374,0.4547,752753
25/11/2022,0.5424,0.5424,0.5374,0.5374,0.4547,448476
24/11/2022,0.5374,0.5424,0.5324,0.5374,0.4547,2072056
23/11/2022,0.5374,0.5374,0.5324,0.5324,0.4505,1171988
22/11/2022,0.5374,0.5374,0.5324,0.5324,0.4505,3686592
21/11/2022,0.5374,0.5374,0.5324,0.5374,0.4547,4309616
18/11/2022,0.5324,0.5374,0.5324,0.5374,0.4547,1775718
17/11/2022,0.5374,0.5374,0.5324,0.5374,0.4547,656084
16/11/2022,0.5324,0.5374,0.5274,0.5374,0.4547,4292232
15/11/2022,0.5324,0.5374,0.5274,0.5324,0.4505,4101808
14/11/2022,0.5324,0.5374,0.5274,0.5274,0.4463,2383367
11/11/2022,0.5324,0.5374,0.5274,0.5324,0.4505,6255661
10/11/2022,0.5274,0.5324,0.5225,0.5324,0.4505,2598009
9/11/2022,0.5274,0.5274,0.5225,0.5274,0.4463,3024981
8/11/2022,0.5324,0.5324,0.5225,0.5274,0.4463,3247461
7/11/2022,0.5274,0.5324,0.5274,0.5324,0.4505,2321065
4/11/2022,0.5324,0.5324,0.5225,0.5274,0.4463,5998815
3/11/2022,0.5324,0.5374,0.5274,0.5274,0.4463,3233594
2/11/2022,0.5374,0.5374,0.5324,0.5374,0.4547,5422819
1/11/2022,0.5324,0.5374,0.5225,0.5324,0.4505,5815224
31/10/2022,0.5374,0.5424,0.5274,0.5274,0.4463,6240789
28/10/2022,0.5424,0.5424,0.5175,0.5324,0.4505,26190012
27/10/2022,0.5075,0.5424,0.5075,0.5424,0.4589,17355032
26/10/2022,0.5075,0.5125,0.5025,0.5125,0.4337,5951686
25/10/2022,0.5075,0.5125,0.5025,0.5025,0.4253,10752788
21/10/2022,0.5225,0.5225,0.5025,0.5025,0.4253,19364686
20/10/2022,0.5274,0.5274,0.5175,0.5225,0.4421,5232294
19/10/2022,0.5274,0.5274,0.5225,0.5225,0.4421,3516266
18/10/2022,0.5274,0.5274,0.5225,0.5274,0.4463,822290
17/10/2022,0.5225,0.5274,0.5175,0.5225,0.4421,7232100
14/10/2022,0.5274,0.5324,0.5225,0.5225,0.4421,5162757
13/10/2022,0.5274,0.5324,0.5225,0.5225,0.4421,12795402
12/10/2022,0.5324,0.5374,0.5274,0.5324,0.4505,5469144
11/10/2022,0.5324,0.5374,0.5274,0.5324,0.4505,8447298
10/10/2022,0.5324,0.5374,0.5274,0.5324,0.4505,10691390
7/10/2022,0.5324,0.5374,0.5324,0.5324,0.4505,2609766
6/10/2022,0.5374,0.5374,0.5324,0.5374,0.4547,1291669
5/10/2022,0.5374,0.5374,0.5324,0.5374,0.4547,917955
4/10/2022,0.5324,0.5374,0.5274,0.5324,0.4505,6939983
3/10/2022,0.5274,0.5374,0.5274,0.5324,0.4505,13231418
30/9/2022,0.5274,0.5374,0.5274,0.5374,0.4547,13812739
29/9/2022,0.5374,0.5374,0.5274,0.5274,0.4463,15808928
28/9/2022,0.5374,0.5424,0.5324,0.5374,0.4547,24702895
27/9/2022,0.5573,0.5573,0.5374,0.5374,0.4547,18659463
26/9/2022,0.5623,0.5623,0.5523,0.5523,0.4674,10629791
23/9/2022,0.5623,0.5623,0.5573,0.5573,0.4716,11506546
22/9/2022,0.5623,0.5672,0.5623,0.5672,0.4800,1109183
21/9/2022,0.5623,0.5672,0.5623,0.5623,0.4758,2022013
20/9/2022,0.5672,0.5672,0.5623,0.5623,0.4758,981463
19/9/2022,0.5623,0.5672,0.5623,0.5623,0.4758,1820837
16/9/2022,0.5672,0.5672,0.5623,0.5623,0.4758,4324589
15/9/2022,0.5672,0.5672,0.5623,0.5623,0.4758,534896
14/9/2022,0.5623,0.5672,0.5573,0.5623,0.4758,2159480
13/9/2022,0.5672,0.5672,0.5623,0.5672,0.4800,2800994
12/9/2022,0.5672,0.5672,0.5573,0.5672,0.4800,2567360
9/9/2022,0.5672,0.5672,0.5623,0.5623,0.4758,1518871
8/9/2022,0.5623,0.5672,0.5623,0.5672,0.4800,666836
7/9/2022,0.5623,0.5672,0.5573,0.5672,0.4800,5959725
6/9/2022,0.5573,0.5623,0.5573,0.5623,0.4758,1310359
5/9/2022,0.5623,0.5623,0.5573,0.5573,0.4716,1154905
2/9/2022,0.5722,0.5722,0.5573,0.5623,0.4758,11856143
1/9/2022,0.5672,0.5722,0.5672,0.5672,0.4800,6507081
31/8/2022,0.5672,0.5722,0.5623,0.5672,0.4800,11336722
30/8/2022,0.5672,0.5672,0.5623,0.5672,0.4800,854246
29/8/2022,0.5623,0.5672,0.5573,0.5672,0.4800,5359612
26/8/2022,0.5623,0.5672,0.5573,0.5623,0.4758,3915202
25/8/2022,0.5573,0.5623,0.5573,0.5623,0.4758,825707
24/8/2022,0.5672,0.5672,0.5573,0.5573,0.4716,7851406
23/8/2022,0.5672,0.5672,0.5573,0.5672,0.4800,6755387
22/8/2022,0.5772,0.5822,0.5623,0.5623,0.4758,17386685
19/8/2022,0.5772,0.5772,0.5722,0.5772,0.4884,1114710
18/8/2022,0.5722,0.5772,0.5722,0.5772,0.4884,4922893
17/8/2022,0.5772,0.5772,0.5722,0.5722,0.4842,1853998
16/8/2022,0.5772,0.5822,0.5722,0.5772,0.4884,7870599
15/8/2022,0.5822,0.5822,0.5772,0.5822,0.4926,1998901
12/8/2022,0.5822,0.5871,0.5772,0.5822,0.4926,5668512
11/8/2022,0.5722,0.5871,0.5722,0.5822,0.4926,23722637
10/8/2022,0.5722,0.5722,0.5672,0.5722,0.4842,1809683
8/8/2022,0.5672,0.5722,0.5672,0.5672,0.4800,2523045
5/8/2022,0.5672,0.5722,0.5623,0.5672,0.4800,5723378
4/8/2022,0.5672,0.5722,0.5623,0.5672,0.4800,12077116
3/8/2022,0.019007 Dividend,,,,,
3/8/2022,0.5672,0.5672,0.5573,0.5623,0.4758,12260405
2/8/2022,0.5871,0.5871,0.5772,0.5822,0.4765,9761075
1/8/2022,0.5822,0.5921,0.5772,0.5871,0.4806,14439883
29/7/2022,0.5822,0.5822,0.5772,0.5822,0.4765,4201793
28/7/2022,0.5772,0.5822,0.5722,0.5772,0.4725,8397758
27/7/2022,0.5772,0.5772,0.5722,0.5772,0.4725,4002626
26/7/2022,0.5722,0.5822,0.5722,0.5772,0.4725,7981236
25/7/2022,0.5772,0.5871,0.5722,0.5772,0.4725,16694627
22/7/2022,0.5722,0.5772,0.5672,0.5772,0.4725,9132022
21/7/2022,0.5672,0.5722,0.5672,0.5672,0.4643,5330270
20/7/2022,0.5722,0.5722,0.5672,0.5672,0.4643,2522442
19/7/2022,0.5672,0.5722,0.5623,0.5672,0.4643,3821748
18/7/2022,0.5672,0.5722,0.5672,0.5722,0.4684,2924393
15/7/2022,0.5672,0.5722,0.5623,0.5672,0.4643,3783362
14/7/2022,0.5722,0.5722,0.5623,0.5722,0.4684,2715780
13/7/2022,0.5672,0.5722,0.5623,0.5722,0.4684,10524379
12/7/2022,0.5623,0.5672,0.5623,0.5623,0.4602,2684931
8/7/2022,0.5672,0.5722,0.5573,0.5623,0.4602,7310481
7/7/2022,0.5623,0.5672,0.5623,0.5672,0.4643,8335958
6/7/2022,0.5623,0.5672,0.5573,0.5672,0.4643,8849048
5/7/2022,0.5672,0.5672,0.5623,0.5623,0.4602,854949
4/7/2022,0.5672,0.5672,0.5623,0.5672,0.4643,494299
1/7/2022,0.5672,0.5672,0.5623,0.5672,0.4643,4639819
30/6/2022,0.5623,0.5672,0.5623,0.5672,0.4643,1309656
29/6/2022,0.5623,0.5672,0.5623,0.5672,0.4643,3166166
28/6/2022,0.5623,0.5672,0.5623,0.5672,0.4643,1383313
27/6/2022,0.5623,0.5672,0.5573,0.5623,0.4602,2486066
24/6/2022,0.5623,0.5672,0.5573,0.5623,0.4602,3351466
23/6/2022,0.5573,0.5623,0.5573,0.5623,0.4602,4388599
22/6/2022,0.5623,0.5623,0.5573,0.5623,0.4602,1221729
21/6/2022,0.5623,0.5623,0.5573,0.5623,0.4602,1183544
20/6/2022,0.5672,0.5722,0.5573,0.5623,0.4602,5717349
17/6/2022,0.5623,0.5672,0.5573,0.5672,0.4643,14309752
16/6/2022,0.5623,0.5672,0.5623,0.5672,0.4643,4285097
15/6/2022,0.5623,0.5672,0.5623,0.5672,0.4643,1652620
14/6/2022,0.5623,0.5672,0.5623,0.5672,0.4643,3634439
13/6/2022,0.5623,0.5672,0.5623,0.5672,0.4643,7253705
10/6/2022,0.5672,0.5672,0.5623,0.5623,0.4602,1506009
9/6/2022,0.5672,0.5722,0.5623,0.5672,0.4643,11420730
8/6/2022,0.5623,0.5672,0.5623,0.5672,0.4643,1558865
7/6/2022,0.5672,0.5672,0.5623,0.5623,0.4602,1002163
6/6/2022,0.5672,0.5672,0.5623,0.5672,0.4643,1451545
3/6/2022,0.5623,0.5672,0.5623,0.5672,0.4643,559917
2/6/2022,0.5623,0.5672,0.5623,0.5672,0.4643,587350
1/6/2022,0.5672,0.5672,0.5623,0.5672,0.4643,2253437
31/5/2022,0.5623,0.5672,0.5573,0.5623,0.4602,6318868
30/5/2022,0.5623,0.5672,0.5573,0.5623,0.4602,5819042
27/5/2022,0.5623,0.5623,0.5573,0.5623,0.4602,671157
26/5/2022,0.5573,0.5623,0.5573,0.5573,0.4562,2364174
25/5/2022,0.5573,0.5623,0.5573,0.5623,0.4602,2271926
24/5/2022,0.5573,0.5623,0.5523,0.5623,0.4602,4066134
23/5/2022,0.5573,0.5623,0.5523,0.5623,0.4602,5298717
20/5/2022,0.5523,0.5573,0.5523,0.5573,0.4562,3188676
19/5/2022,0.5523,0.5573,0.5473,0.5523,0.4521,5445228
18/5/2022,0.5573,0.5573,0.5523,0.5573,0.4562,1434462
17/5/2022,0.5523,0.5573,0.5523,0.5523,0.4521,5143262
13/5/2022,0.5523,0.5523,0.5473,0.5523,0.4521,3187972
12/5/2022,0.5523,0.5573,0.5473,0.5523,0.4521,13846302
11/5/2022,0.5523,0.5573,0.5523,0.5573,0.4562,1128577
10/5/2022,0.5523,0.5573,0.5473,0.5523,0.4521,7464026
9/5/2022,0.5523,0.5573,0.5523,0.5573,0.4562,2376936
6/5/2022,0.5523,0.5573,0.5473,0.5523,0.4521,2624035
5/5/2022,0.5573,0.5573,0.5523,0.5523,0.4521,4289619
4/5/2022,0.5523,0.5573,0.5523,0.5523,0.4521,2084617
29/4/2022,0.5523,0.5573,0.5523,0.5523,0.4521,1530729
28/4/2022,0.5523,0.5623,0.5523,0.5523,0.4521,4309114
27/4/2022,0.5523,0.5573,0.5523,0.5523,0.4521,2671264
26/4/2022,0.5523,0.5573,0.5473,0.5523,0.4521,8726654
25/4/2022,0.5523,0.5573,0.5473,0.5523,0.4521,7157940
22/4/2022,0.5523,0.5573,0.5523,0.5523,0.4521,1070797
21/4/2022,0.5573,0.5573,0.5523,0.5573,0.4562,1173194
20/4/2022,0.5573,0.5573,0.5523,0.5573,0.4562,2310815
19/4/2022,0.5672,0.5672,0.5523,0.5523,0.4521,16185355
18/4/2022,0.5672,0.5722,0.5623,0.5672,0.4643,6051973
14/4/2022,0.5672,0.5672,0.5623,0.5672,0.4643,2247508
13/4/2022,0.5672,0.5672,0.5623,0.5672,0.4643,2372313
12/4/2022,0.5672,0.5672,0.5623,0.5623,0.4602,1812396
11/4/2022,0.5672,0.5672,0.5623,0.5672,0.4643,2500134
8/4/2022,0.5623,0.5672,0.5623,0.5672,0.4643,3659159
7/4/2022,0.5623,0.5672,0.5573,0.5672,0.4643,4532297
6/4/2022,0.5573,0.5672,0.5573,0.5623,0.4602,8874070
5/4/2022,0.5573,0.5623,0.5573,0.5623,0.4602,1970262
4/4/2022,0.5573,0.5623,0.5573,0.5623,0.4602,2419040
1/4/2022,0.5573,0.5623,0.5523,0.5573,0.4562,4664237
31/3/2022,0.5523,0.5573,0.5523,0.5573,0.4562,6025042
30/3/2022,0.5573,0.5623,0.5523,0.5573,0.4562,4377646
29/3/2022,0.5573,0.5623,0.5573,0.5573,0.4562,3642076
28/3/2022,0.5623,0.5623,0.5573,0.5573,0.4562,9020882
25/3/2022,0.5573,0.5623,0.5573,0.5623,0.4602,5900136
24/3/2022,0.5523,0.5573,0.5523,0.5573,0.4562,10460469
23/3/2022,0.5473,0.5523,0.5473,0.5523,0.4521,3556863
22/3/2022,0.5473,0.5523,0.5473,0.5473,0.4480,1440893
21/3/2022,0.5473,0.5523,0.5424,0.5473,0.4480,11205787
18/3/2022,0.5473,0.5473,0.5424,0.5473,0.4480,4713275
17/3/2022,0.5424,0.5473,0.5424,0.5424,0.4440,2007041
16/3/2022,0.5424,0.5473,0.5374,0.5424,0.4440,8855479
15/3/2022,0.5374,0.5424,0.5374,0.5374,0.4399,2360556
14/3/2022,0.5374,0.5424,0.5324,0.5374,0.4399,5270480
11/3/2022,0.5424,0.5424,0.5374,0.5424,0.4440,717683
10/3/2022,0.5374,0.5424,0.5324,0.5424,0.4440,4529885
9/3/2022,0.5324,0.5424,0.5324,0.5374,0.4399,6431213
8/3/2022,0.5374,0.5424,0.5324,0.5324,0.4358,8454232
7/3/2022,0.5424,0.5424,0.5374,0.5424,0.4440,3040758
4/3/2022,0.5374,0.5424,0.5324,0.5424,0.4440,4160995
3/3/2022,0.5374,0.5424,0.5374,0.5374,0.4399,631866
2/3/2022,0.5324,0.5424,0.5324,0.5374,0.4399,6650879
1/3/2022,0.5374,0.5374,0.5324,0.5324,0.4358,4506271
28/2/2022,0.5374,0.5374,0.5324,0.5374,0.4399,5055536
25/2/2022,0.5374,0.5424,0.5324,0.5324,0.4358,7713336
24/2/2022,0.5374,0.5424,0.5324,0.5324,0.4358,22268881
23/2/2022,0.5374,0.5424,0.5374,0.5424,0.4440,1994178
22/2/2022,0.5424,0.5473,0.5374,0.5374,0.4399,2183899
21/2/2022,0.5424,0.5473,0.5424,0.5424,0.4440,6356752
18/2/2022,0.5424,0.5473,0.5424,0.5473,0.4480,633173
17/2/2022,0.5424,0.5473,0.5424,0.5424,0.4440,949910
16/2/2022,0.5424,0.5473,0.5374,0.5424,0.4440,7100361
15/2/2022,0.5374,0.5424,0.5374,0.5424,0.4440,5523910
14/2/2022,0.5424,0.5424,0.5374,0.5374,0.4399,3057137
11/2/2022,0.5424,0.5424,0.5374,0.5424,0.4440,2044523
10/2/2022,0.5374,0.5424,0.5374,0.5424,0.4440,2020606
9/2/2022,0.5374,0.5424,0.5374,0.5424,0.4440,4395634
8/2/2022,0.5424,0.5424,0.5324,0.5374,0.4399,6343287
7/2/2022,0.5424,0.5424,0.5324,0.5424,0.4440,12025867
4/2/2022,0.019107 Dividend,,,,,
4/2/2022,0.5473,0.5473,0.5374,0.5424,0.4440,15118778
3/2/2022,0.5573,0.5623,0.5523,0.5623,0.4446,8409816
31/1/2022,0.5573,0.5623,0.5523,0.5573,0.4407,5464421
28/1/2022,0.5523,0.5573,0.5473,0.5573,0.4407,5287965
27/1/2022,0.5473,0.5523,0.5473,0.5523,0.4367,3647402
26/1/2022,0.5473,0.5523,0.5473,0.5473,0.4328,2388894
25/1/2022,0.5473,0.5573,0.5473,0.5523,0.4367,3288560
24/1/2022,0.5523,0.5573,0.5473,0.5573,0.4407,3630118
21/1/2022,0.5573,0.5573,0.5523,0.5523,0.4367,3797832
20/1/2022,0.5523,0.5573,0.5523,0.5573,0.4407,1020352
19/1/2022,0.5473,0.5573,0.5473,0.5523,0.4367,6891547
18/1/2022,0.5523,0.5523,0.5473,0.5523,0.4367,1241425
17/1/2022,0.5473,0.5523,0.5424,0.5523,0.4367,16183747
14/1/2022,0.5473,0.5473,0.5424,0.5424,0.4289,508970
13/1/2022,0.5473,0.5473,0.5424,0.5424,0.4289,817869
12/1/2022,0.5473,0.5473,0.5424,0.5473,0.4328,818773
11/1/2022,0.5424,0.5473,0.5424,0.5473,0.4328,1146363
10/1/2022,0.5473,0.5473,0.5424,0.5473,0.4328,4493609
7/1/2022,0.5424,0.5473,0.5424,0.5424,0.4289,7048208
6/1/2022,0.5473,0.5473,0.5424,0.5473,0.4328,3263037
5/1/2022,0.5424,0.5473,0.5424,0.5473,0.4328,1246751
4/1/2022,0.5424,0.5473,0.5374,0.5473,0.4328,2309006
3/1/2022,0.5424,0.5424,0.5374,0.5424,0.4289,3524707
31/12/2021,0.5424,0.5424,0.5374,0.5424,0.4289,3787080
30/12/2021,0.5424,0.5424,0.5374,0.5424,0.4289,2218165
29/12/2021,0.5424,0.5424,0.5374,0.5424,0.4289,1521384
28/12/2021,0.5424,0.5424,0.5374,0.5374,0.4249,817769
27/12/2021,0.5424,0.5424,0.5374,0.5374,0.4249,456817
24/12/2021,0.5424,0.5424,0.5374,0.5424,0.4289,161986
23/12/2021,0.5424,0.5424,0.5374,0.5424,0.4289,638498
22/12/2021,0.5374,0.5424,0.5324,0.5374,0.4249,5967864
21/12/2021,0.5424,0.5424,0.5374,0.5424,0.4289,1278706
20/12/2021,0.5374,0.5424,0.5374,0.5424,0.4289,1666287
17/12/2021,0.5374,0.5424,0.5374,0.5374,0.4249,2218969
16/12/2021,0.5424,0.5424,0.5374,0.5374,0.4249,873238
15/12/2021,0.5424,0.5424,0.5374,0.5424,0.4289,380647
14/12/2021,0.5424,0.5424,0.5374,0.5424,0.4289,1265140
13/12/2021,0.5374,0.5424,0.5374,0.5424,0.4289,517913
10/12/2021,0.5374,0.5424,0.5374,0.5374,0.4249,709744
9/12/2021,0.5424,0.5424,0.5374,0.5374,0.4249,507563
8/12/2021,0.5424,0.5424,0.5374,0.5374,0.4249,2103509
7/12/2021,0.5374,0.5424,0.5324,0.5424,0.4289,2207313
6/12/2021,0.5374,0.5424,0.5324,0.5374,0.4249,1137922
3/12/2021,0.5424,0.5424,0.5324,0.5374,0.4249,2587659
2/12/2021,0.5374,0.5424,0.5324,0.5374,0.4249,4566563
1/12/2021,0.5324,0.5424,0.5324,0.5374,0.4249,4608266
30/11/2021,0.5374,0.5424,0.5324,0.5324,0.4210,11070932
29/11/2021,0.5374,0.5424,0.5374,0.5374,0.4249,1191181
26/11/2021,0.5374,0.5473,0.5374,0.5424,0.4289,1444912
25/11/2021,0.5374,0.5473,0.5374,0.5424,0.4289,2349603
24/11/2021,0.5374,0.5424,0.5374,0.5374,0.4249,1260517
23/11/2021,0.5424,0.5424,0.5374,0.5374,0.4249,442246
22/11/2021,0.5424,0.5473,0.5374,0.5374,0.4249,3415577
19/11/2021,0.5473,0.5473,0.5374,0.5424,0.4289,3280823
18/11/2021,0.5424,0.5473,0.5424,0.5473,0.4328,5293793
17/11/2021,0.5424,0.5473,0.5424,0.5424,0.4289,5669717
16/11/2021,0.5424,0.5473,0.5374,0.5374,0.4249,1872890
15/11/2021,0.5424,0.5473,0.5374,0.5424,0.4289,3348753
12/11/2021,0.5424,0.5473,0.5374,0.5424,0.4289,3961627
11/11/2021,0.5473,0.5473,0.5374,0.5424,0.4289,6154470
10/11/2021,0.5374,0.5473,0.5374,0.5473,0.4328,22380422
9/11/2021,0.5424,0.5424,0.5374,0.5424,0.4289,23077606
8/11/2021,0.5374,0.5424,0.5324,0.5424,0.4289,7698765
5/11/2021,0.5424,0.5424,0.5274,0.5374,0.4249,18362924
3/11/2021,0.5374,0.5473,0.5324,0.5424,0.4289,35771214
2/11/2021,0.5374,0.5374,0.5274,0.5374,0.4249,2152647
1/11/2021,0.5324,0.5324,0.5274,0.5324,0.4210,5706395
29/10/2021,0.5274,0.5324,0.5274,0.5274,0.4171,8861308
28/10/2021,0.5274,0.5324,0.5225,0.5274,0.4171,17604442
27/10/2021,0.5274,0.5324,0.5225,0.5225,0.4131,10161116
26/10/2021,0.5324,0.5324,0.5225,0.5225,0.4131,22123576
25/10/2021,0.5274,0.5324,0.5274,0.5324,0.4210,2203896
22/10/2021,0.5324,0.5374,0.5274,0.5274,0.4171,10979991
21/10/2021,0.5324,0.5374,0.5274,0.5274,0.4171,8118000
20/10/2021,0.5324,0.5374,0.5274,0.5324,0.4210,7537081
19/10/2021,0.5324,0.5374,0.5274,0.5324,0.4210,11565131
18/10/2021,0.5324,0.5374,0.5274,0.5324,0.4210,5610631
15/10/2021,0.5274,0.5374,0.5274,0.5324,0.4210,7803976
14/10/2021,0.5324,0.5324,0.5274,0.5274,0.4171,3709001
13/10/2021,0.5324,0.5324,0.5274,0.5324,0.4210,5431863
12/10/2021,0.5324,0.5324,0.5225,0.5324,0.4210,34075786
11/10/2021,0.5424,0.5424,0.5175,0.5274,0.4171,55359486
8/10/2021,0.5424,0.5473,0.5424,0.5424,0.4289,1196607
7/10/2021,0.5473,0.5473,0.5424,0.5424,0.4289,1302421
6/10/2021,0.5473,0.5473,0.5424,0.5424,0.4289,17501543
5/10/2021,0.5424,0.5473,0.5424,0.5473,0.4328,876051
4/10/2021,0.5473,0.5473,0.5424,0.5424,0.4289,1106269
1/10/2021,0.5424,0.5473,0.5424,0.5473,0.4328,1158120
30/9/2021,0.5473,0.5473,0.5424,0.5424,0.4289,3933792
29/9/2021,0.5424,0.5473,0.5424,0.5473,0.4328,1614435
28/9/2021,0.5473,0.5473,0.5424,0.5473,0.4328,2559924
27/9/2021,0.5424,0.5473,0.5424,0.5473,0.4328,16747986
24/9/2021,0.5424,0.5473,0.5424,0.5424,0.4289,3853603
23/9/2021,0.5424,0.5424,0.5374,0.5424,0.4289,1821842
22/9/2021,0.5424,0.5424,0.5374,0.5374,0.4249,457420
21/9/2021,0.5424,0.5473,0.5374,0.5374,0.4249,11099270
20/9/2021,0.5424,0.5473,0.5374,0.5424,0.4289,8055698
17/9/2021,0.5424,0.5424,0.5374,0.5424,0.4289,4143108
16/9/2021,0.5424,0.5424,0.5374,0.5374,0.4249,2538721
15/9/2021,0.5424,0.5424,0.5374,0.5424,0.4289,4055181
14/9/2021,0.5473,0.5473,0.5374,0.5374,0.4249,3576759
13/9/2021,0.5473,0.5473,0.5424,0.5473,0.4328,1892887
10/9/2021,0.5424,0.5473,0.5374,0.5424,0.4289,5986354
9/9/2021,0.5424,0.5473,0.5374,0.5424,0.4289,3537167
8/9/2021,0.5424,0.5424,0.5374,0.5374,0.4249,2826417
7/9/2021,0.5424,0.5473,0.5374,0.5424,0.4289,7630233
6/9/2021,0.5473,0.5473,0.5424,0.5473,0.4328,1196507
3/9/2021,0.5424,0.5473,0.5374,0.5473,0.4328,8587479
2/9/2021,0.5424,0.5473,0.5374,0.5473,0.4328,4946809
1/9/2021,0.5374,0.5424,0.5374,0.5374,0.4249,2115668
31/8/2021,0.5424,0.5473,0.5374,0.5374,0.4249,11656273
30/8/2021,0.5473,0.5473,0.5424,0.5424,0.4289,962069
27/8/2021,0.5424,0.5473,0.5424,0.5473,0.4328,1505908
26/8/2021,0.5424,0.5473,0.5424,0.5424,0.4289,7723887
25/8/2021,0.5424,0.5473,0.5374,0.5473,0.4328,10575427
24/8/2021,0.5374,0.5473,0.5374,0.5424,0.4289,5244453
23/8/2021,0.5424,0.5424,0.5374,0.5424,0.4289,1701357
20/8/2021,0.5424,0.5424,0.5374,0.5374,0.4249,2916354
19/8/2021,0.5424,0.5424,0.5374,0.5374,0.4249,2435118
18/8/2021,0.5374,0.5473,0.5374,0.5424,0.4289,9118958
17/8/2021,0.5424,0.5424,0.5374,0.5374,0.4249,2420648
16/8/2021,0.5374,0.5424,0.5374,0.5374,0.4249,2687845
13/8/2021,0.5374,0.5424,0.5374,0.5374,0.4249,3590225
12/8/2021,0.5424,0.5424,0.5374,0.5374,0.4249,3309060
11/8/2021,0.5424,0.5424,0.5374,0.5424,0.4289,1826565
10/8/2021,0.5424,0.5424,0.5374,0.5374,0.4249,4241887
6/8/2021,0.5424,0.5424,0.5374,0.5424,0.4289,2792051
5/8/2021,0.5424,0.5424,0.5374,0.5374,0.4249,3169985
4/8/2021,0.01851 Dividend,,,,,
4/8/2021,0.5374,0.5473,0.5374,0.5424,0.4289,13043506
3/8/2021,0.5523,0.5573,0.5473,0.5523,0.4221,11812732
2/8/2021,0.5473,0.5573,0.5473,0.5523,0.4221,14116815
30/7/2021,0.5523,0.5523,0.5473,0.5473,0.4183,15625538
29/7/2021,0.5523,0.5523,0.5424,0.5523,0.4221,10713095
28/7/2021,0.5473,0.5523,0.5424,0.5473,0.4183,5698356
27/7/2021,0.5473,0.5473,0.5424,0.5424,0.4145,6326103
26/7/2021,0.5473,0.5473,0.5424,0.5424,0.4145,3508528
23/7/2021,0.5473,0.5523,0.5424,0.5473,0.4183,6460355
22/7/2021,0.5523,0.5523,0.5424,0.5473,0.4183,11195738
21/7/2021,0.5473,0.5523,0.5473,0.5473,0.4183,5986957
19/7/2021,0.5473,0.5523,0.5424,0.5473,0.4183,11043499
16/7/2021,0.5523,0.5523,0.5473,0.5473,0.4183,7838343
15/7/2021,0.5523,0.5523,0.5473,0.5523,0.4221,4803614
14/7/2021,0.5523,0.5523,0.5473,0.5473,0.4183,4220685
13/7/2021,0.5473,0.5523,0.5424,0.5523,0.4221,4626956
12/7/2021,0.5523,0.5523,0.5424,0.5473,0.4183,10992451
9/7/2021,0.5523,0.5523,0.5473,0.5523,0.4221,741800
8/7/2021,0.5473,0.5523,0.5473,0.5473,0.4183,5354588
7/7/2021,0.5473,0.5523,0.5473,0.5523,0.4221,6415035
6/7/2021,0.5523,0.5523,0.5424,0.5523,0.4221,8949033
5/7/2021,0.5523,0.5523,0.5473,0.5523,0.4221,5521598
2/7/2021,0.5523,0.5523,0.5473,0.5523,0.4221,4420253
1/7/2021,0.5523,0.5523,0.5473,0.5523,0.4221,1737131
30/6/2021,0.5523,0.5523,0.5473,0.5523,0.4221,14457368
29/6/2021,0.5473,0.5523,0.5473,0.5523,0.4221,2201484
28/6/2021,0.5523,0.5523,0.5473,0.5473,0.4183,1287147
25/6/2021,0.5523,0.5573,0.5473,0.5523,0.4221,6330123
24/6/2021,0.5523,0.5523,0.5473,0.5523,0.4221,1611320
23/6/2021,0.5473,0.5523,0.5473,0.5523,0.4221,4132255
22/6/2021,0.5473,0.5523,0.5424,0.5473,0.4183,8501662
21/6/2021,0.5523,0.5523,0.5424,0.5473,0.4183,15655383
18/6/2021,0.5523,0.5523,0.5473,0.5523,0.4221,4264799
17/6/2021,0.5523,0.5573,0.5473,0.5523,0.4221,5467838
16/6/2021,0.5573,0.5623,0.5473,0.5473,0.4183,19008758
15/6/2021,0.5573,0.5623,0.5523,0.5573,0.4259,6025142
14/6/2021,0.5573,0.5573,0.5523,0.5573,0.4259,2151642
11/6/2021,0.5573,0.5573,0.5523,0.5573,0.4259,1622374
10/6/2021,0.5623,0.5623,0.5523,0.5573,0.4259,6656708
9/6/2021,0.5523,0.5623,0.5473,0.5573,0.4259,20205567
8/6/2021,0.5523,0.5573,0.5473,0.5573,0.4259,5501300
7/6/2021,0.5523,0.5573,0.5473,0.5523,0.4221,5093018
4/6/2021,0.5473,0.5523,0.5473,0.5523,0.4221,1574843
3/6/2021,0.5473,0.5523,0.5473,0.5523,0.4221,1003570
2/6/2021,0.5473,0.5523,0.5424,0.5523,0.4221,11283263
1/6/2021,0.5473,0.5473,0.5424,0.5473,0.4183,1786772
31/5/2021,0.5473,0.5473,0.5424,0.5473,0.4183,3221535
28/5/2021,0.5473,0.5473,0.5424,0.5424,0.4145,2394923
27/5/2021,0.5424,0.5473,0.5424,0.5473,0.4183,8382584
25/5/2021,0.5424,0.5473,0.5424,0.5424,0.4145,4150544
24/5/2021,0.5424,0.5473,0.5424,0.5424,0.4145,1897710
21/5/2021,0.5473,0.5473,0.5374,0.5424,0.4145,6020319
20/5/2021,0.5424,0.5473,0.5424,0.5473,0.4183,1139128
19/5/2021,0.5424,0.5473,0.5424,0.5424,0.4145,1483600
18/5/2021,0.5473,0.5473,0.5424,0.5473,0.4183,2038594
17/5/2021,0.5424,0.5473,0.5374,0.5424,0.4145,8007263
14/5/2021,0.5473,0.5473,0.5374,0.5424,0.4145,18934681
12/5/2021,0.5473,0.5473,0.5424,0.5473,0.4183,3575654
11/5/2021,0.5424,0.5473,0.5424,0.5473,0.4183,4959169
10/5/2021,0.5473,0.5473,0.5424,0.5473,0.4183,2236052
7/5/2021,0.5473,0.5473,0.5424,0.5473,0.4183,4618817
6/5/2021,0.5424,0.5473,0.5424,0.5424,0.4145,2618307
5/5/2021,0.5424,0.5473,0.5424,0.5424,0.4145,3745076
4/5/2021,0.5473,0.5473,0.5424,0.5424,0.4145,6394837
3/5/2021,0.5473,0.5473,0.5424,0.5473,0.4183,1202938
30/4/2021,0.5523,0.5523,0.5424,0.5473,0.4183,5333787
29/4/2021,0.5473,0.5573,0.5473,0.5523,0.4221,16131493
28/4/2021,0.5473,0.5473,0.5424,0.5473,0.4183,1416072
27/4/2021,0.5473,0.5473,0.5424,0.5473,0.4183,1364924
26/4/2021,0.5424,0.5473,0.5424,0.5473,0.4183,3900028
23/4/2021,0.5473,0.5473,0.5424,0.5473,0.4183,1082353
22/4/2021,0.5473,0.5473,0.5424,0.5473,0.4183,1381706
21/4/2021,0.5424,0.5473,0.5424,0.5473,0.4183,2317950
20/4/2021,0.5424,0.5473,0.5374,0.5473,0.4183,2550981
19/4/2021,0.5424,0.5473,0.5374,0.5374,0.4107,8438154
16/4/2021,0.5473,0.5473,0.5374,0.5473,0.4183,4503859
15/4/2021,0.5424,0.5473,0.5424,0.5473,0.4183,1668096
14/4/2021,0.5424,0.5473,0.5374,0.5424,0.4145,4467784
13/4/2021,0.5424,0.5424,0.5374,0.5424,0.4145,1254388
12/4/2021,0.5374,0.5424,0.5374,0.5374,0.4107,5503310
9/4/2021,0.5424,0.5473,0.5374,0.5424,0.4145,2073463
8/4/2021,0.5473,0.5473,0.5374,0.5424,0.4145,8842918
7/4/2021,0.5473,0.5473,0.5424,0.5424,0.4145,1669100
6/4/2021,0.5473,0.5473,0.5374,0.5424,0.4145,12926136
5/4/2021,0.5473,0.5473,0.5424,0.5473,0.4183,1382911
1/4/2021,0.5424,0.5473,0.5374,0.5473,0.4183,6209437
31/3/2021,0.5424,0.5473,0.5374,0.5473,0.4183,6452919
30/3/2021,0.5424,0.5424,0.5374,0.5424,0.4145,1814506
29/3/2021,0.5374,0.5424,0.5374,0.5374,0.4107,1908462
26/3/2021,0.5374,0.5424,0.5324,0.5424,0.4145,8365200
25/3/2021,0.5374,0.5374,0.5324,0.5374,0.4107,2642223
24/3/2021,0.5324,0.5374,0.5324,0.5374,0.4107,1476064
23/3/2021,0.5374,0.5374,0.5324,0.5324,0.4069,9053842
22/3/2021,0.5374,0.5424,0.5324,0.5374,0.4107,3556159
19/3/2021,0.5374,0.5374,0.5324,0.5374,0.4107,7915015
18/3/2021,0.5374,0.5424,0.5324,0.5374,0.4107,7492263
17/3/2021,0.5374,0.5374,0.5324,0.5374,0.4107,4393724
16/3/2021,0.5374,0.5424,0.5324,0.5374,0.4107,8796996
15/3/2021,0.5374,0.5424,0.5324,0.5374,0.4107,12509615
12/3/2021,0.5374,0.5424,0.5374,0.5374,0.4107,7801363
11/3/2021,0.5424,0.5473,0.5324,0.5374,0.4107,27715014
10/3/2021,0.5473,0.5473,0.5424,0.5473,0.4183,949910
9/3/2021,0.5424,0.5473,0.5374,0.5473,0.4183,5560688
8/3/2021,0.5424,0.5473,0.5424,0.5473,0.4183,8254764
5/3/2021,0.5424,0.5473,0.5424,0.5473,0.4183,4052167
4/3/2021,0.5424,0.5473,0.5424,0.5424,0.4145,3165564
3/3/2021,0.5424,0.5473,0.5424,0.5473,0.4183,1417781
2/3/2021,0.5473,0.5473,0.5424,0.5424,0.4145,4958063
1/3/2021,0.5424,0.5473,0.5424,0.5473,0.4183,1841839
26/2/2021,0.5424,0.5473,0.5424,0.5424,0.4145,6733179
25/2/2021,0.5473,0.5473,0.5424,0.5473,0.4183,4890234
24/2/2021,0.5473,0.5473,0.5374,0.5424,0.4145,11630247
23/2/2021,0.5424,0.5473,0.5374,0.5424,0.4145,7805684
22/2/2021,0.5424,0.5473,0.5424,0.5473,0.4183,2422859
19/2/2021,0.5424,0.5473,0.5424,0.5424,0.4145,6514317
18/2/2021,0.5424,0.5473,0.5374,0.5424,0.4145,6854769
17/2/2021,0.5473,0.5473,0.5374,0.5424,0.4145,14767172
16/2/2021,0.5424,0.5473,0.5424,0.5473,0.4183,1500784
15/2/2021,0.5424,0.5473,0.5374,0.5374,0.4107,6275658
11/2/2021,0.5374,0.5473,0.5374,0.5424,0.4145,12112487
10/2/2021,0.5324,0.5424,0.5324,0.5374,0.4107,6463068
9/2/2021,0.5324,0.5424,0.5324,0.5374,0.4107,7257222
8/2/2021,0.5374,0.5374,0.5324,0.5324,0.4069,1995987
5/2/2021,0.5324,0.5424,0.5324,0.5374,0.4107,3411859
4/2/2021,0.5374,0.5374,0.5324,0.5374,0.4107,3366539
3/2/2021,0.01851 Dividend,,,,,
3/2/2021,0.5374,0.5424,0.5324,0.5374,0.4107,9718066
2/2/2021,0.5523,0.5573,0.5473,0.5523,0.4080,11723901
1/2/2021,0.5523,0.5523,0.5473,0.5523,0.4080,3706288
29/1/2021,0.5473,0.5523,0.5424,0.5523,0.4080,17666644
28/1/2021,0.5424,0.5473,0.5374,0.5424,0.4006,17336241
27/1/2021,0.5424,0.5424,0.5374,0.5424,0.4006,2651770
26/1/2021,0.5424,0.5424,0.5374,0.5424,0.4006,2965191
25/1/2021,0.5374,0.5424,0.5324,0.5374,0.3969,4002325
22/1/2021,0.5424,0.5424,0.5374,0.5374,0.3969,4216565
21/1/2021,0.5424,0.5424,0.5374,0.5374,0.3969,2091350
20/1/2021,0.5424,0.5424,0.5374,0.5374,0.3969,4014584
19/1/2021,0.5374,0.5424,0.5374,0.5374,0.3969,2096877
18/1/2021,0.5424,0.5424,0.5324,0.5374,0.3969,9417708
15/1/2021,0.5324,0.5424,0.5324,0.5374,0.3969,18584097
14/1/2021,0.5374,0.5374,0.5324,0.5324,0.3932,3627907
13/1/2021,0.5374,0.5374,0.5324,0.5374,0.3969,6349718
12/1/2021,0.5374,0.5374,0.5324,0.5324,0.3932,3456877
11/1/2021,0.5374,0.5424,0.5324,0.5374,0.3969,15977948
8/1/2021,0.5424,0.5424,0.5374,0.5374,0.3969,2307398
7/1/2021,0.5424,0.5473,0.5374,0.5424,0.4006,4116981
6/1/2021,0.5424,0.5473,0.5374,0.5424,0.4006,4901690
5/1/2021,0.5424,0.5424,0.5374,0.5424,0.4006,4970725
4/1/2021,0.5374,0.5424,0.5374,0.5424,0.4006,5308565
31/12/2020,0.5424,0.5424,0.5374,0.5424,0.4006,1588007
30/12/2020,0.5424,0.5424,0.5324,0.5424,0.4006,11797157
29/12/2020,0.5473,0.5473,0.5374,0.5424,0.4006,9159756
28/12/2020,0.5424,0.5473,0.5374,0.5473,0.4043,28779380
24/12/2020,0.5473,0.5473,0.5424,0.5424,0.4006,759787
23/12/2020,0.5473,0.5473,0.5424,0.5473,0.4043,1568311
22/12/2020,0.5523,0.5573,0.5424,0.5473,0.4043,16439187
21/12/2020,0.5523,0.5573,0.5523,0.5523,0.4080,3148079
18/12/2020,0.5573,0.5573,0.5523,0.5573,0.4116,5388050
17/12/2020,0.5573,0.5573,0.5473,0.5523,0.4080,6929733
16/12/2020,0.5523,0.5573,0.5523,0.5523,0.4080,2287100
15/12/2020,0.5573,0.5573,0.5473,0.5573,0.4116,3123258
14/12/2020,0.5573,0.5573,0.5473,0.5573,0.4116,3727893
11/12/2020,0.5523,0.5573,0.5473,0.5523,0.4080,4468487
10/12/2020,0.5473,0.5523,0.5473,0.5473,0.4043,2306293
9/12/2020,0.5523,0.5523,0.5473,0.5523,0.4080,2131846
8/12/2020,0.5523,0.5523,0.5473,0.5473,0.4043,3111501
7/12/2020,0.5473,0.5523,0.5424,0.5473,0.4043,5565813
4/12/2020,0.5473,0.5523,0.5424,0.5473,0.4043,11498809
3/12/2020,0.5473,0.5523,0.5473,0.5473,0.4043,1797423
2/12/2020,0.5523,0.5523,0.5473,0.5523,0.4080,1909166
1/12/2020,0.5523,0.5573,0.5473,0.5473,0.4043,5006800
30/11/2020,0.5573,0.5573,0.5473,0.5473,0.4043,6261289
27/11/2020,0.5573,0.5573,0.5523,0.5523,0.4080,2702617
26/11/2020,0.5523,0.5623,0.5523,0.5573,0.4116,4713175
25/11/2020,0.5523,0.5672,0.5473,0.5573,0.4116,23080621
24/11/2020,0.5473,0.5523,0.5473,0.5473,0.4043,3707996
23/11/2020,0.5473,0.5473,0.5424,0.5424,0.4006,2371711
20/11/2020,0.5424,0.5473,0.5424,0.5424,0.4006,1221830
19/11/2020,0.5473,0.5473,0.5424,0.5424,0.4006,2394220
18/11/2020,0.5424,0.5473,0.5424,0.5424,0.4006,1033315
17/11/2020,0.5424,0.5473,0.5424,0.5473,0.4043,3101955
16/11/2020,0.5473,0.5473,0.5424,0.5424,0.4006,2929015
13/11/2020,0.5473,0.5523,0.5424,0.5424,0.4006,4742618
12/11/2020,0.5424,0.5473,0.5424,0.5424,0.4006,8080217
11/11/2020,0.5473,0.5473,0.5424,0.5473,0.4043,514396
10/11/2020,0.5473,0.5473,0.5424,0.5424,0.4006,5953997
9/11/2020,0.5473,0.5573,0.5424,0.5473,0.4043,9807902
6/11/2020,0.5523,0.5523,0.5424,0.5473,0.4043,9483126
5/11/2020,0.5523,0.5573,0.5424,0.5523,0.4080,26040386
4/11/2020,0.5473,0.5523,0.5424,0.5523,0.4080,11868001
3/11/2020,0.5473,0.5473,0.5424,0.5424,0.4006,7275511
2/11/2020,0.5473,0.5473,0.5424,0.5473,0.4043,3365534
30/10/2020,0.5424,0.5473,0.5424,0.5424,0.4006,7042380
29/10/2020,0.5473,0.5473,0.5424,0.5424,0.4006,3072914
28/10/2020,0.5473,0.5523,0.5424,0.5424,0.4006,6040115
27/10/2020,0.5523,0.5523,0.5424,0.5473,0.4043,4439748
26/10/2020,0.5523,0.5523,0.5473,0.5523,0.4080,3720155
23/10/2020,0.5473,0.5523,0.5473,0.5523,0.4080,2301771
22/10/2020,0.5473,0.5523,0.5424,0.5424,0.4006,17086931
21/10/2020,0.5523,0.5573,0.5473,0.5523,0.4080,5754629
20/10/2020,0.5523,0.5573,0.5473,0.5473,0.4043,7525324
19/10/2020,0.5523,0.5573,0.5473,0.5523,0.4080,8819203
16/10/2020,0.5473,0.5523,0.5473,0.5523,0.4080,1888063
15/10/2020,0.5523,0.5523,0.5473,0.5523,0.4080,2526160
14/10/2020,0.5523,0.5523,0.5473,0.5473,0.4043,1491036
13/10/2020,0.5523,0.5523,0.5473,0.5473,0.4043,725822
12/10/2020,0.5473,0.5523,0.5424,0.5473,0.4043,3271176
9/10/2020,0.5473,0.5523,0.5473,0.5473,0.4043,4052669
8/10/2020,0.5523,0.5523,0.5424,0.5473,0.4043,4658710
7/10/2020,0.5473,0.5523,0.5424,0.5473,0.4043,3967154
6/10/2020,0.5473,0.5523,0.5424,0.5473,0.4043,2091249
5/10/2020,0.5473,0.5523,0.5424,0.5424,0.4006,5762166
2/10/2020,0.5473,0.5523,0.5424,0.5473,0.4043,3520486
1/10/2020,0.5473,0.5523,0.5424,0.5473,0.4043,5063977
30/9/2020,0.5473,0.5523,0.5424,0.5424,0.4006,6609077
29/9/2020,0.5473,0.5523,0.5473,0.5473,0.4043,6105935
28/9/2020,0.5473,0.5473,0.5424,0.5424,0.4006,3078541
25/9/2020,0.5424,0.5473,0.5424,0.5424,0.4006,6616111
24/9/2020,0.5473,0.5473,0.5424,0.5424,0.4006,1051804
23/9/2020,0.5473,0.5473,0.5424,0.5473,0.4043,1515957
22/9/2020,0.5473,0.5473,0.5424,0.5424,0.4006,1474255
21/9/2020,0.5473,0.5473,0.5424,0.5424,0.4006,1302119
18/9/2020,0.5473,0.5523,0.5424,0.5424,0.4006,23007767
17/9/2020,0.5523,0.5573,0.5473,0.5523,0.4080,4526167
16/9/2020,0.5523,0.5523,0.5473,0.5523,0.4080,3155917
15/9/2020,0.5473,0.5523,0.5473,0.5523,0.4080,4819290
14/9/2020,0.5424,0.5523,0.5424,0.5473,0.4043,5007302
11/9/2020,0.5473,0.5473,0.5424,0.5424,0.4006,1420192
10/9/2020,0.5523,0.5523,0.5424,0.5424,0.4006,3847875
9/9/2020,0.5473,0.5523,0.5424,0.5424,0.4006,4856973
8/9/2020,0.5523,0.5523,0.5424,0.5473,0.4043,3125871
7/9/2020,0.5473,0.5523,0.5424,0.5473,0.4043,3524908
4/9/2020,0.5424,0.5523,0.5424,0.5473,0.4043,18367647
3/9/2020,0.5424,0.5473,0.5424,0.5473,0.4043,1312369
2/9/2020,0.5424,0.5473,0.5374,0.5473,0.4043,4665041
1/9/2020,0.5424,0.5473,0.5424,0.5424,0.4006,1346836
31/8/2020,0.5424,0.5473,0.5424,0.5424,0.4006,1957902
28/8/2020,0.5424,0.5473,0.5424,0.5473,0.4043,2305389
27/8/2020,0.5424,0.5424,0.5374,0.5424,0.4006,2484558
26/8/2020,0.5424,0.5473,0.5374,0.5424,0.4006,3698952
25/8/2020,0.5424,0.5473,0.5374,0.5424,0.4006,2705229
24/8/2020,0.5424,0.5473,0.5374,0.5424,0.4006,4221589
21/8/2020,0.5424,0.5424,0.5374,0.5424,0.4006,3010511
20/8/2020,0.5424,0.5424,0.5374,0.5374,0.3969,1753812
19/8/2020,0.5424,0.5424,0.5374,0.5424,0.4006,5316101
18/8/2020,0.5424,0.5424,0.5324,0.5424,0.4006,3423013
17/8/2020,0.5374,0.5424,0.5324,0.5374,0.3969,1965439
14/8/2020,0.5374,0.5424,0.5324,0.5374,0.3969,5478992
13/8/2020,0.5324,0.5374,0.5324,0.5374,0.3969,1979507
12/8/2020,0.5324,0.5374,0.5274,0.5374,0.3969,2025329
11/8/2020,0.5324,0.5424,0.5274,0.5374,0.3969,13060790
7/8/2020,0.5374,0.5374,0.5274,0.5374,0.3969,1855606
6/8/2020,0.5374,0.5374,0.5274,0.5324,0.3932,12577846
5/8/2020,0.5424,0.5424,0.5374,0.5374,0.3969,3424018
4/8/2020,0.5374,0.5424,0.5324,0.5424,0.4006,3844157
3/8/2020,0.5424,0.5424,0.5324,0.5424,0.4006,6885317
30/7/2020,0.5374,0.5424,0.5324,0.5424,0.4006,7801665
29/7/2020,0.009255 Dividend,,,,,
29/7/2020,0.5424,0.5473,0.5374,0.5374,0.3969,10022544
28/7/2020,0.5473,0.5523,0.5424,0.5473,0.3974,15500531
27/7/2020,0.5424,0.5473,0.5424,0.5473,0.3974,6069558
24/7/2020,0.5424,0.5473,0.5374,0.5424,0.3938,7514069
23/7/2020,0.5374,0.5424,0.5374,0.5424,0.3938,11570456
22/7/2020,0.5374,0.5424,0.5324,0.5324,0.3866,9959739
21/7/2020,0.5324,0.5374,0.5324,0.5374,0.3902,2033067
20/7/2020,0.5374,0.5374,0.5274,0.5374,0.3902,7356203
17/7/2020,0.5324,0.5374,0.5274,0.5374,0.3902,8109258
16/7/2020,0.5274,0.5374,0.5274,0.5274,0.3830,11279243
15/7/2020,0.5324,0.5374,0.5225,0.5274,0.3830,19800702
14/7/2020,0.5374,0.5374,0.5274,0.5324,0.3866,6743363
13/7/2020,0.5374,0.5374,0.5324,0.5324,0.3866,7819953
9/7/2020,0.5374,0.5424,0.5324,0.5324,0.3866,9514980
8/7/2020,0.5324,0.5374,0.5274,0.5374,0.3902,4389504
7/7/2020,0.5324,0.5374,0.5274,0.5324,0.3866,8874371
6/7/2020,0.5324,0.5324,0.5274,0.5274,0.3830,6507081
3/7/2020,0.5374,0.5374,0.5274,0.5324,0.3866,8057004
2/7/2020,0.5324,0.5424,0.5324,0.5324,0.3866,4447485
1/7/2020,0.5374,0.5424,0.5324,0.5324,0.3866,3235302
30/6/2020,0.5324,0.5374,0.5324,0.5374,0.3902,8531105
29/6/2020,0.5324,0.5374,0.5274,0.5374,0.3902,10143028
26/6/2020,0.5274,0.5374,0.5274,0.5324,0.3866,3583592
25/6/2020,0.5374,0.5374,0.5274,0.5274,0.3830,5002479
24/6/2020,0.5324,0.5374,0.5274,0.5374,0.3902,3764269
23/6/2020,0.5374,0.5374,0.5274,0.5374,0.3902,1741552
22/6/2020,0.5324,0.5374,0.5274,0.5324,0.3866,13036170
19/6/2020,0.5324,0.5324,0.5274,0.5324,0.3866,6916770
18/6/2020,0.5274,0.5374,0.5274,0.5324,0.3866,9612654
17/6/2020,0.5324,0.5374,0.5274,0.5274,0.3830,11826901
16/6/2020,0.5274,0.5324,0.5274,0.5274,0.3830,4345792
15/6/2020,0.5225,0.5324,0.5225,0.5274,0.3830,6136784
12/6/2020,0.5274,0.5274,0.5175,0.5225,0.3794,18922439
11/6/2020,0.5374,0.5374,0.5324,0.5374,0.3902,11648736
10/6/2020,0.5374,0.5424,0.5374,0.5424,0.3938,6544262
9/6/2020,0.5324,0.5473,0.5324,0.5374,0.3902,23426299
8/6/2020,0.5324,0.5374,0.5274,0.5374,0.3902,9107201
5/6/2020,0.5324,0.5324,0.5274,0.5274,0.3830,3607207
4/6/2020,0.5324,0.5374,0.5274,0.5324,0.3866,4608768
3/6/2020,0.5324,0.5374,0.5274,0.5324,0.3866,9957830
2/6/2020,0.5324,0.5324,0.5274,0.5324,0.3866,6132262
1/6/2020,0.5274,0.5324,0.5175,0.5324,0.3866,12165344
29/5/2020,0.5075,0.5324,0.5075,0.5324,0.3866,23365118
28/5/2020,0.5075,0.5125,0.5075,0.5125,0.3721,5606410
27/5/2020,0.5125,0.5125,0.5075,0.5075,0.3685,5421211
26/5/2020,0.5075,0.5125,0.5075,0.5075,0.3685,2512594
22/5/2020,0.5075,0.5075,0.4976,0.5075,0.3685,7872509
21/5/2020,0.5125,0.5125,0.5075,0.5075,0.3685,2035579
20/5/2020,0.5075,0.5125,0.5025,0.5125,0.3721,5341223
19/5/2020,0.5075,0.5125,0.5025,0.5075,0.3685,8451117
18/5/2020,0.5025,0.5075,0.5025,0.5075,0.3685,5744581
15/5/2020,0.5025,0.5075,0.4926,0.4976,0.3613,9272202
14/5/2020,0.4976,0.5075,0.4926,0.5025,0.3649,18344233
13/5/2020,0.4976,0.5025,0.4926,0.4976,0.3613,8792876
12/5/2020,0.4976,0.5025,0.4926,0.4926,0.3577,7323343
11/5/2020,0.4926,0.5025,0.4926,0.4976,0.3613,16993276
8/5/2020,0.4876,0.4926,0.4876,0.4876,0.3541,4688555
6/5/2020,0.4876,0.4926,0.4826,0.4876,0.3541,4297055
5/5/2020,0.4876,0.4876,0.4826,0.4876,0.3541,3937912
4/5/2020,0.4876,0.4876,0.4777,0.4826,0.3505,26256741
30/4/2020,0.4876,0.4976,0.4826,0.4926,0.3577,19792060
29/4/2020,0.4777,0.4876,0.4777,0.4826,0.3505,4838684
28/4/2020,0.4826,0.4826,0.4677,0.4777,0.3469,18173102
27/4/2020,0.009255 Dividend,,,,,
27/4/2020,0.4826,0.4826,0.4777,0.4826,0.3505,4381867
24/4/2020,0.4876,0.4876,0.4777,0.4826,0.3437,6306508
23/4/2020,0.4826,0.4876,0.4777,0.4876,0.3473,11190814
22/4/2020,0.4777,0.4876,0.4727,0.4826,0.3437,12753800
21/4/2020,0.4727,0.4826,0.4677,0.4777,0.3402,12206142
20/4/2020,0.4677,0.4777,0.4627,0.4727,0.3367,6864416
17/4/2020,0.4677,0.4727,0.4627,0.4677,0.3331,7441115
16/4/2020,0.4578,0.4677,0.4578,0.4627,0.3296,5998111
15/4/2020,0.4727,0.4777,0.4578,0.4627,0.3296,15505756
14/4/2020,0.4627,0.4727,0.4627,0.4677,0.3331,8800412
13/4/2020,0.4578,0.4627,0.4528,0.4578,0.3260,8561050
9/4/2020,0.4478,0.4727,0.4428,0.4578,0.3260,22564114
8/4/2020,0.4379,0.4428,0.4229,0.4379,0.3119,10064849
7/4/2020,0.4180,0.4478,0.4130,0.4478,0.3189,16600269
6/4/2020,0.4030,0.4180,0.3981,0.4130,0.2941,6040818
3/4/2020,0.4130,0.4229,0.3931,0.3981,0.2835,19705138
2/4/2020,0.4030,0.4130,0.3931,0.4130,0.2941,13227097
1/4/2020,0.4180,0.4180,0.4030,0.4030,0.2870,11601809
31/3/2020,0.4180,0.4279,0.4130,0.4229,0.3012,6768952
30/3/2020,0.4080,0.4180,0.4030,0.4130,0.2941,7654752
27/3/2020,0.4180,0.4279,0.4130,0.4229,0.3012,16198519
26/3/2020,0.4229,0.4229,0.4030,0.4080,0.2906,10183324
25/3/2020,0.4180,0.4229,0.4030,0.4229,0.3012,18035635
24/3/2020,0.3831,0.4030,0.3831,0.3981,0.2835,13702102
23/3/2020,0.3682,0.3831,0.3583,0.3782,0.2693,12430732
20/3/2020,0.3533,0.4080,0.3533,0.3981,0.2835,29984026
19/3/2020,0.3931,0.3981,0.3483,0.3583,0.2552,39985971
18/3/2020,0.4229,0.4229,0.4229,0.4229,0.3012,0
17/3/2020,0.4229,0.4279,0.4130,0.4229,0.3012,24570150
16/3/2020,0.4428,0.4528,0.4229,0.4329,0.3083,25496948
13/3/2020,0.4578,0.4578,0.4279,0.4478,0.3189,35901091
12/3/2020,0.5025,0.5025,0.4627,0.4677,0.3331,46911785
11/3/2020,0.5075,0.5075,0.4976,0.5075,0.3615,9115944
10/3/2020,0.4976,0.5075,0.4926,0.5025,0.3579,11439621
9/3/2020,0.5175,0.5175,0.4976,0.5025,0.3579,22944058
6/3/2020,0.5324,0.5324,0.5225,0.5274,0.3756,6413829
5/3/2020,0.5225,0.5374,0.5225,0.5324,0.3792,6199790
4/3/2020,0.5225,0.5274,0.5125,0.5274,0.3756,7424836
3/3/2020,0.5225,0.5274,0.5175,0.5274,0.3756,7832816
2/3/2020,0.5125,0.5225,0.5125,0.5225,0.3721,5675144
28/2/2020,0.5274,0.5274,0.5075,0.5175,0.3686,25613414
27/2/2020,0.5324,0.5324,0.5274,0.5324,0.3792,6071769
26/2/2020,0.5274,0.5324,0.5225,0.5324,0.3792,5735637
25/2/2020,0.5274,0.5324,0.5274,0.5274,0.3756,7547531
24/2/2020,0.5374,0.5424,0.5274,0.5324,0.3792,17090548
21/2/2020,0.5424,0.5424,0.5374,0.5424,0.3863,10714502
20/2/2020,0.5424,0.5473,0.5424,0.5424,0.3863,6909434
19/2/2020,0.5424,0.5424,0.5374,0.5374,0.3827,7070114
18/2/2020,0.5424,0.5424,0.5324,0.5374,0.3827,8829956
17/2/2020,0.5374,0.5424,0.5374,0.5424,0.3863,3614543
14/2/2020,0.5374,0.5424,0.5324,0.5374,0.3827,9567837
13/2/2020,0.5424,0.5424,0.5324,0.5374,0.3827,3936606
12/2/2020,0.5324,0.5424,0.5324,0.5374,0.3827,7679472
11/2/2020,0.5225,0.5324,0.5225,0.5274,0.3756,13718884
10/2/2020,0.5225,0.5274,0.5175,0.5225,0.3721,5435581
7/2/2020,0.5274,0.5324,0.5225,0.5225,0.3721,5819545
6/2/2020,0.5324,0.5324,0.5274,0.5274,0.3756,5867578
5/2/2020,0.5274,0.5324,0.5225,0.5324,0.3792,3988759
4/2/2020,0.5225,0.5274,0.5175,0.5274,0.3756,4911337
3/2/2020,0.5225,0.5225,0.5175,0.5225,0.3721,6610383
31/1/2020,0.5324,0.5324,0.5225,0.5225,0.3721,9825990
30/1/2020,0.5374,0.5424,0.5274,0.5324,0.3792,11675466
29/1/2020,0.5274,0.5374,0.5274,0.5374,0.3827,10957381
28/1/2020,0.009255 Dividend,,,,,
28/1/2020,0.5424,0.5424,0.5175,0.5274,0.3756,26506147
24/1/2020,0.5473,0.5523,0.5473,0.5473,0.3832,4141802
23/1/2020,0.5523,0.5523,0.5473,0.5523,0.3867,5346951
22/1/2020,0.5473,0.5523,0.5424,0.5523,0.3867,12971155
21/1/2020,0.5424,0.5473,0.5424,0.5473,0.3832,2469988
20/1/2020,0.5473,0.5473,0.5424,0.5473,0.3832,2639611
17/1/2020,0.5424,0.5473,0.5424,0.5473,0.3832,3457480
16/1/2020,0.5473,0.5473,0.5374,0.5424,0.3797,7662188
15/1/2020,0.5473,0.5473,0.5424,0.5473,0.3832,3180637
14/1/2020,0.5424,0.5473,0.5374,0.5473,0.3832,3913695
13/1/2020,0.5424,0.5473,0.5424,0.5424,0.3797,4260377
10/1/2020,0.5473,0.5473,0.5374,0.5374,0.3763,6456536
9/1/2020,0.5424,0.5473,0.5424,0.5473,0.3832,4679511
8/1/2020,0.5424,0.5473,0.5374,0.5424,0.3797,5015643
7/1/2020,0.5473,0.5473,0.5374,0.5473,0.3832,5760357
6/1/2020,0.5424,0.5473,0.5374,0.5424,0.3797,4893048
3/1/2020,0.5424,0.5424,0.5374,0.5374,0.3763,601619
2/1/2020,0.5424,0.5424,0.5374,0.5374,0.3763,1957098
31/12/2019,0.5424,0.5424,0.5374,0.5374,0.3763,1314680
30/12/2019,0.5424,0.5424,0.5374,0.5424,0.3797,1558966
27/12/2019,0.5424,0.5424,0.5374,0.5424,0.3797,628450
26/12/2019,0.5374,0.5424,0.5374,0.5374,0.3763,754361
25/12/2019,0.5374,0.5374,0.5374,0.5374,0.3763,0
24/12/2019,0.5374,0.5424,0.5374,0.5374,0.3763,174748
23/12/2019,0.5374,0.5424,0.5374,0.5374,0.3763,1069189
20/12/2019,0.5424,0.5473,0.5374,0.5374,0.3763,2625543
19/12/2019,0.5424,0.5424,0.5374,0.5424,0.3797,5012427
18/12/2019,0.5324,0.5374,0.5324,0.5374,0.3763,4007550
17/12/2019,0.5424,0.5424,0.5324,0.5324,0.3728,7277119
16/12/2019,0.5374,0.5424,0.5324,0.5424,0.3797,5925459
13/12/2019,0.5424,0.5473,0.5374,0.5424,0.3797,11431281
12/12/2019,0.5424,0.5473,0.5374,0.5374,0.3763,9688824
11/12/2019,0.5274,0.5424,0.5274,0.5424,0.3797,13264378
10/12/2019,0.5225,0.5324,0.5225,0.5274,0.3693,6268222
9/12/2019,0.5274,0.5274,0.5225,0.5274,0.3693,4588671
6/12/2019,0.5274,0.5274,0.5225,0.5274,0.3693,2964588
5/12/2019,0.5274,0.5274,0.5225,0.5274,0.3693,1102149
4/12/2019,0.5225,0.5274,0.5225,0.5274,0.3693,4966605
3/12/2019,0.5225,0.5274,0.5225,0.5225,0.3658,7112922
2/12/2019,0.5274,0.5324,0.5225,0.5225,0.3658,3540785
29/11/2019,0.5274,0.5274,0.5225,0.5274,0.3693,3393872
28/11/2019,0.5324,0.5324,0.5225,0.5274,0.3693,3933390
27/11/2019,0.5324,0.5324,0.5274,0.5324,0.3728,1883039
26/11/2019,0.5225,0.5324,0.5225,0.5324,0.3728,8296868
25/11/2019,0.5274,0.5274,0.5225,0.5225,0.3658,1639356
22/11/2019,0.5225,0.5274,0.5225,0.5274,0.3693,3967556
21/11/2019,0.5175,0.5225,0.5175,0.5175,0.3623,1550525
20/11/2019,0.5175,0.5274,0.5175,0.5225,0.3658,4432814
19/11/2019,0.5274,0.5274,0.5225,0.5274,0.3693,2584443
18/11/2019,0.5274,0.5274,0.5175,0.5274,0.3693,10388821
15/11/2019,0.5274,0.5274,0.5225,0.5274,0.3693,1035224
14/11/2019,0.5175,0.5274,0.5175,0.5274,0.3693,13686326
13/11/2019,0.5175,0.5225,0.5125,0.5175,0.3623,2381860
12/11/2019,0.5175,0.5225,0.5125,0.5175,0.3623,10741131
11/11/2019,0.5274,0.5274,0.5125,0.5125,0.3588,14588605
8/11/2019,0.5274,0.5324,0.5225,0.5274,0.3693,5483413
7/11/2019,0.5324,0.5324,0.5225,0.5324,0.3728,3700460
6/11/2019,0.5324,0.5324,0.5274,0.5324,0.3728,4407793
5/11/2019,0.5274,0.5324,0.5274,0.5274,0.3693,4400156
4/11/2019,0.5324,0.5324,0.5274,0.5274,0.3693,2438133
1/11/2019,0.5324,0.5324,0.5274,0.5324,0.3728,1771196
31/10/2019,0.5324,0.5324,0.5274,0.5324,0.3728,4004133
30/10/2019,0.5274,0.5324,0.5225,0.5324,0.3728,4239777
29/10/2019,0.5324,0.5374,0.5274,0.5274,0.3693,15970010
25/10/2019,0.5324,0.5374,0.5324,0.5374,0.3763,1688696
24/10/2019,0.5374,0.5374,0.5324,0.5374,0.3763,2193445
23/10/2019,0.5424,0.5424,0.5324,0.5374,0.3763,7598579
22/10/2019,0.5374,0.5424,0.5324,0.5374,0.3763,5399204
21/10/2019,0.009255 Dividend,,,,,
21/10/2019,0.5424,0.5424,0.5324,0.5424,0.3797,6569183
18/10/2019,0.5424,0.5473,0.5424,0.5473,0.3767,4352725
17/10/2019,0.5473,0.5473,0.5424,0.5473,0.3767,1909869
16/10/2019,0.5473,0.5473,0.5374,0.5424,0.3733,8642144
15/10/2019,0.5424,0.5473,0.5374,0.5473,0.3767,8752781
14/10/2019,0.5424,0.5424,0.5324,0.5424,0.3733,10261805
11/10/2019,0.5424,0.5424,0.5374,0.5374,0.3699,3253792
10/10/2019,0.5374,0.5424,0.5324,0.5424,0.3733,5396994
9/10/2019,0.5324,0.5374,0.5274,0.5374,0.3699,4039606
8/10/2019,0.5324,0.5324,0.5274,0.5274,0.3630,847513
7/10/2019,0.5274,0.5324,0.5274,0.5324,0.3665,1727283
4/10/2019,0.5324,0.5324,0.5274,0.5324,0.3665,1504703
3/10/2019,0.5274,0.5324,0.5274,0.5274,0.3630,1659152
2/10/2019,0.5274,0.5324,0.5274,0.5324,0.3665,823798
1/10/2019,0.5274,0.5324,0.5225,0.5324,0.3665,9324958
30/9/2019,0.5225,0.5274,0.5175,0.5274,0.3630,4842502
27/9/2019,0.5225,0.5225,0.5175,0.5225,0.3596,3161946
26/9/2019,0.5225,0.5225,0.5175,0.5225,0.3596,3227263
25/9/2019,0.5175,0.5225,0.5175,0.5225,0.3596,1311867
24/9/2019,0.5225,0.5225,0.5175,0.5175,0.3562,3036638
23/9/2019,0.5175,0.5225,0.5175,0.5225,0.3596,2090244
20/9/2019,0.5225,0.5225,0.5175,0.5225,0.3596,2739998
19/9/2019,0.5175,0.5225,0.5175,0.5225,0.3596,3078340
18/9/2019,0.5175,0.5225,0.5125,0.5225,0.3596,17491796
17/9/2019,0.5125,0.5175,0.5125,0.5175,0.3562,862385
16/9/2019,0.5175,0.5175,0.5125,0.5175,0.3562,807820
13/9/2019,0.5125,0.5175,0.5075,0.5175,0.3562,3859331
12/9/2019,0.5175,0.5175,0.5125,0.5175,0.3562,1123352
11/9/2019,0.5175,0.5175,0.5075,0.5175,0.3562,12129068
10/9/2019,0.5175,0.5175,0.5125,0.5125,0.3528,1408837
9/9/2019,0.5175,0.5175,0.5125,0.5175,0.3562,1334275
6/9/2019,0.5125,0.5175,0.5125,0.5175,0.3562,2117577
5/9/2019,0.5125,0.5175,0.5075,0.5125,0.3528,5989268
4/9/2019,0.5125,0.5125,0.5075,0.5125,0.3528,12838109
3/9/2019,0.5125,0.5125,0.5075,0.5125,0.3528,3436378
2/9/2019,0.5125,0.5125,0.5075,0.5125,0.3528,608352
30/8/2019,0.5125,0.5125,0.5075,0.5125,0.3528,1368140
29/8/2019,0.5075,0.5125,0.5025,0.5075,0.3493,8108052
28/8/2019,0.5075,0.5075,0.5025,0.5075,0.3493,4998761
27/8/2019,0.5075,0.5125,0.5075,0.5125,0.3528,1802146
26/8/2019,0.5125,0.5125,0.5075,0.5075,0.3493,6475830
23/8/2019,0.5125,0.5175,0.5075,0.5125,0.3528,12614725
22/8/2019,0.5075,0.5125,0.5025,0.5125,0.3528,14196401
21/8/2019,0.5075,0.5075,0.5025,0.5075,0.3493,9617478
20/8/2019,0.5075,0.5075,0.5025,0.5075,0.3493,6726547
19/8/2019,0.5025,0.5075,0.4976,0.5075,0.3493,4760806
16/8/2019,0.4976,0.5025,0.4976,0.5025,0.3459,4781506
15/8/2019,0.4976,0.5025,0.4926,0.4976,0.3425,9652749
14/8/2019,0.4976,0.5025,0.4976,0.5025,0.3459,12420884
13/8/2019,0.5025,0.5025,0.4926,0.4976,0.3425,8428507
8/8/2019,0.5025,0.5025,0.4926,0.5025,0.3459,14992767
7/8/2019,0.5025,0.5075,0.4976,0.5025,0.3459,6909434
6/8/2019,0.5025,0.5025,0.4976,0.5025,0.3459,7124579
5/8/2019,0.5025,0.5075,0.4976,0.5025,0.3459,9146090
2/8/2019,0.5025,0.5025,0.4976,0.5025,0.3459,3337498
1/8/2019,0.5025,0.5075,0.4976,0.5025,0.3459,11970297
31/7/2019,0.5075,0.5075,0.5025,0.5075,0.3493,3426631
30/7/2019,0.5075,0.5075,0.5025,0.5025,0.3459,4377747
29/7/2019,0.5025,0.5125,0.5025,0.5025,0.3459,8313248
26/7/2019,0.5025,0.5075,0.5025,0.5025,0.3459,4540235
25/7/2019,0.4976,0.5075,0.4976,0.5075,0.3493,36348315
24/7/2019,0.5025,0.5025,0.4976,0.5025,0.3459,2337042
23/7/2019,0.5025,0.5025,0.4976,0.5025,0.3459,3999511
22/7/2019,0.009255 Dividend,,,,,
22/7/2019,0.4976,0.5025,0.4976,0.4976,0.3425,6664646
19/7/2019,0.5075,0.5075,0.5025,0.5025,0.3396,5135525
18/7/2019,0.5025,0.5075,0.4976,0.5075,0.3429,7093930
17/7/2019,0.4976,0.5075,0.4976,0.5025,0.3396,10133985
16/7/2019,0.5025,0.5075,0.4976,0.4976,0.3362,16204950
15/7/2019,0.4976,0.5075,0.4976,0.5025,0.3396,7337813
12/7/2019,0.5025,0.5025,0.4926,0.5025,0.3396,9015255
11/7/2019,0.4976,0.5025,0.4976,0.5025,0.3396,3138130
10/7/2019,0.4926,0.5025,0.4926,0.5025,0.3396,7052931
9/7/2019,0.5025,0.5025,0.4926,0.4926,0.3328,14173088
8/7/2019,0.4976,0.5025,0.4976,0.5025,0.3396,3499786
5/7/2019,0.5025,0.5075,0.4976,0.4976,0.3362,9687015
4/7/2019,0.5075,0.5075,0.5025,0.5075,0.3429,4063220
3/7/2019,0.5075,0.5075,0.5025,0.5075,0.3429,2794764
2/7/2019,0.5025,0.5075,0.5025,0.5025,0.3396,9613358
1/7/2019,0.5025,0.5025,0.4976,0.4976,0.3362,1807472
28/6/2019,0.4976,0.5025,0.4976,0.5025,0.3396,5369460
27/6/2019,0.4976,0.5025,0.4926,0.5025,0.3396,10091780
26/6/2019,0.4926,0.4976,0.4876,0.4976,0.3362,5729508
25/6/2019,0.4926,0.4926,0.4876,0.4926,0.3328,2278458
24/6/2019,0.4926,0.4976,0.4876,0.4926,0.3328,5949174
21/6/2019,0.4926,0.4926,0.4876,0.4926,0.3328,44152392
20/6/2019,0.4926,0.4926,0.4876,0.4926,0.3328,3784869
19/6/2019,0.4926,0.4926,0.4876,0.4926,0.3328,2946199
18/6/2019,0.4926,0.4976,0.4876,0.4926,0.3328,18263240
17/6/2019,0.4876,0.4926,0.4876,0.4876,0.3295,7629730
14/6/2019,0.4826,0.4876,0.4826,0.4876,0.3295,3776830
13/6/2019,0.4826,0.4876,0.4777,0.4826,0.3261,8580043
12/6/2019,0.4826,0.4876,0.4777,0.4826,0.3261,9243563
11/6/2019,0.4777,0.4826,0.4727,0.4826,0.3261,20705091
10/6/2019,0.4727,0.4777,0.4677,0.4777,0.3227,9675258
7/6/2019,0.4727,0.4727,0.4677,0.4727,0.3194,6146331
6/6/2019,0.4727,0.4727,0.4677,0.4727,0.3194,4193452
4/6/2019,0.4627,0.4727,0.4627,0.4727,0.3194,5867176
3/6/2019,0.4627,0.4677,0.4627,0.4627,0.3127,2674681
31/5/2019,0.4677,0.4727,0.4627,0.4627,0.3127,4768544
30/5/2019,0.4627,0.4727,0.4627,0.4727,0.3194,3898521
29/5/2019,0.4677,0.4727,0.4627,0.4627,0.3127,3811599
28/5/2019,0.4677,0.4727,0.4627,0.4727,0.3194,16227459
27/5/2019,0.4677,0.4677,0.4627,0.4677,0.3160,2351010
24/5/2019,0.4677,0.4677,0.4627,0.4677,0.3160,1281821
23/5/2019,0.4627,0.4677,0.4627,0.4677,0.3160,2717690
22/5/2019,0.4677,0.4727,0.4627,0.4627,0.3127,3667600
21/5/2019,0.4677,0.4727,0.4627,0.4677,0.3160,4753370
17/5/2019,0.4677,0.4727,0.4677,0.4677,0.3160,1965740
16/5/2019,0.4677,0.4777,0.4677,0.4677,0.3160,6423878
15/5/2019,0.4677,0.4777,0.4627,0.4727,0.3194,22791518
14/5/2019,0.4627,0.4677,0.4627,0.4677,0.3160,1886958
13/5/2019,0.4677,0.4677,0.4627,0.4677,0.3160,3620170
10/5/2019,0.4627,0.4677,0.4627,0.4677,0.3160,2564346
9/5/2019,0.4627,0.4677,0.4627,0.4627,0.3127,1637849
8/5/2019,0.4677,0.4677,0.4627,0.4627,0.3127,3521190
7/5/2019,0.4627,0.4727,0.4627,0.4727,0.3194,6274452
6/5/2019,0.4677,0.4677,0.4578,0.4627,0.3127,11959444
3/5/2019,0.4727,0.4727,0.4627,0.4677,0.3160,9114235
2/5/2019,0.4727,0.4727,0.4677,0.4677,0.3160,2849932
30/4/2019,0.4727,0.4727,0.4677,0.4727,0.3194,6556320
29/4/2019,0.4727,0.4727,0.4677,0.4727,0.3194,2903190
26/4/2019,0.4727,0.4727,0.4677,0.4727,0.3194,968199
25/4/2019,0.4727,0.4727,0.4677,0.4727,0.3194,7891903
24/4/2019,0.4727,0.4777,0.4677,0.4727,0.3194,20240938
23/4/2019,0.000719 Dividend,,,,,
23/4/2019,0.4677,0.4727,0.4677,0.4727,0.3194,6293691
22/4/2019,0.4727,0.4727,0.4677,0.4677,0.3155,4047745
18/4/2019,0.4727,0.4777,0.4677,0.4677,0.3155,12460175
17/4/2019,0.4727,0.4777,0.4727,0.4727,0.3189,8646565
16/4/2019,0.4777,0.4777,0.4677,0.4727,0.3189,27053403
15/4/2019,0.4677,0.4777,0.4627,0.4777,0.3222,20764982
12/4/2019,0.4627,0.4777,0.4627,0.4677,0.3155,22740771
11/4/2019,0.4627,0.4677,0.4578,0.4627,0.3122,9874425
10/4/2019,0.4578,0.4627,0.4578,0.4627,0.3122,8515831
9/4/2019,0.4578,0.4627,0.4578,0.4627,0.3122,12100328
8/4/2019,0.4578,0.4627,0.4578,0.4627,0.3122,4325996
5/4/2019,0.4578,0.4627,0.4528,0.4627,0.3122,11619686
4/4/2019,0.4578,0.4627,0.4528,0.4578,0.3088,20974599
3/4/2019,0.4627,0.4627,0.4528,0.4578,0.3088,28611967
2/4/2019,0.4578,0.4627,0.4578,0.4627,0.3122,7271793
1/4/2019,0.4578,0.4627,0.4578,0.4578,0.3088,7177450
29/3/2019,0.4578,0.4627,0.4578,0.4627,0.3122,9960844
28/3/2019,0.4578,0.4627,0.4578,0.4627,0.3122,10859104
27/3/2019,0.4578,0.4627,0.4528,0.4627,0.3122,77610480
26/3/2019,0.4677,0.4677,0.4578,0.4627,0.3122,26387973
25/3/2019,0.4777,0.4826,0.4578,0.4677,0.3155,75014983
22/3/2019,0.4677,0.4976,0.4627,0.4826,0.3256,25054903
21/3/2019,0.008535 Dividend,,,,,
21/3/2019,0.4777,0.4826,0.4627,0.4677,0.3155,34400964
20/3/2019,0.4815,0.5012,0.4815,0.4914,0.3257,20778974
19/3/2019,0.4815,0.4865,0.4815,0.4865,0.3225,4213062
18/3/2019,0.4766,0.4865,0.4766,0.4865,0.3225,16707453
15/3/2019,0.4570,0.4815,0.4521,0.4766,0.3160,46320183
14/3/2019,0.4766,0.4766,0.4766,0.4766,0.3160,0
13/3/2019,0.4865,0.4865,0.4717,0.4766,0.3160,22672939
12/3/2019,0.4914,0.4914,0.4815,0.4815,0.3192,10957279
11/3/2019,0.4914,0.4963,0.4815,0.4914,0.3257,11503297
8/3/2019,0.4963,0.4963,0.4914,0.4914,0.3257,3365952
7/3/2019,0.4914,0.4963,0.4914,0.4914,0.3257,7002369
6/3/2019,0.4963,0.4963,0.4865,0.4914,0.3257,3503626
5/3/2019,0.4963,0.5012,0.4865,0.4963,0.3290,15151314
4/3/2019,0.5012,0.5061,0.4963,0.5012,0.3322,3322808
1/3/2019,0.5061,0.5061,0.4963,0.5012,0.3322,2394599
28/2/2019,0.5061,0.5061,0.4963,0.5061,0.3355,8255380
27/2/2019,0.5012,0.5061,0.4963,0.5012,0.3322,6884435
26/2/2019,0.4963,0.5061,0.4914,0.5012,0.3322,13487417
25/2/2019,0.4963,0.4963,0.4914,0.4914,0.3257,2673102
22/2/2019,0.4914,0.4963,0.4914,0.4963,0.3290,1779999
21/2/2019,0.4914,0.4963,0.4914,0.4914,0.3257,3086635
20/2/2019,0.4914,0.4963,0.4914,0.4963,0.3290,3453156
19/2/2019,0.4914,0.4963,0.4865,0.4914,0.3257,4637177
18/2/2019,0.4963,0.5012,0.4914,0.4963,0.3290,4755925
15/2/2019,0.4865,0.5012,0.4865,0.4963,0.3290,14529591
14/2/2019,0.4914,0.4914,0.4865,0.4914,0.3257,4557808
13/2/2019,0.4865,0.4914,0.4815,0.4914,0.3257,10115461
12/2/2019,0.4865,0.4914,0.4815,0.4865,0.3225,15345157
11/2/2019,0.4963,0.4963,0.4914,0.4914,0.3257,3373075
8/2/2019,0.4914,0.4963,0.4865,0.4963,0.3290,7341926
7/2/2019,0.4963,0.4963,0.4914,0.4963,0.3290,4810466
5/2/2019,0.4914,0.4914,0.4914,0.4914,0.3257,0
4/2/2019,0.5012,0.5012,0.4914,0.4914,0.3257,2139092
1/2/2019,0.5012,0.5061,0.4963,0.5012,0.3322,3579536
31/1/2019,0.5012,0.5061,0.4963,0.5012,0.3322,6047908
30/1/2019,0.5012,0.5012,0.4914,0.5012,0.3322,6958309
29/1/2019,0.00914 Dividend,,,,,
29/1/2019,0.5110,0.5110,0.4963,0.5012,0.3322,8480157
28/1/2019,0.5110,0.5159,0.5061,0.5110,0.3327,3683733
25/1/2019,0.5110,0.5209,0.5110,0.5110,0.3327,5230408
24/1/2019,0.5110,0.5159,0.5061,0.5110,0.3327,7261234
23/1/2019,0.5061,0.5110,0.5012,0.5110,0.3327,5334300
22/1/2019,0.5110,0.5110,0.5061,0.5061,0.3295,2177454
21/1/2019,0.5110,0.5159,0.5061,0.5159,0.3359,5733587
18/1/2019,0.5110,0.5110,0.5012,0.5110,0.3327,12302989
17/1/2019,0.5061,0.5110,0.5012,0.5061,0.3295,7615443
16/1/2019,0.5012,0.5061,0.4963,0.5061,0.3295,5960907
15/1/2019,0.4963,0.5012,0.4963,0.5012,0.3263,2117113
14/1/2019,0.5012,0.5012,0.4963,0.5012,0.3263,3140870
11/1/2019,0.4963,0.5012,0.4914,0.4963,0.3231,4876606
10/1/2019,0.4914,0.4963,0.4865,0.4963,0.3231,5144731
9/1/2019,0.4865,0.4914,0.4815,0.4914,0.3199,6441598
8/1/2019,0.4815,0.4865,0.4815,0.4865,0.3167,3778772
7/1/2019,0.4766,0.4865,0.4766,0.4865,0.3167,4007721
4/1/2019,0.4815,0.4815,0.4717,0.4766,0.3103,3823442
3/1/2019,0.4815,0.4815,0.4717,0.4815,0.3135,1298393
2/1/2019,0.4815,0.4865,0.4766,0.4815,0.3135,2307802
1/1/2019,0.4766,0.4766,0.4766,0.4766,0.3103,0
