20/9/2024,0.3000,0.3000,0.2800,0.2950,0.2950,16400
19/9/2024,0.2950,0.2950,0.2900,0.2900,0.2900,24900
18/9/2024,0.2900,0.2950,0.2900,0.2950,0.2950,8000
17/9/2024,0.2950,0.2950,0.2950,0.2950,0.2950,0
16/9/2024,0.2850,0.2950,0.2850,0.2950,0.2950,7300
13/9/2024,0.2950,0.2950,0.2950,0.2950,0.2950,200
12/9/2024,0.2950,0.2950,0.2950,0.2950,0.2950,100
11/9/2024,0.2900,0.2900,0.2900,0.2900,0.2900,10000
10/9/2024,0.2950,0.2950,0.2950,0.2950,0.2950,0
9/9/2024,0.2950,0.2950,0.2950,0.2950,0.2950,0
6/9/2024,0.2900,0.2950,0.2900,0.2950,0.2950,30400
5/9/2024,0.2900,0.2900,0.2900,0.2900,0.2900,20000
4/9/2024,0.2850,0.2950,0.2750,0.2900,0.2900,36200
3/9/2024,0.2850,0.3000,0.2850,0.3000,0.3000,4400
2/9/2024,0.3000,0.3000,0.3000,0.3000,0.3000,0
30/8/2024,0.2900,0.3000,0.2800,0.3000,0.3000,133300
29/8/2024,0.3000,0.3000,0.2950,0.3000,0.3000,35400
28/8/2024,0.2900,0.3000,0.2900,0.2950,0.2950,24900
27/8/2024,0.2800,0.2900,0.2800,0.2900,0.2900,6800
26/8/2024,0.2800,0.2950,0.2750,0.2950,0.2950,7300
23/8/2024,0.2950,0.2950,0.2950,0.2950,0.2950,0
22/8/2024,0.2850,0.2950,0.2800,0.2950,0.2950,11100
21/8/2024,0.2950,0.2950,0.2950,0.2950,0.2950,0
20/8/2024,0.2950,0.2950,0.2950,0.2950,0.2950,0
19/8/2024,0.2900,0.2950,0.2900,0.2950,0.2950,2800
16/8/2024,0.2850,0.2900,0.2800,0.2900,0.2900,17700
15/8/2024,0.2850,0.2850,0.2850,0.2850,0.2850,0
14/8/2024,0.2850,0.2850,0.2850,0.2850,0.2850,1700
13/8/2024,0.2800,0.2850,0.2800,0.2850,0.2850,5100
12/8/2024,0.2800,0.2900,0.2800,0.2900,0.2900,2000
8/8/2024,0.2750,0.2900,0.2750,0.2900,0.2900,18100
7/8/2024,0.2700,0.2850,0.2700,0.2850,0.2850,15000
6/8/2024,0.2900,0.2900,0.2900,0.2900,0.2900,0
5/8/2024,0.2900,0.2900,0.2900,0.2900,0.2900,0
2/8/2024,0.2900,0.2900,0.2900,0.2900,0.2900,0
1/8/2024,0.2900,0.2900,0.2800,0.2900,0.2900,2600
31/7/2024,0.2800,0.2900,0.2800,0.2850,0.2850,11500
30/7/2024,0.2850,0.2900,0.2850,0.2900,0.2900,6100
29/7/2024,0.2850,0.2900,0.2750,0.2900,0.2900,41200
26/7/2024,0.2950,0.2950,0.2950,0.2950,0.2950,0
25/7/2024,0.2950,0.2950,0.2800,0.2950,0.2950,9700
24/7/2024,0.2850,0.2850,0.2850,0.2850,0.2850,5000
23/7/2024,0.3050,0.3050,0.3050,0.3050,0.3050,0
22/7/2024,0.3050,0.3050,0.3050,0.3050,0.3050,0
19/7/2024,0.3050,0.3050,0.3050,0.3050,0.3050,100
18/7/2024,0.2950,0.2950,0.2850,0.2950,0.2950,63000
17/7/2024,0.2900,0.2900,0.2900,0.2900,0.2900,31400
16/7/2024,0.2950,0.2950,0.2750,0.2800,0.2800,52400
15/7/2024,0.2850,0.2950,0.2850,0.2850,0.2850,14100
12/7/2024,0.2900,0.3000,0.2850,0.3000,0.3000,29000
11/7/2024,0.2950,0.3050,0.2950,0.3050,0.3050,5800
10/7/2024,0.2900,0.3050,0.2900,0.3050,0.3050,25800
9/7/2024,0.2900,0.3050,0.2650,0.3050,0.3050,87000
8/7/2024,0.3000,0.3100,0.2950,0.3050,0.3050,160000
5/7/2024,0.2950,0.3000,0.2900,0.3000,0.3000,21200
4/7/2024,0.2850,0.2950,0.2850,0.2950,0.2950,100400
3/7/2024,0.2900,0.2950,0.2900,0.2950,0.2950,6500
2/7/2024,0.2600,0.2900,0.2600,0.2900,0.2900,14500
1/7/2024,0.2650,0.2850,0.2650,0.2850,0.2850,26600
28/6/2024,0.2850,0.2850,0.2650,0.2850,0.2850,9900
27/6/2024,0.2900,0.2900,0.2650,0.2700,0.2700,57800
26/6/2024,0.2800,0.2800,0.2800,0.2800,0.2800,0
25/6/2024,0.2700,0.2800,0.2600,0.2800,0.2800,81600
24/6/2024,0.3000,0.3000,0.3000,0.3000,0.3000,0
21/6/2024,0.2700,0.3000,0.2700,0.3000,0.3000,1500
20/6/2024,0.3000,0.3000,0.3000,0.3000,0.3000,0
19/6/2024,0.2700,0.3000,0.2700,0.3000,0.3000,8700
18/6/2024,0.3000,0.3000,0.3000,0.3000,0.3000,0
14/6/2024,0.3000,0.3000,0.3000,0.3000,0.3000,0
13/6/2024,0.2850,0.3000,0.2750,0.3000,0.3000,21300
12/6/2024,0.2700,0.2850,0.2700,0.2850,0.2850,7300
11/6/2024,0.2800,0.2900,0.2750,0.2900,0.2900,5700
10/6/2024,0.2850,0.2950,0.2750,0.2900,0.2900,7400
7/6/2024,0.2750,0.3050,0.2750,0.3000,0.3000,36100
6/6/2024,0.3100,0.3150,0.2800,0.3150,0.3150,10300
5/6/2024,0.3050,0.3050,0.3050,0.3050,0.3050,0
4/6/2024,0.2850,0.3150,0.2850,0.3050,0.3050,15100
3/6/2024,0.2950,0.3150,0.2900,0.3150,0.3150,2300
31/5/2024,0.3100,0.3100,0.3100,0.3100,0.3100,0
30/5/2024,0.2850,0.3100,0.2850,0.3100,0.3100,1400
29/5/2024,0.2900,0.3150,0.2900,0.3150,0.3150,1500
28/5/2024,0.2850,0.3150,0.2850,0.3150,0.3150,14400
27/5/2024,0.3300,0.3300,0.3300,0.3300,0.3300,0
24/5/2024,0.3300,0.3300,0.3300,0.3300,0.3300,0
23/5/2024,0.3300,0.3300,0.3300,0.3300,0.3300,0
21/5/2024,0.3300,0.3300,0.3300,0.3300,0.3300,0
20/5/2024,0.3000,0.3300,0.2950,0.3300,0.3300,5300
17/5/2024,0.3350,0.3350,0.3100,0.3350,0.3350,13000
16/5/2024,0.3100,0.3400,0.3100,0.3300,0.3300,95400
15/5/2024,0.2800,0.3400,0.2800,0.3400,0.3400,96200
14/5/2024,0.3100,0.3300,0.3050,0.3300,0.3300,112200
13/5/2024,0.3000,0.3050,0.2900,0.3050,0.3050,107300
10/5/2024,0.2950,0.3100,0.2850,0.3000,0.3000,24900
9/5/2024,0.2850,0.3050,0.2700,0.2950,0.2950,30900
8/5/2024,0.2900,0.3000,0.2900,0.3000,0.3000,6100
7/5/2024,0.3400,0.3400,0.2800,0.3000,0.3000,43900
6/5/2024,0.2750,0.3000,0.2700,0.2950,0.2950,80800
3/5/2024,0.2750,0.3050,0.2750,0.2900,0.2900,110500
2/5/2024,0.3000,0.3000,0.2600,0.2750,0.2750,1046100
30/4/2024,0.2650,0.2750,0.2650,0.2750,0.2750,3900
29/4/2024,0.2550,0.2750,0.2550,0.2750,0.2750,1700
26/4/2024,0.2750,0.2750,0.2750,0.2750,0.2750,0
25/4/2024,0.2750,0.2750,0.2750,0.2750,0.2750,0
24/4/2024,0.2750,0.2750,0.2750,0.2750,0.2750,0
23/4/2024,0.2750,0.2750,0.2750,0.2750,0.2750,0
22/4/2024,0.2750,0.2750,0.2750,0.2750,0.2750,0
19/4/2024,0.2750,0.2750,0.2750,0.2750,0.2750,100
18/4/2024,0.2700,0.2700,0.2600,0.2700,0.2700,7000
17/4/2024,0.2600,0.2600,0.2600,0.2600,0.2600,400
16/4/2024,0.2550,0.2750,0.2550,0.2750,0.2750,52800
15/4/2024,0.2700,0.2700,0.2700,0.2700,0.2700,0
12/4/2024,0.2700,0.2700,0.2700,0.2700,0.2700,11000
11/4/2024,0.2700,0.2700,0.2700,0.2700,0.2700,100
9/4/2024,0.2600,0.2700,0.2600,0.2600,0.2600,23200
8/4/2024,0.2600,0.2750,0.2600,0.2750,0.2750,12100
5/4/2024,0.2750,0.2750,0.2750,0.2750,0.2750,0
4/4/2024,0.2750,0.2750,0.2750,0.2750,0.2750,0
3/4/2024,0.2650,0.2750,0.2600,0.2750,0.2750,27300
2/4/2024,0.2650,0.2750,0.2600,0.2750,0.2750,17500
1/4/2024,0.2800,0.2800,0.2800,0.2800,0.2800,0
28/3/2024,0.2750,0.2800,0.2750,0.2800,0.2800,51100
27/3/2024,0.2600,0.2800,0.2600,0.2800,0.2800,13400
26/3/2024,0.2650,0.2850,0.2600,0.2600,0.2600,56000
25/3/2024,0.2900,0.2900,0.2900,0.2900,0.2900,0
22/3/2024,0.2900,0.2900,0.2900,0.2900,0.2900,100
21/3/2024,0.2650,0.2900,0.2600,0.2750,0.2750,236000
20/3/2024,0.2750,0.2750,0.2750,0.2750,0.2750,0
19/3/2024,0.2750,0.2750,0.2750,0.2750,0.2750,0
18/3/2024,0.2750,0.2750,0.2750,0.2750,0.2750,20100
15/3/2024,0.2600,0.2700,0.2600,0.2700,0.2700,20200
14/3/2024,0.2750,0.2750,0.2750,0.2750,0.2750,100
13/3/2024,0.2650,0.2700,0.2600,0.2700,0.2700,12900
12/3/2024,0.2750,0.2750,0.2750,0.2750,0.2750,0
11/3/2024,0.2750,0.2750,0.2750,0.2750,0.2750,0
8/3/2024,0.2600,0.2750,0.2600,0.2750,0.2750,2500
7/3/2024,0.2750,0.2750,0.2750,0.2750,0.2750,0
6/3/2024,0.2750,0.2750,0.2750,0.2750,0.2750,0
5/3/2024,0.2750,0.2750,0.2750,0.2750,0.2750,100
4/3/2024,0.2600,0.2700,0.2550,0.2700,0.2700,2500
1/3/2024,0.2550,0.2800,0.2550,0.2800,0.2800,300
29/2/2024,0.2650,0.2700,0.2550,0.2550,0.2550,7300
28/2/2024,0.2750,0.2800,0.2600,0.2750,0.2750,23400
28/2/2024,,,,,,,0.005
27/2/2024,0.2800,0.2850,0.2800,0.2850,0.2800,12900
26/2/2024,0.2850,0.2900,0.2550,0.2850,0.2800,30400
23/2/2024,0.2950,0.2950,0.2800,0.2950,0.2898,15000
22/2/2024,0.2900,0.2950,0.2800,0.2900,0.2849,15500
21/2/2024,0.2850,0.2900,0.2850,0.2900,0.2849,4200
20/2/2024,0.2950,0.2950,0.2950,0.2950,0.2898,0
19/2/2024,0.2950,0.2950,0.2950,0.2950,0.2898,7100
16/2/2024,0.2800,0.2950,0.2800,0.2950,0.2898,6200
15/2/2024,0.2950,0.2950,0.2900,0.2950,0.2898,7600
14/2/2024,0.2900,0.2900,0.2900,0.2900,0.2849,0
13/2/2024,0.2750,0.2900,0.2750,0.2900,0.2849,20200
9/2/2024,0.2900,0.2900,0.2900,0.2900,0.2849,0
8/2/2024,0.2900,0.2900,0.2900,0.2900,0.2849,0
7/2/2024,0.2900,0.2900,0.2900,0.2900,0.2849,0
6/2/2024,0.2750,0.2900,0.2750,0.2900,0.2849,2100
5/2/2024,0.2900,0.2900,0.2900,0.2900,0.2849,0
2/2/2024,0.2800,0.2900,0.2800,0.2900,0.2849,35100
1/2/2024,0.2950,0.2950,0.2950,0.2950,0.2898,0
31/1/2024,0.2950,0.2950,0.2950,0.2950,0.2898,100
30/1/2024,0.2850,0.2850,0.2850,0.2850,0.2800,2400
29/1/2024,0.3000,0.3000,0.3000,0.3000,0.2947,0
26/1/2024,0.2850,0.3000,0.2850,0.3000,0.2947,35300
25/1/2024,0.2850,0.2850,0.2750,0.2750,0.2702,31000
24/1/2024,0.3000,0.3000,0.2900,0.2950,0.2898,10800
23/1/2024,0.2900,0.2950,0.2900,0.2950,0.2898,1900
22/1/2024,0.2850,0.2950,0.2800,0.2900,0.2849,40000
19/1/2024,0.2800,0.2950,0.2800,0.2900,0.2849,53100
18/1/2024,0.2900,0.2900,0.2900,0.2900,0.2849,0
17/1/2024,0.3000,0.3000,0.2900,0.2900,0.2849,10100
16/1/2024,0.2900,0.2950,0.2900,0.2900,0.2849,8700
15/1/2024,0.2950,0.2950,0.2900,0.2950,0.2898,4300
12/1/2024,0.3000,0.3000,0.3000,0.3000,0.2947,10100
11/1/2024,0.2950,0.2950,0.2950,0.2950,0.2898,1000
10/1/2024,0.2950,0.2950,0.2950,0.2950,0.2898,200
9/1/2024,0.2850,0.2850,0.2850,0.2850,0.2800,0
8/1/2024,0.2900,0.3050,0.2800,0.2850,0.2800,139300
5/1/2024,0.3000,0.3050,0.2950,0.3050,0.2996,53300
4/1/2024,0.3150,0.3150,0.3150,0.3150,0.3095,0
3/1/2024,0.2950,0.3150,0.2950,0.3150,0.3095,21300
2/1/2024,0.3250,0.3250,0.3250,0.3250,0.3193,100
29/12/2023,0.3150,0.3150,0.3050,0.3150,0.3095,15200
28/12/2023,0.3050,0.3100,0.3050,0.3100,0.3046,45800
27/12/2023,0.3100,0.3100,0.3100,0.3100,0.3046,0
26/12/2023,0.3050,0.3100,0.3050,0.3100,0.3046,400
22/12/2023,0.3100,0.3100,0.3100,0.3100,0.3046,0
21/12/2023,0.3100,0.3100,0.3100,0.3100,0.3046,0
20/12/2023,0.3000,0.3100,0.3000,0.3100,0.3046,45300
19/12/2023,0.3000,0.3000,0.3000,0.3000,0.2947,100
18/12/2023,0.3100,0.3100,0.3100,0.3100,0.3046,0
15/12/2023,0.3100,0.3100,0.3100,0.3100,0.3046,0
14/12/2023,0.3100,0.3100,0.3100,0.3100,0.3046,0
13/12/2023,0.3100,0.3100,0.3100,0.3100,0.3046,0
12/12/2023,0.3100,0.3100,0.3100,0.3100,0.3046,0
11/12/2023,0.3000,0.3100,0.3000,0.3100,0.3046,4900
8/12/2023,0.3100,0.3100,0.3100,0.3100,0.3046,0
7/12/2023,0.3100,0.3100,0.3100,0.3100,0.3046,100
6/12/2023,0.3000,0.3000,0.3000,0.3000,0.2947,500
5/12/2023,0.3000,0.3100,0.3000,0.3100,0.3046,11400
4/12/2023,0.2950,0.3300,0.2950,0.3300,0.3242,5200
1/12/2023,0.3100,0.3100,0.3100,0.3100,0.3046,0
30/11/2023,0.3250,0.3250,0.2950,0.3100,0.3046,14600
29/11/2023,0.3300,0.3300,0.3000,0.3100,0.3046,6300
28/11/2023,0.3000,0.3300,0.3000,0.3000,0.2947,3000
27/11/2023,0.3300,0.3300,0.3300,0.3300,0.3242,100
24/11/2023,0.3050,0.3150,0.3050,0.3150,0.3095,900
23/11/2023,0.3250,0.3250,0.3100,0.3200,0.3144,1100
22/11/2023,0.3000,0.3050,0.3000,0.3050,0.2996,43500
21/11/2023,0.2950,0.3050,0.2950,0.3050,0.2996,14400
20/11/2023,0.3150,0.3150,0.3150,0.3150,0.3095,0
17/11/2023,0.3000,0.3150,0.3000,0.3150,0.3095,1200
16/11/2023,0.3650,0.3650,0.3650,0.3650,0.3586,0
15/11/2023,0.2950,0.3650,0.2950,0.3650,0.3586,1500
14/11/2023,0.3100,0.3100,0.3100,0.3100,0.3046,100
10/11/2023,0.2950,0.3050,0.2950,0.3050,0.2996,1500
9/11/2023,0.2950,0.3150,0.2950,0.3150,0.3095,9600
8/11/2023,0.3550,0.3550,0.3550,0.3550,0.3488,100
8/11/2023,,,,,,,0.01
7/11/2023,0.3150,0.3300,0.3150,0.3150,0.2996,3200
6/11/2023,0.3200,0.3200,0.3200,0.3200,0.3044,0
3/11/2023,0.3200,0.3200,0.3200,0.3200,0.3044,0
2/11/2023,0.3000,0.3200,0.3000,0.3200,0.3044,164300
1/11/2023,0.2950,0.3050,0.2950,0.3000,0.2854,95700
31/10/2023,0.3000,0.3050,0.3000,0.3050,0.2901,200
30/10/2023,0.3400,0.3400,0.3050,0.3050,0.2901,300
27/10/2023,0.3100,0.3100,0.2950,0.3050,0.2901,8100
26/10/2023,0.2950,0.2950,0.2950,0.2950,0.2806,2800
25/10/2023,0.3150,0.3150,0.3150,0.3150,0.2996,0
24/10/2023,0.3000,0.3200,0.3000,0.3150,0.2996,90200
23/10/2023,0.3000,0.3200,0.2950,0.3200,0.3044,87300
20/10/2023,0.2950,0.3150,0.2950,0.3000,0.2854,90100
19/10/2023,0.3050,0.3150,0.3050,0.3150,0.2996,1300
18/10/2023,0.3200,0.3200,0.3200,0.3200,0.3044,200
17/10/2023,0.3250,0.3250,0.3100,0.3100,0.2949,99200
16/10/2023,0.3100,0.3150,0.3100,0.3150,0.2996,91800
13/10/2023,0.3100,0.3150,0.3100,0.3150,0.2996,50100
12/10/2023,0.3150,0.3150,0.3000,0.3100,0.2949,12100
11/10/2023,0.3100,0.3100,0.3100,0.3100,0.2949,25000
10/10/2023,0.3100,0.3150,0.3100,0.3100,0.2949,31600
9/10/2023,0.3100,0.3200,0.3100,0.3200,0.3044,95200
6/10/2023,0.3200,0.3200,0.3200,0.3200,0.3044,4000
5/10/2023,0.3200,0.3200,0.3200,0.3200,0.3044,100
4/10/2023,0.3200,0.3200,0.3100,0.3100,0.2949,20200
3/10/2023,0.3150,0.3150,0.3150,0.3150,0.2996,0
2/10/2023,0.3200,0.3200,0.3150,0.3150,0.2996,20000
29/9/2023,0.3200,0.3200,0.3200,0.3200,0.3044,0
28/9/2023,0.3100,0.3200,0.3050,0.3200,0.3044,21900
27/9/2023,0.3100,0.3200,0.3050,0.3200,0.3044,4500
26/9/2023,0.3150,0.3150,0.3100,0.3150,0.2996,22500
25/9/2023,0.3200,0.3200,0.3200,0.3200,0.3044,0
22/9/2023,0.3250,0.3250,0.3150,0.3200,0.3044,7800
21/9/2023,0.3150,0.3200,0.3150,0.3200,0.3044,64700
20/9/2023,0.3250,0.3250,0.3250,0.3250,0.3092,0
19/9/2023,0.3250,0.3250,0.3250,0.3250,0.3092,0
18/9/2023,0.3250,0.3250,0.3250,0.3250,0.3092,0
15/9/2023,0.3200,0.3250,0.3200,0.3250,0.3092,6100
14/9/2023,0.3200,0.3250,0.3200,0.3200,0.3044,30000
13/9/2023,0.3300,0.3300,0.3300,0.3300,0.3139,100
12/9/2023,0.3200,0.3200,0.3200,0.3200,0.3044,0
11/9/2023,0.3250,0.3250,0.3200,0.3200,0.3044,40100
8/9/2023,0.3200,0.3200,0.3200,0.3200,0.3044,25000
7/9/2023,0.3200,0.3200,0.3200,0.3200,0.3044,0
6/9/2023,0.3200,0.3200,0.3150,0.3200,0.3044,38500
5/9/2023,0.3150,0.3200,0.3150,0.3200,0.3044,92000
4/9/2023,0.3200,0.3250,0.3200,0.3200,0.3044,76100
31/8/2023,0.3250,0.3250,0.3200,0.3200,0.3044,80100
30/8/2023,0.3300,0.3300,0.3150,0.3200,0.3044,86900
29/8/2023,0.3300,0.3300,0.3200,0.3200,0.3044,120000
28/8/2023,0.3100,0.3400,0.3100,0.3400,0.3234,5700
25/8/2023,0.3200,0.3350,0.3200,0.3200,0.3044,5200
24/8/2023,0.3150,0.3450,0.3150,0.3450,0.3282,4900
23/8/2023,0.3450,0.3450,0.3450,0.3450,0.3282,100
22/8/2023,0.3450,0.3450,0.3300,0.3300,0.3139,20100
21/8/2023,0.3300,0.3300,0.3250,0.3250,0.3092,36800
18/8/2023,0.3400,0.3400,0.3400,0.3400,0.3234,100
17/8/2023,0.3200,0.3450,0.3200,0.3350,0.3187,55200
16/8/2023,0.3200,0.3350,0.3200,0.3350,0.3187,5100
15/8/2023,0.3550,0.3550,0.3550,0.3550,0.3377,0
14/8/2023,0.3550,0.3550,0.3550,0.3550,0.3377,100
11/8/2023,0.3200,0.3400,0.3200,0.3400,0.3234,5800
10/8/2023,0.3200,0.3350,0.3200,0.3350,0.3187,41300
8/8/2023,0.3350,0.3350,0.3350,0.3350,0.3187,100
7/8/2023,0.3200,0.3300,0.3150,0.3200,0.3044,125900
4/8/2023,0.3200,0.3300,0.3200,0.3200,0.3044,31300
3/8/2023,0.3200,0.3300,0.3200,0.3300,0.3139,11000
2/8/2023,0.3200,0.3350,0.3200,0.3350,0.3187,200
1/8/2023,0.3300,0.3300,0.3250,0.3250,0.3092,31100
31/7/2023,0.3400,0.3400,0.3400,0.3400,0.3234,0
28/7/2023,0.3400,0.3400,0.3400,0.3400,0.3234,0
27/7/2023,0.3400,0.3400,0.3400,0.3400,0.3234,0
26/7/2023,0.3300,0.3400,0.3300,0.3400,0.3234,12100
25/7/2023,0.3500,0.3500,0.3200,0.3400,0.3234,65200
24/7/2023,0.3450,0.3450,0.3450,0.3450,0.3282,0
21/7/2023,0.3450,0.3450,0.3450,0.3450,0.3282,0
20/7/2023,0.3300,0.3450,0.3300,0.3450,0.3282,4400
19/7/2023,0.3500,0.3500,0.3500,0.3500,0.3329,0
18/7/2023,0.3500,0.3500,0.3500,0.3500,0.3329,0
17/7/2023,0.3500,0.3500,0.3500,0.3500,0.3329,0
14/7/2023,0.3500,0.3500,0.3500,0.3500,0.3329,0
13/7/2023,0.3500,0.3500,0.3500,0.3500,0.3329,0
12/7/2023,0.3500,0.3500,0.3500,0.3500,0.3329,0
11/7/2023,0.3450,0.3500,0.3400,0.3500,0.3329,39100
10/7/2023,0.3300,0.3400,0.3300,0.3400,0.3234,23000
7/7/2023,0.3300,0.3400,0.3300,0.3400,0.3234,2700
6/7/2023,0.3400,0.3400,0.3400,0.3400,0.3234,0
5/7/2023,0.3300,0.3400,0.3200,0.3400,0.3234,70000
4/7/2023,0.3450,0.3450,0.3450,0.3450,0.3282,0
3/7/2023,0.3300,0.3450,0.3300,0.3450,0.3282,1100
30/6/2023,0.3300,0.3450,0.3300,0.3450,0.3282,1500
28/6/2023,0.3500,0.3500,0.3500,0.3500,0.3329,100
27/6/2023,0.3350,0.3350,0.3350,0.3350,0.3187,8000
26/6/2023,0.3400,0.3400,0.3400,0.3400,0.3234,30300
23/6/2023,0.3400,0.3400,0.3400,0.3400,0.3234,0
22/6/2023,0.3400,0.3500,0.3300,0.3400,0.3234,29300
21/6/2023,0.3400,0.3400,0.3400,0.3400,0.3234,18600
20/6/2023,0.3500,0.3500,0.3300,0.3400,0.3234,22300
19/6/2023,0.3500,0.3500,0.3500,0.3500,0.3329,0
16/6/2023,0.3400,0.3500,0.3400,0.3500,0.3329,25000
15/6/2023,0.3350,0.3500,0.3200,0.3500,0.3329,144100
14/6/2023,0.3350,0.3500,0.3350,0.3500,0.3329,2500
13/6/2023,0.3500,0.3550,0.3500,0.3550,0.3377,7300
12/6/2023,0.3400,0.3500,0.3350,0.3500,0.3329,125900
9/6/2023,0.3250,0.3350,0.3150,0.3350,0.3187,107800
8/6/2023,0.3250,0.3400,0.3250,0.3400,0.3234,16800
7/6/2023,0.3450,0.3450,0.3250,0.3450,0.3282,5100
6/6/2023,0.3350,0.3350,0.3100,0.3100,0.2949,60000
5/6/2023,0.3600,0.3600,0.3600,0.3600,0.3425,0
1/6/2023,0.3600,0.3600,0.3600,0.3600,0.3425,100
31/5/2023,0.3400,0.3450,0.3350,0.3450,0.3282,2900
30/5/2023,0.3550,0.3550,0.3550,0.3550,0.3377,0
29/5/2023,0.3550,0.3550,0.3550,0.3550,0.3377,0
26/5/2023,0.3550,0.3550,0.3550,0.3550,0.3377,0
25/5/2023,0.3550,0.3550,0.3550,0.3550,0.3377,100
24/5/2023,0.3450,0.3450,0.3350,0.3350,0.3187,6000
23/5/2023,0.3550,0.3550,0.3550,0.3550,0.3377,0
22/5/2023,0.3350,0.3550,0.3350,0.3550,0.3377,2900
19/5/2023,0.3700,0.3700,0.3700,0.3700,0.3520,0
18/5/2023,0.3700,0.3700,0.3700,0.3700,0.3520,0
17/5/2023,0.3700,0.3700,0.3700,0.3700,0.3520,0
16/5/2023,0.3700,0.3700,0.3700,0.3700,0.3520,0
15/5/2023,0.3700,0.3700,0.3700,0.3700,0.3520,0
12/5/2023,0.3700,0.3700,0.3700,0.3700,0.3520,0
11/5/2023,0.3700,0.3700,0.3700,0.3700,0.3520,0
10/5/2023,0.3450,0.3700,0.3450,0.3700,0.3520,9900
9/5/2023,0.3500,0.3500,0.3500,0.3500,0.3329,0
8/5/2023,0.3500,0.3500,0.3500,0.3500,0.3329,15000
5/5/2023,0.3500,0.3500,0.3500,0.3500,0.3329,0
4/5/2023,0.3450,0.3500,0.3400,0.3500,0.3329,25900
3/5/2023,0.3350,0.3600,0.3300,0.3550,0.3377,14600
2/5/2023,0.3550,0.3600,0.3550,0.3600,0.3425,10000
28/4/2023,0.3300,0.3600,0.3300,0.3600,0.3425,50700
27/4/2023,0.3400,0.3600,0.3400,0.3600,0.3425,10100
26/4/2023,0.3450,0.3450,0.3400,0.3400,0.3234,10000
25/4/2023,0.3700,0.3700,0.3700,0.3700,0.3520,300
24/4/2023,0.3750,0.3750,0.3750,0.3750,0.3567,100
21/4/2023,0.3600,0.3600,0.3600,0.3600,0.3425,100
20/4/2023,0.3500,0.3600,0.3450,0.3450,0.3282,9500
19/4/2023,0.3400,0.3500,0.3400,0.3500,0.3329,2000
18/4/2023,0.3350,0.3500,0.3300,0.3500,0.3329,36100
17/4/2023,0.3600,0.3600,0.3600,0.3600,0.3425,0
14/4/2023,0.3600,0.3600,0.3600,0.3600,0.3425,200
13/4/2023,0.3550,0.3550,0.3550,0.3550,0.3377,0
12/4/2023,0.3550,0.3550,0.3550,0.3550,0.3377,100
11/4/2023,0.3350,0.3550,0.3350,0.3500,0.3329,17900
10/4/2023,0.3700,0.3700,0.3700,0.3700,0.3520,0
6/4/2023,0.3700,0.3700,0.3700,0.3700,0.3520,0
5/4/2023,0.3650,0.3700,0.3400,0.3700,0.3520,25600
4/4/2023,0.3300,0.3550,0.3300,0.3550,0.3377,4400
3/4/2023,0.3700,0.3700,0.3300,0.3650,0.3472,23200
31/3/2023,0.3650,0.3650,0.3400,0.3600,0.3425,3800
30/3/2023,0.3200,0.3500,0.3200,0.3350,0.3187,87600
29/3/2023,0.3650,0.3650,0.3650,0.3650,0.3472,0
28/3/2023,0.3650,0.3650,0.3650,0.3650,0.3472,0
27/3/2023,0.3650,0.3650,0.3650,0.3650,0.3472,0
24/3/2023,0.3650,0.3650,0.3650,0.3650,0.3472,0
23/3/2023,0.3650,0.3650,0.3650,0.3650,0.3472,0
22/3/2023,0.3650,0.3650,0.3650,0.3650,0.3472,0
21/3/2023,0.3650,0.3650,0.3650,0.3650,0.3472,100
20/3/2023,0.3550,0.3550,0.3550,0.3550,0.3377,0
17/3/2023,0.3200,0.3550,0.3200,0.3550,0.3377,4100
16/3/2023,0.3600,0.3600,0.3600,0.3600,0.3425,0
15/3/2023,0.3600,0.3600,0.3600,0.3600,0.3425,0
14/3/2023,0.3600,0.3600,0.3600,0.3600,0.3425,0
13/3/2023,0.3600,0.3600,0.3600,0.3600,0.3425,100
10/3/2023,0.3300,0.3300,0.3300,0.3300,0.3139,1200
9/3/2023,0.3600,0.3600,0.3600,0.3600,0.3425,0
8/3/2023,0.3350,0.3600,0.3300,0.3600,0.3425,16100
7/3/2023,0.3650,0.3650,0.3350,0.3650,0.3472,19400
6/3/2023,0.3650,0.3650,0.3650,0.3650,0.3472,0
3/3/2023,0.3650,0.3650,0.3650,0.3650,0.3472,0
2/3/2023,0.3650,0.3650,0.3650,0.3650,0.3472,100
1/3/2023,0.3350,0.3600,0.3300,0.3300,0.3139,6500
28/2/2023,0.3650,0.3650,0.3650,0.3650,0.3472,0
27/2/2023,0.3650,0.3650,0.3650,0.3650,0.3472,0
27/2/2023,,,,,,,0.0075
24/2/2023,0.3550,0.3700,0.3550,0.3650,0.3401,300
23/2/2023,0.3700,0.3700,0.3700,0.3700,0.3447,0
22/2/2023,0.3700,0.3700,0.3700,0.3700,0.3447,0
21/2/2023,0.3700,0.3700,0.3700,0.3700,0.3447,0
20/2/2023,0.3750,0.3750,0.3550,0.3700,0.3447,2200
17/2/2023,0.3450,0.3600,0.3400,0.3600,0.3354,85300
16/2/2023,0.3450,0.3700,0.3400,0.3700,0.3447,53100
15/2/2023,0.3700,0.3700,0.3700,0.3700,0.3447,0
14/2/2023,0.3700,0.3700,0.3700,0.3700,0.3447,0
13/2/2023,0.3600,0.3700,0.3600,0.3700,0.3447,800
10/2/2023,0.3450,0.3700,0.3450,0.3700,0.3447,800
9/2/2023,0.3400,0.3750,0.3400,0.3750,0.3494,18800
8/2/2023,0.3700,0.3700,0.3450,0.3700,0.3447,47500
7/2/2023,0.3700,0.3700,0.3700,0.3700,0.3447,100
6/2/2023,0.3600,0.3600,0.3600,0.3600,0.3354,0
3/2/2023,0.3600,0.3600,0.3600,0.3600,0.3354,0
2/2/2023,0.3600,0.3600,0.3600,0.3600,0.3354,0
1/2/2023,0.3600,0.3600,0.3600,0.3600,0.3354,0
31/1/2023,0.3450,0.3600,0.3450,0.3600,0.3354,600
30/1/2023,0.3600,0.3600,0.3600,0.3600,0.3354,0
27/1/2023,0.3500,0.3600,0.3500,0.3600,0.3354,56900
26/1/2023,0.3450,0.3450,0.3450,0.3450,0.3214,0
25/1/2023,0.3500,0.3500,0.3450,0.3450,0.3214,193000
20/1/2023,0.3500,0.3500,0.3500,0.3500,0.3261,26000
19/1/2023,0.3500,0.3500,0.3500,0.3500,0.3261,0
18/1/2023,0.3500,0.3500,0.3450,0.3500,0.3261,46400
17/1/2023,0.3500,0.3500,0.3450,0.3450,0.3214,89500
16/1/2023,0.3500,0.3500,0.3400,0.3500,0.3261,40800
13/1/2023,0.3400,0.3400,0.3400,0.3400,0.3168,16000
12/1/2023,0.3500,0.3500,0.3500,0.3500,0.3261,0
11/1/2023,0.3500,0.3500,0.3500,0.3500,0.3261,76000
10/1/2023,0.3500,0.3500,0.3500,0.3500,0.3261,54800
9/1/2023,0.3450,0.3600,0.3450,0.3500,0.3261,15000
6/1/2023,0.3600,0.3600,0.3500,0.3500,0.3261,244500
5/1/2023,0.3700,0.3700,0.3700,0.3700,0.3447,0
4/1/2023,0.3700,0.3700,0.3700,0.3700,0.3447,0
3/1/2023,0.3700,0.3700,0.3700,0.3700,0.3447,0
30/12/2022,0.3700,0.3700,0.3700,0.3700,0.3447,0
29/12/2022,0.3700,0.3700,0.3700,0.3700,0.3447,0
28/12/2022,0.3450,0.3700,0.3450,0.3700,0.3447,4100
27/12/2022,0.3750,0.3750,0.3500,0.3500,0.3261,70000
23/12/2022,0.3500,0.3750,0.3500,0.3500,0.3261,158800
22/12/2022,0.3500,0.3800,0.3500,0.3800,0.3541,31400
21/12/2022,0.3800,0.3800,0.3800,0.3800,0.3541,0
20/12/2022,0.3800,0.3800,0.3800,0.3800,0.3541,100
19/12/2022,0.3800,0.3800,0.3350,0.3400,0.3168,600
16/12/2022,0.3500,0.3500,0.3300,0.3300,0.3075,58700
15/12/2022,0.3800,0.3800,0.3800,0.3800,0.3541,0
14/12/2022,0.3800,0.3800,0.3800,0.3800,0.3541,0
13/12/2022,0.3550,0.3800,0.3500,0.3800,0.3541,7000
12/12/2022,0.3700,0.3700,0.3700,0.3700,0.3447,0
9/12/2022,0.3700,0.3700,0.3700,0.3700,0.3447,100
8/12/2022,0.3550,0.3550,0.3400,0.3400,0.3168,31100
7/12/2022,0.3650,0.3650,0.3500,0.3500,0.3261,92800
6/12/2022,0.3600,0.3600,0.3600,0.3600,0.3354,2200
5/12/2022,0.3800,0.3850,0.3600,0.3600,0.3354,29800
2/12/2022,0.3600,0.3800,0.3550,0.3800,0.3541,20800
1/12/2022,0.3550,0.3900,0.3550,0.3900,0.3634,600
30/11/2022,0.3800,0.3950,0.3800,0.3950,0.3680,300
29/11/2022,0.3550,0.3800,0.3550,0.3800,0.3541,5800
28/11/2022,0.3550,0.3900,0.3550,0.3900,0.3634,20100
25/11/2022,0.3500,0.3900,0.3500,0.3550,0.3308,10100
24/11/2022,0.3900,0.3900,0.3900,0.3900,0.3634,0
23/11/2022,0.3900,0.3900,0.3900,0.3900,0.3634,0
22/11/2022,0.3900,0.3900,0.3900,0.3900,0.3634,0
21/11/2022,0.3900,0.3900,0.3900,0.3900,0.3634,0
18/11/2022,0.3600,0.3950,0.3600,0.3900,0.3634,10400
17/11/2022,0.3900,0.3900,0.3900,0.3900,0.3634,0
16/11/2022,0.3700,0.3900,0.3700,0.3900,0.3634,700
15/11/2022,0.3950,0.3950,0.3950,0.3950,0.3680,0
14/11/2022,0.3950,0.3950,0.3950,0.3950,0.3680,0
11/11/2022,0.3950,0.3950,0.3950,0.3950,0.3680,0
10/11/2022,0.3300,0.3950,0.3300,0.3950,0.3680,6500
9/11/2022,0.3400,0.3900,0.3400,0.3900,0.3634,2500
8/11/2022,0.3950,0.3950,0.3950,0.3950,0.3680,0
8/11/2022,,,,,,,0.01
7/11/2022,0.3950,0.3950,0.3950,0.3950,0.3587,800
4/11/2022,0.3850,0.3850,0.3850,0.3850,0.3496,100
3/11/2022,0.3900,0.3900,0.3900,0.3900,0.3542,200
2/11/2022,0.3750,0.3750,0.3600,0.3750,0.3405,27600
1/11/2022,0.3900,0.3900,0.3900,0.3900,0.3542,100
31/10/2022,0.3750,0.3800,0.3750,0.3800,0.3451,4000
28/10/2022,0.3750,0.3750,0.3700,0.3700,0.3360,20300
27/10/2022,0.3700,0.3800,0.3600,0.3800,0.3451,800
26/10/2022,0.3700,0.3700,0.3700,0.3700,0.3360,0
25/10/2022,0.3950,0.4000,0.3700,0.3700,0.3360,30300
21/10/2022,0.3800,0.3950,0.3800,0.3950,0.3587,1000
20/10/2022,0.3900,0.3900,0.3700,0.3700,0.3360,1400
19/10/2022,0.3900,0.3900,0.3900,0.3900,0.3542,100
18/10/2022,0.4050,0.4050,0.3450,0.3450,0.3133,2100
17/10/2022,0.4050,0.4050,0.3400,0.3700,0.3360,6100
14/10/2022,0.4050,0.4050,0.4050,0.4050,0.3678,6400
13/10/2022,0.3500,0.3900,0.3500,0.3900,0.3542,6300
12/10/2022,0.3900,0.3900,0.3900,0.3900,0.3542,300
11/10/2022,0.3800,0.4000,0.3800,0.4000,0.3633,35100
10/10/2022,0.3900,0.3900,0.3800,0.3800,0.3451,40000
7/10/2022,0.4200,0.4200,0.3800,0.4200,0.3814,8800
6/10/2022,0.3950,0.3950,0.3850,0.3950,0.3587,15100
5/10/2022,0.4000,0.4000,0.4000,0.4000,0.3633,10000
4/10/2022,0.4000,0.4000,0.4000,0.4000,0.3633,0
3/10/2022,0.4000,0.4000,0.4000,0.4000,0.3633,0
30/9/2022,0.4000,0.4000,0.4000,0.4000,0.3633,0
29/9/2022,0.4000,0.4000,0.4000,0.4000,0.3633,100
28/9/2022,0.3850,0.3850,0.3850,0.3850,0.3496,0
27/9/2022,0.3850,0.3850,0.3850,0.3850,0.3496,100
26/9/2022,0.3450,0.3450,0.3450,0.3450,0.3133,100
23/9/2022,0.4000,0.4000,0.4000,0.4000,0.3633,0
22/9/2022,0.3500,0.4000,0.3500,0.4000,0.3633,9800
21/9/2022,0.3500,0.3750,0.3500,0.3750,0.3405,17300
20/9/2022,0.4000,0.4000,0.4000,0.4000,0.3633,0
19/9/2022,0.4000,0.4000,0.4000,0.4000,0.3633,0
16/9/2022,0.3500,0.4000,0.3500,0.4000,0.3633,8200
15/9/2022,0.3900,0.3900,0.3900,0.3900,0.3542,0
14/9/2022,0.3900,0.3900,0.3900,0.3900,0.3542,0
13/9/2022,0.3550,0.3900,0.3500,0.3900,0.3542,10900
12/9/2022,0.3950,0.3950,0.3550,0.3900,0.3542,30200
9/9/2022,0.3400,0.3950,0.3400,0.3500,0.3178,8600
8/9/2022,0.3950,0.3950,0.3950,0.3950,0.3587,10000
7/9/2022,0.3900,0.3900,0.3900,0.3900,0.3542,0
6/9/2022,0.3500,0.3900,0.3500,0.3900,0.3542,29200
5/9/2022,0.3950,0.3950,0.3950,0.3950,0.3587,0
2/9/2022,0.3500,0.3950,0.3450,0.3950,0.3587,23100
1/9/2022,0.3950,0.3950,0.3950,0.3950,0.3587,0
31/8/2022,0.3950,0.3950,0.3950,0.3950,0.3587,0
30/8/2022,0.3950,0.3950,0.3950,0.3950,0.3587,100
29/8/2022,0.3700,0.3700,0.3700,0.3700,0.3360,0
26/8/2022,0.3700,0.3700,0.3700,0.3700,0.3360,0
25/8/2022,0.3700,0.3700,0.3700,0.3700,0.3360,0
24/8/2022,0.3700,0.3700,0.3700,0.3700,0.3360,0
23/8/2022,0.3700,0.3700,0.3700,0.3700,0.3360,11500
22/8/2022,0.3600,0.3600,0.3600,0.3600,0.3269,2000
19/8/2022,0.3950,0.3950,0.3950,0.3950,0.3587,0
18/8/2022,0.3950,0.3950,0.3950,0.3950,0.3587,0
17/8/2022,0.3950,0.3950,0.3950,0.3950,0.3587,0
16/8/2022,0.3950,0.3950,0.3700,0.3950,0.3587,14600
15/8/2022,0.3700,0.3700,0.3700,0.3700,0.3360,0
12/8/2022,0.3900,0.3900,0.3700,0.3700,0.3360,6000
11/8/2022,0.3800,0.3800,0.3800,0.3800,0.3451,0
10/8/2022,0.3850,0.3850,0.3800,0.3800,0.3451,12500
8/8/2022,0.3950,0.3950,0.3950,0.3950,0.3587,0
5/8/2022,0.3700,0.3950,0.3700,0.3950,0.3587,100100
4/8/2022,0.3950,0.3950,0.3950,0.3950,0.3587,100
3/8/2022,0.3700,0.4000,0.3700,0.3700,0.3360,10100
2/8/2022,0.3700,0.4000,0.3650,0.3650,0.3315,84700
1/8/2022,0.3800,0.3800,0.3800,0.3800,0.3451,0
29/7/2022,0.3800,0.3800,0.3800,0.3800,0.3451,0
28/7/2022,0.3800,0.3800,0.3800,0.3800,0.3451,30000
27/7/2022,0.3700,0.3700,0.3700,0.3700,0.3360,0
26/7/2022,0.3800,0.3800,0.3700,0.3700,0.3360,16000
25/7/2022,0.3700,0.3700,0.3700,0.3700,0.3360,8000
22/7/2022,0.3800,0.3800,0.3800,0.3800,0.3451,21000
21/7/2022,0.3700,0.3700,0.3650,0.3650,0.3315,30000
20/7/2022,0.3950,0.3950,0.3950,0.3950,0.3587,0
19/7/2022,0.3700,0.3950,0.3700,0.3950,0.3587,15100
18/7/2022,0.4000,0.4000,0.3650,0.3950,0.3587,85200
15/7/2022,0.3700,0.4000,0.3650,0.3900,0.3542,201000
14/7/2022,0.4000,0.4000,0.3700,0.3700,0.3360,50100
13/7/2022,0.3700,0.3700,0.3700,0.3700,0.3360,150000
12/7/2022,0.3700,0.3950,0.3700,0.3750,0.3405,20000
8/7/2022,0.3700,0.3700,0.3700,0.3700,0.3360,30000
7/7/2022,0.4000,0.4000,0.4000,0.4000,0.3633,0
6/7/2022,0.4000,0.4000,0.4000,0.4000,0.3633,0
5/7/2022,0.4000,0.4000,0.4000,0.4000,0.3633,0
4/7/2022,0.4000,0.4000,0.4000,0.4000,0.3633,0
1/7/2022,0.3800,0.4000,0.3800,0.4000,0.3633,7300
30/6/2022,0.4000,0.4000,0.4000,0.4000,0.3633,0
29/6/2022,0.4000,0.4000,0.4000,0.4000,0.3633,0
28/6/2022,0.3800,0.4000,0.3750,0.4000,0.3633,21100
27/6/2022,0.3900,0.3900,0.3900,0.3900,0.3542,10000
24/6/2022,0.3800,0.3850,0.3800,0.3850,0.3496,20000
23/6/2022,0.3850,0.3850,0.3850,0.3850,0.3496,0
22/6/2022,0.3800,0.3850,0.3800,0.3850,0.3496,1300
21/6/2022,0.3750,0.3750,0.3750,0.3750,0.3405,0
20/6/2022,0.3750,0.3750,0.3750,0.3750,0.3405,5200
17/6/2022,0.3850,0.3850,0.3850,0.3850,0.3496,0
16/6/2022,0.3850,0.3850,0.3850,0.3850,0.3496,36900
15/6/2022,0.3800,0.3800,0.3800,0.3800,0.3451,0
14/6/2022,0.3800,0.3800,0.3800,0.3800,0.3451,53000
13/6/2022,0.3850,0.3850,0.3850,0.3850,0.3496,0
10/6/2022,0.3850,0.3850,0.3850,0.3850,0.3496,0
9/6/2022,0.3850,0.3850,0.3800,0.3850,0.3496,28900
8/6/2022,0.3800,0.3800,0.3800,0.3800,0.3451,0
7/6/2022,0.3800,0.3800,0.3800,0.3800,0.3451,0
6/6/2022,0.3800,0.3800,0.3800,0.3800,0.3451,20000
3/6/2022,0.3850,0.3850,0.3850,0.3850,0.3496,0
2/6/2022,0.3950,0.3950,0.3750,0.3850,0.3496,15800
1/6/2022,0.3900,0.3900,0.3900,0.3900,0.3542,0
31/5/2022,0.3900,0.3900,0.3900,0.3900,0.3542,0
30/5/2022,0.3700,0.3900,0.3700,0.3900,0.3542,32100
27/5/2022,0.3900,0.3900,0.3900,0.3900,0.3542,5000
26/5/2022,0.3750,0.3750,0.3750,0.3750,0.3405,0
25/5/2022,0.3750,0.3750,0.3750,0.3750,0.3405,0
24/5/2022,0.3750,0.3750,0.3750,0.3750,0.3405,0
23/5/2022,0.3750,0.3750,0.3750,0.3750,0.3405,0
20/5/2022,0.3750,0.3750,0.3750,0.3750,0.3405,4000
19/5/2022,0.3900,0.3900,0.3900,0.3900,0.3542,1000
18/5/2022,0.3900,0.3900,0.3900,0.3900,0.3542,100
17/5/2022,0.3800,0.3900,0.3800,0.3900,0.3542,6100
13/5/2022,0.3750,0.3800,0.3750,0.3800,0.3451,800
12/5/2022,0.3750,0.3750,0.3750,0.3750,0.3405,20000
11/5/2022,0.3750,0.3750,0.3750,0.3750,0.3405,0
10/5/2022,0.3800,0.3800,0.3750,0.3750,0.3405,1600
9/5/2022,0.3750,0.3750,0.3750,0.3750,0.3405,0
6/5/2022,0.3750,0.3750,0.3750,0.3750,0.3405,0
5/5/2022,0.3900,0.3900,0.3750,0.3750,0.3405,8600
4/5/2022,0.3800,0.3800,0.3800,0.3800,0.3451,0
29/4/2022,0.3800,0.3800,0.3800,0.3800,0.3451,0
28/4/2022,0.3900,0.3900,0.3800,0.3800,0.3451,16400
27/4/2022,0.3750,0.3750,0.3750,0.3750,0.3405,0
26/4/2022,0.3750,0.3750,0.3750,0.3750,0.3405,0
25/4/2022,0.3800,0.3800,0.3750,0.3750,0.3405,5700
22/4/2022,0.3750,0.3750,0.3750,0.3750,0.3405,2400
21/4/2022,0.3750,0.3750,0.3750,0.3750,0.3405,1000
20/4/2022,0.3950,0.4050,0.3750,0.3750,0.3405,4800
19/4/2022,0.3950,0.3950,0.3950,0.3950,0.3587,0
18/4/2022,0.3900,0.3950,0.3800,0.3950,0.3587,10500
14/4/2022,0.3900,0.3900,0.3900,0.3900,0.3542,2000
13/4/2022,0.3950,0.3950,0.3950,0.3950,0.3587,0
12/4/2022,0.3900,0.3950,0.3900,0.3950,0.3587,50000
11/4/2022,0.3850,0.3850,0.3850,0.3850,0.3496,0
8/4/2022,0.3850,0.3850,0.3850,0.3850,0.3496,3000
7/4/2022,0.3900,0.3900,0.3900,0.3900,0.3542,0
6/4/2022,0.3900,0.3900,0.3900,0.3900,0.3542,0
5/4/2022,0.3900,0.3900,0.3900,0.3900,0.3542,0
4/4/2022,0.3900,0.3900,0.3900,0.3900,0.3542,0
1/4/2022,0.3900,0.3900,0.3900,0.3900,0.3542,50000
31/3/2022,0.3800,0.3800,0.3800,0.3800,0.3451,6000
30/3/2022,0.3750,0.3750,0.3750,0.3750,0.3405,10000
29/3/2022,0.3750,0.3750,0.3750,0.3750,0.3405,2800
28/3/2022,0.3800,0.3800,0.3800,0.3800,0.3451,0
25/3/2022,0.3800,0.3800,0.3800,0.3800,0.3451,8400
24/3/2022,0.3800,0.3800,0.3800,0.3800,0.3451,0
23/3/2022,0.3800,0.3800,0.3800,0.3800,0.3451,3000
22/3/2022,0.3650,0.3650,0.3650,0.3650,0.3315,1000
21/3/2022,0.3750,0.3750,0.3750,0.3750,0.3405,0
18/3/2022,0.3750,0.3750,0.3750,0.3750,0.3405,0
17/3/2022,0.3750,0.3750,0.3750,0.3750,0.3405,1000
16/3/2022,0.3700,0.3750,0.3700,0.3750,0.3405,5100
15/3/2022,0.3950,0.3950,0.3950,0.3950,0.3587,0
14/3/2022,0.3950,0.3950,0.3950,0.3950,0.3587,0
11/3/2022,0.3950,0.3950,0.3950,0.3950,0.3587,0
10/3/2022,0.3950,0.3950,0.3950,0.3950,0.3587,0
9/3/2022,0.3950,0.3950,0.3950,0.3950,0.3587,0
8/3/2022,0.3950,0.3950,0.3950,0.3950,0.3587,0
7/3/2022,0.3950,0.3950,0.3950,0.3950,0.3587,0
4/3/2022,0.3950,0.4000,0.3950,0.3950,0.3587,9000
3/3/2022,0.3950,0.4000,0.3950,0.4000,0.3633,400
2/3/2022,0.4300,0.4300,0.4300,0.4300,0.3905,0
1/3/2022,0.3700,0.4300,0.3650,0.4300,0.3905,6700
28/2/2022,0.4350,0.4350,0.4350,0.4350,0.3950,0
25/2/2022,0.4350,0.4350,0.4350,0.4350,0.3950,0
25/2/2022,,,,,,,0.0075
24/2/2022,0.4500,0.4500,0.4300,0.4350,0.3882,180500
23/2/2022,0.4500,0.4500,0.4500,0.4500,0.4016,64600
22/2/2022,0.4550,0.4550,0.4500,0.4550,0.4061,95400
21/2/2022,0.4450,0.4500,0.4400,0.4500,0.4016,117200
18/2/2022,0.4350,0.4450,0.4350,0.4450,0.3972,24000
17/2/2022,0.4400,0.4450,0.4300,0.4300,0.3838,227200
16/2/2022,0.4300,0.4400,0.4300,0.4400,0.3927,10300
15/2/2022,0.4150,0.4350,0.4150,0.4350,0.3882,34400
14/2/2022,0.4150,0.4200,0.4150,0.4200,0.3748,64700
11/2/2022,0.4150,0.4150,0.4150,0.4150,0.3704,0
10/2/2022,0.4150,0.4150,0.4150,0.4150,0.3704,0
9/2/2022,0.4150,0.4150,0.4150,0.4150,0.3704,0
8/2/2022,0.4150,0.4150,0.4150,0.4150,0.3704,0
7/2/2022,0.4150,0.4150,0.4150,0.4150,0.3704,0
4/2/2022,0.4150,0.4150,0.4150,0.4150,0.3704,0
3/2/2022,0.4150,0.4150,0.4150,0.4150,0.3704,0
31/1/2022,0.4150,0.4150,0.4150,0.4150,0.3704,0
28/1/2022,0.4150,0.4150,0.4150,0.4150,0.3704,0
27/1/2022,0.4150,0.4150,0.4150,0.4150,0.3704,0
26/1/2022,0.4150,0.4150,0.4150,0.4150,0.3704,0
25/1/2022,0.4150,0.4150,0.4150,0.4150,0.3704,0
24/1/2022,0.4150,0.4150,0.4150,0.4150,0.3704,0
21/1/2022,0.4150,0.4150,0.4150,0.4150,0.3704,0
20/1/2022,0.3650,0.4150,0.3650,0.4150,0.3704,1400
19/1/2022,0.3600,0.3600,0.3600,0.3600,0.3213,0
18/1/2022,0.3600,0.3600,0.3600,0.3600,0.3213,0
17/1/2022,0.3600,0.3600,0.3600,0.3600,0.3213,0
14/1/2022,0.3600,0.3600,0.3600,0.3600,0.3213,0
13/1/2022,0.3600,0.3600,0.3600,0.3600,0.3213,7200
12/1/2022,0.3600,0.3600,0.3600,0.3600,0.3213,0
11/1/2022,0.3600,0.3600,0.3600,0.3600,0.3213,3000
10/1/2022,0.3600,0.4200,0.3600,0.4200,0.3748,700
7/1/2022,0.4100,0.4100,0.4100,0.4100,0.3659,0
6/1/2022,0.4100,0.4100,0.4100,0.4100,0.3659,0
5/1/2022,0.4100,0.4100,0.4100,0.4100,0.3659,0
4/1/2022,0.4100,0.4100,0.4100,0.4100,0.3659,0
3/1/2022,0.4100,0.4100,0.4100,0.4100,0.3659,0
31/12/2021,0.4100,0.4100,0.4100,0.4100,0.3659,100
30/12/2021,0.3600,0.3600,0.3600,0.3600,0.3213,0
29/12/2021,0.3600,0.3600,0.3600,0.3600,0.3213,0
28/12/2021,0.3600,0.3600,0.3600,0.3600,0.3213,100
27/12/2021,0.3600,0.3600,0.3600,0.3600,0.3213,0
24/12/2021,0.3600,0.3600,0.3600,0.3600,0.3213,0
23/12/2021,0.3600,0.3600,0.3600,0.3600,0.3213,20200
22/12/2021,0.3650,0.3650,0.3650,0.3650,0.3258,4300
21/12/2021,0.3650,0.3650,0.3650,0.3650,0.3258,0
20/12/2021,0.3650,0.3650,0.3650,0.3650,0.3258,0
17/12/2021,0.3650,0.3650,0.3650,0.3650,0.3258,7200
16/12/2021,0.3600,0.3600,0.3600,0.3600,0.3213,0
15/12/2021,0.3600,0.3600,0.3600,0.3600,0.3213,1200
14/12/2021,0.3750,0.3750,0.3700,0.3700,0.3302,5700
13/12/2021,0.3750,0.3750,0.3750,0.3750,0.3347,0
10/12/2021,0.3750,0.3750,0.3750,0.3750,0.3347,0
9/12/2021,0.3800,0.4400,0.3750,0.3750,0.3347,32500
8/12/2021,0.3800,0.3800,0.3800,0.3800,0.3391,0
7/12/2021,0.3800,0.3800,0.3800,0.3800,0.3391,0
6/12/2021,0.3800,0.3800,0.3800,0.3800,0.3391,0
3/12/2021,0.3800,0.3800,0.3800,0.3800,0.3391,0
2/12/2021,0.3800,0.3800,0.3800,0.3800,0.3391,0
1/12/2021,0.3800,0.3800,0.3800,0.3800,0.3391,37500
30/11/2021,0.3800,0.3800,0.3800,0.3800,0.3391,100
29/11/2021,0.3800,0.3900,0.3800,0.3900,0.3481,32200
26/11/2021,0.3900,0.3900,0.3900,0.3900,0.3481,0
25/11/2021,0.4500,0.4500,0.3900,0.3900,0.3481,14800
24/11/2021,0.3900,0.3950,0.3900,0.3950,0.3525,53800
23/11/2021,0.3900,0.3900,0.3900,0.3900,0.3481,0
22/11/2021,0.3900,0.3900,0.3900,0.3900,0.3481,0
19/11/2021,0.3900,0.3900,0.3900,0.3900,0.3481,0
18/11/2021,0.3900,0.3900,0.3900,0.3900,0.3481,8400
17/11/2021,0.3900,0.3900,0.3900,0.3900,0.3481,8400
16/11/2021,0.3800,0.4000,0.3800,0.3800,0.3391,18100
15/11/2021,0.3800,0.3800,0.3800,0.3800,0.3391,0
12/11/2021,0.3800,0.3800,0.3800,0.3800,0.3391,0
11/11/2021,0.3800,0.3800,0.3800,0.3800,0.3391,12200
10/11/2021,0.3900,0.3900,0.3900,0.3900,0.3481,0
9/11/2021,0.3900,0.3900,0.3900,0.3900,0.3481,0
8/11/2021,0.3900,0.3900,0.3900,0.3900,0.3481,500
8/11/2021,,,,,,,0.01
5/11/2021,0.4200,0.4200,0.4200,0.4200,0.3659,1500
3/11/2021,0.4000,0.4000,0.4000,0.4000,0.3485,2000
2/11/2021,0.4200,0.4200,0.4200,0.4200,0.3659,0
1/11/2021,0.4200,0.4200,0.4200,0.4200,0.3659,0
29/10/2021,0.4200,0.4200,0.4200,0.4200,0.3659,20000
28/10/2021,0.4300,0.4300,0.4300,0.4300,0.3746,0
27/10/2021,0.4050,0.4300,0.4050,0.4300,0.3746,21000
26/10/2021,0.4000,0.4000,0.4000,0.4000,0.3485,12000
25/10/2021,0.4000,0.4050,0.4000,0.4000,0.3485,25600
22/10/2021,0.4100,0.4100,0.4100,0.4100,0.3572,0
21/10/2021,0.3950,0.4300,0.3950,0.4100,0.3572,28500
20/10/2021,0.4200,0.4200,0.4200,0.4200,0.3659,32500
19/10/2021,0.4700,0.4700,0.4700,0.4700,0.4095,10000
18/10/2021,0.4050,0.4050,0.4050,0.4050,0.3528,0
15/10/2021,0.4000,0.4050,0.4000,0.4050,0.3528,20000
14/10/2021,0.4100,0.4200,0.4000,0.4000,0.3485,17100
13/10/2021,0.4050,0.4050,0.4050,0.4050,0.3528,1000
12/10/2021,0.4000,0.4000,0.4000,0.4000,0.3485,12000
11/10/2021,0.3950,0.3950,0.3950,0.3950,0.3441,0
8/10/2021,0.4000,0.4000,0.3950,0.3950,0.3441,8200
7/10/2021,0.4000,0.4000,0.4000,0.4000,0.3485,0
6/10/2021,0.3950,0.4000,0.3900,0.4000,0.3485,12000
5/10/2021,0.3900,0.3900,0.3900,0.3900,0.3398,12400
4/10/2021,0.4150,0.4150,0.4150,0.4150,0.3616,0
1/10/2021,0.4150,0.4150,0.4150,0.4150,0.3616,0
30/9/2021,0.4150,0.4150,0.4150,0.4150,0.3616,0
29/9/2021,0.4150,0.4150,0.4150,0.4150,0.3616,3000
28/9/2021,0.4150,0.4150,0.4150,0.4150,0.3616,0
27/9/2021,0.4150,0.4150,0.4150,0.4150,0.3616,0
24/9/2021,0.4150,0.4150,0.4150,0.4150,0.3616,6700
23/9/2021,0.4200,0.4200,0.4150,0.4150,0.3616,3100
22/9/2021,0.4150,0.4150,0.4150,0.4150,0.3616,1100
21/9/2021,0.4150,0.4150,0.4150,0.4150,0.3616,5000
20/9/2021,0.4150,0.4150,0.4150,0.4150,0.3616,102400
17/9/2021,0.4150,0.4150,0.4150,0.4150,0.3616,0
16/9/2021,0.4150,0.4150,0.4150,0.4150,0.3616,5000
15/9/2021,0.4150,0.4150,0.4150,0.4150,0.3616,1900
14/9/2021,0.4200,0.4200,0.4200,0.4200,0.3659,1000
13/9/2021,0.4150,0.4150,0.4150,0.4150,0.3616,34400
10/9/2021,0.4200,0.4200,0.4200,0.4200,0.3659,27500
9/9/2021,0.4200,0.4200,0.4200,0.4200,0.3659,3700
8/9/2021,0.4200,0.4200,0.4200,0.4200,0.3659,0
7/9/2021,0.4200,0.4200,0.4200,0.4200,0.3659,22000
6/9/2021,0.4200,0.4200,0.4200,0.4200,0.3659,8400
3/9/2021,0.4300,0.4300,0.4150,0.4150,0.3616,5100
2/9/2021,0.4150,0.4150,0.4150,0.4150,0.3616,0
1/9/2021,0.4300,0.4300,0.4150,0.4150,0.3616,3000
31/8/2021,0.4200,0.4200,0.4150,0.4150,0.3616,11200
30/8/2021,0.4250,0.4300,0.4250,0.4300,0.3746,14000
27/8/2021,0.4200,0.4200,0.4200,0.4200,0.3659,0
26/8/2021,0.4150,0.4200,0.4150,0.4200,0.3659,176300
25/8/2021,0.4150,0.4200,0.4150,0.4200,0.3659,64900
24/8/2021,0.4150,0.4150,0.4150,0.4150,0.3616,42900
23/8/2021,0.4150,0.4150,0.4150,0.4150,0.3616,23600
20/8/2021,0.4100,0.4100,0.4100,0.4100,0.3572,0
19/8/2021,0.4100,0.4100,0.4100,0.4100,0.3572,50000
18/8/2021,0.4100,0.4100,0.4100,0.4100,0.3572,43200
17/8/2021,0.4300,0.4300,0.4300,0.4300,0.3746,0
16/8/2021,0.4300,0.4300,0.4300,0.4300,0.3746,0
13/8/2021,0.4300,0.4300,0.4300,0.4300,0.3746,0
12/8/2021,0.4300,0.4300,0.4300,0.4300,0.3746,0
11/8/2021,0.4050,0.4300,0.4000,0.4300,0.3746,70600
10/8/2021,0.3950,0.4200,0.3950,0.4200,0.3659,1300
6/8/2021,0.4050,0.4100,0.4050,0.4100,0.3572,202000
5/8/2021,0.4100,0.4100,0.4100,0.4100,0.3572,159600
4/8/2021,0.4250,0.4250,0.4250,0.4250,0.3703,0
3/8/2021,0.4250,0.4250,0.4250,0.4250,0.3703,0
2/8/2021,0.3900,0.4250,0.3900,0.4250,0.3703,7300
30/7/2021,0.4050,0.4050,0.4050,0.4050,0.3528,14300
29/7/2021,0.4000,0.4000,0.4000,0.4000,0.3485,3000
28/7/2021,0.4000,0.4000,0.4000,0.4000,0.3485,10000
27/7/2021,0.4000,0.4000,0.4000,0.4000,0.3485,6000
26/7/2021,0.4000,0.4000,0.4000,0.4000,0.3485,0
23/7/2021,0.4000,0.4000,0.4000,0.4000,0.3485,900
22/7/2021,0.4050,0.4050,0.4050,0.4050,0.3528,0
21/7/2021,0.4100,0.4100,0.4050,0.4050,0.3528,23300
19/7/2021,0.4100,0.4100,0.4100,0.4100,0.3572,25000
16/7/2021,0.4100,0.4100,0.4100,0.4100,0.3572,10000
15/7/2021,0.4000,0.4000,0.4000,0.4000,0.3485,0
14/7/2021,0.4000,0.4000,0.4000,0.4000,0.3485,2000
13/7/2021,0.4100,0.4300,0.4100,0.4200,0.3659,23400
12/7/2021,0.4050,0.4200,0.4050,0.4200,0.3659,18000
9/7/2021,0.4050,0.4050,0.3950,0.4000,0.3485,21000
8/7/2021,0.4050,0.4050,0.4050,0.4050,0.3528,0
7/7/2021,0.4050,0.4050,0.4050,0.4050,0.3528,52400
6/7/2021,0.4050,0.4250,0.4050,0.4200,0.3659,10500
5/7/2021,0.4200,0.4200,0.4200,0.4200,0.3659,0
2/7/2021,0.4200,0.4200,0.4200,0.4200,0.3659,29600
1/7/2021,0.4050,0.4100,0.4050,0.4100,0.3572,15400
30/6/2021,0.3950,0.3950,0.3950,0.3950,0.3441,20100
29/6/2021,0.3900,0.3900,0.3900,0.3900,0.3398,0
28/6/2021,0.3900,0.3900,0.3900,0.3900,0.3398,7200
25/6/2021,0.3950,0.3950,0.3950,0.3950,0.3441,30300
24/6/2021,0.3950,0.3950,0.3950,0.3950,0.3441,2200
23/6/2021,0.4000,0.4000,0.4000,0.4000,0.3485,0
22/6/2021,0.4000,0.4000,0.4000,0.4000,0.3485,0
21/6/2021,0.4000,0.4000,0.4000,0.4000,0.3485,0
18/6/2021,0.4000,0.4000,0.4000,0.4000,0.3485,4900
17/6/2021,0.4000,0.4000,0.3950,0.3950,0.3441,7400
16/6/2021,0.3950,0.3950,0.3950,0.3950,0.3441,0
15/6/2021,0.4000,0.4000,0.3950,0.3950,0.3441,21300
14/6/2021,0.4000,0.4000,0.4000,0.4000,0.3485,0
11/6/2021,0.4000,0.4000,0.4000,0.4000,0.3485,0
10/6/2021,0.3950,0.4000,0.3950,0.4000,0.3485,12900
9/6/2021,0.4000,0.4000,0.4000,0.4000,0.3485,0
8/6/2021,0.4000,0.4050,0.4000,0.4000,0.3485,4300
7/6/2021,0.4050,0.4200,0.3950,0.3950,0.3441,33500
4/6/2021,0.4000,0.4000,0.4000,0.4000,0.3485,0
3/6/2021,0.4000,0.4000,0.4000,0.4000,0.3485,0
2/6/2021,0.4000,0.4000,0.4000,0.4000,0.3485,0
1/6/2021,0.4000,0.4000,0.4000,0.4000,0.3485,20500
31/5/2021,0.4000,0.4000,0.4000,0.4000,0.3485,5200
28/5/2021,0.4000,0.4000,0.4000,0.4000,0.3485,8000
27/5/2021,0.3950,0.4000,0.3900,0.4000,0.3485,73100
25/5/2021,0.3950,0.3950,0.3950,0.3950,0.3441,30000
24/5/2021,0.3950,0.3950,0.3950,0.3950,0.3441,0
21/5/2021,0.3950,0.3950,0.3950,0.3950,0.3441,0
20/5/2021,0.3950,0.3950,0.3950,0.3950,0.3441,0
19/5/2021,0.4000,0.4000,0.3950,0.3950,0.3441,25700
18/5/2021,0.4000,0.4000,0.4000,0.4000,0.3485,0
17/5/2021,0.4000,0.4000,0.4000,0.4000,0.3485,0
14/5/2021,0.4000,0.4000,0.3950,0.4000,0.3485,368000
12/5/2021,0.4100,0.4100,0.4050,0.4050,0.3528,30000
11/5/2021,0.3950,0.3950,0.3950,0.3950,0.3441,0
10/5/2021,0.3950,0.3950,0.3950,0.3950,0.3441,1200
7/5/2021,0.4000,0.4000,0.4000,0.4000,0.3485,300
6/5/2021,0.3950,0.3950,0.3950,0.3950,0.3441,35000
5/5/2021,0.3950,0.3950,0.3950,0.3950,0.3441,0
4/5/2021,0.3950,0.3950,0.3950,0.3950,0.3441,0
3/5/2021,0.4000,0.4000,0.3950,0.3950,0.3441,11400
30/4/2021,0.4050,0.4050,0.4000,0.4000,0.3485,117300
29/4/2021,0.4050,0.4050,0.4000,0.4000,0.3485,45000
28/4/2021,0.4100,0.4100,0.4100,0.4100,0.3572,63300
27/4/2021,0.4150,0.4150,0.4100,0.4100,0.3572,7000
26/4/2021,0.4100,0.4100,0.4100,0.4100,0.3572,76500
23/4/2021,0.4000,0.4050,0.4000,0.4050,0.3528,25500
22/4/2021,0.4050,0.4050,0.4000,0.4000,0.3485,5100
21/4/2021,0.3900,0.3900,0.3900,0.3900,0.3398,0
20/4/2021,0.3900,0.3900,0.3900,0.3900,0.3398,20400
19/4/2021,0.3950,0.3950,0.3950,0.3950,0.3441,0
16/4/2021,0.3950,0.3950,0.3950,0.3950,0.3441,0
15/4/2021,0.3950,0.3950,0.3950,0.3950,0.3441,0
14/4/2021,0.3950,0.3950,0.3950,0.3950,0.3441,300
13/4/2021,0.4000,0.4000,0.4000,0.4000,0.3485,3600
12/4/2021,0.4000,0.4000,0.4000,0.4000,0.3485,0
9/4/2021,0.3950,0.4000,0.3950,0.4000,0.3485,40300
8/4/2021,0.4150,0.4150,0.4150,0.4150,0.3616,0
7/4/2021,0.4150,0.4150,0.4150,0.4150,0.3616,0
6/4/2021,0.4150,0.4150,0.4150,0.4150,0.3616,2000
5/4/2021,0.3950,0.3950,0.3950,0.3950,0.3441,0
1/4/2021,0.3950,0.3950,0.3950,0.3950,0.3441,2000
31/3/2021,0.3900,0.3900,0.3900,0.3900,0.3398,0
30/3/2021,0.3900,0.3950,0.3900,0.3900,0.3398,22600
29/3/2021,0.4100,0.4100,0.4100,0.4100,0.3572,0
26/3/2021,0.4000,0.4100,0.4000,0.4100,0.3572,12000
25/3/2021,0.4050,0.4100,0.4050,0.4100,0.3572,16400
24/3/2021,0.4050,0.4050,0.4050,0.4050,0.3528,0
23/3/2021,0.4050,0.4050,0.4050,0.4050,0.3528,9400
22/3/2021,0.4050,0.4100,0.4050,0.4100,0.3572,23500
19/3/2021,0.4100,0.4150,0.4050,0.4100,0.3572,82200
18/3/2021,0.4100,0.4150,0.4100,0.4150,0.3616,74000
17/3/2021,0.4050,0.4150,0.4050,0.4100,0.3572,70400
16/3/2021,0.4000,0.4000,0.4000,0.4000,0.3485,0
15/3/2021,0.4000,0.4000,0.4000,0.4000,0.3485,54000
12/3/2021,0.4000,0.4000,0.4000,0.4000,0.3485,41300
11/3/2021,0.3950,0.3950,0.3950,0.3950,0.3441,4000
10/3/2021,0.4300,0.4300,0.3900,0.4000,0.3485,29300
9/3/2021,0.4050,0.4100,0.4050,0.4100,0.3572,26100
8/3/2021,0.4000,0.4050,0.4000,0.4050,0.3528,62000
5/3/2021,0.4000,0.4000,0.4000,0.4000,0.3485,149500
4/3/2021,0.3900,0.4000,0.3900,0.4000,0.3485,120000
3/3/2021,0.3900,0.3900,0.3900,0.3900,0.3398,31000
2/3/2021,0.3850,0.3900,0.3850,0.3900,0.3398,21000
1/3/2021,0.3900,0.3950,0.3900,0.3950,0.3441,42200
26/2/2021,0.4100,0.4100,0.4100,0.4100,0.3572,0
25/2/2021,0.4150,0.4150,0.3900,0.4100,0.3572,14000
25/2/2021,,,,,,,0.0075
24/2/2021,0.4500,0.4500,0.4450,0.4450,0.3812,157100
23/2/2021,0.4550,0.4550,0.4500,0.4500,0.3854,109100
22/2/2021,0.4400,0.4550,0.4400,0.4550,0.3897,113600
19/2/2021,0.4450,0.4450,0.4400,0.4450,0.3812,118400
18/2/2021,0.4450,0.4500,0.4450,0.4500,0.3854,147900
17/2/2021,0.4550,0.4550,0.4300,0.4450,0.3812,131900
16/2/2021,0.4600,0.4600,0.4550,0.4550,0.3897,371600
15/2/2021,0.4400,0.4600,0.4400,0.4600,0.3940,308300
11/2/2021,0.4000,0.4350,0.4000,0.4350,0.3726,172500
10/2/2021,0.4050,0.4250,0.4050,0.4150,0.3555,178500
9/2/2021,0.3800,0.3850,0.3700,0.3850,0.3298,50200
8/2/2021,0.3750,0.3950,0.3750,0.3950,0.3383,6500
5/2/2021,0.3850,0.4000,0.3850,0.4000,0.3426,110400
4/2/2021,0.3900,0.3900,0.3850,0.3850,0.3298,18000
3/2/2021,0.3900,0.4000,0.3800,0.3850,0.3298,81600
2/2/2021,0.3800,0.3800,0.3750,0.3750,0.3212,25300
1/2/2021,0.3800,0.3800,0.3800,0.3800,0.3255,36200
29/1/2021,0.3700,0.3800,0.3700,0.3800,0.3255,27100
28/1/2021,0.3700,0.3800,0.3700,0.3800,0.3255,22300
27/1/2021,0.3800,0.3800,0.3800,0.3800,0.3255,12000
26/1/2021,0.3800,0.3800,0.3800,0.3800,0.3255,3000
25/1/2021,0.3800,0.3800,0.3800,0.3800,0.3255,62000
22/1/2021,0.3800,0.3800,0.3800,0.3800,0.3255,0
21/1/2021,0.3800,0.3800,0.3800,0.3800,0.3255,0
20/1/2021,0.3800,0.3800,0.3800,0.3800,0.3255,0
19/1/2021,0.3800,0.3800,0.3800,0.3800,0.3255,0
18/1/2021,0.3750,0.3800,0.3750,0.3800,0.3255,42500
15/1/2021,0.3750,0.3750,0.3750,0.3750,0.3212,0
14/1/2021,0.3750,0.3750,0.3750,0.3750,0.3212,32000
13/1/2021,0.3750,0.3750,0.3750,0.3750,0.3212,56200
12/1/2021,0.3800,0.3800,0.3750,0.3750,0.3212,79100
11/1/2021,0.3750,0.3750,0.3750,0.3750,0.3212,45000
8/1/2021,0.3750,0.3800,0.3750,0.3800,0.3255,32300
7/1/2021,0.3750,0.3750,0.3750,0.3750,0.3212,55700
6/1/2021,0.3750,0.3750,0.3750,0.3750,0.3212,19900
5/1/2021,0.3750,0.3800,0.3750,0.3750,0.3212,31600
4/1/2021,0.3800,0.3800,0.3750,0.3750,0.3212,43000
