30/9/2024,16.000,16.860,16.100,16.740,16.740,3431563
27/9/2024,15.900,16.160,15.660,15.800,15.800,1919000
26/9/2024,14.860,15.900,14.600,15.660,15.660,3097089
25/9/2024,14.880,15.180,14.600,14.720,14.720,1236158
24/9/2024,14.380,14.700,14.020,14.680,14.680,1838000
23/9/2024,14.360,14.480,14.120,14.120,14.120,1121139
20/9/2024,14.340,14.580,14.240,14.280,14.280,1292000
19/9/2024,14.100,14.360,14.060,14.300,14.300,881000
17/9/2024,14.180,14.180,14.000,14.040,14.040,407000
16/9/2024,14.060,14.100,13.900,14.040,14.040,340000
13/9/2024,14.000,14.200,13.980,14.060,14.060,575000
12/9/2024,14.160,14.160,13.920,14.000,14.000,399540
11/9/2024,13.920,14.040,13.840,13.940,13.940,1162450
10/9/2024,13.920,14.140,13.820,14.000,14.000,929000
9/9/2024,14.200,14.420,13.940,14.120,14.120,1007000
5/9/2024,14.000,14.200,13.960,14.200,14.200,421000
4/9/2024,14.080,14.160,13.920,14.160,14.160,782000
3/9/2024,14.300,14.460,14.140,14.220,14.220,482000
2/9/2024,14.500,14.500,14.180,14.280,14.280,716000
30/8/2024,14.280,14.640,14.200,14.460,14.460,1513100
29/8/2024,14.200,14.360,14.040,14.280,14.280,1595000
28/8/2024,14.340,14.480,14.180,14.280,14.280,574000
27/8/2024,14.240,14.300,14.120,14.200,14.200,724000
26/8/2024,14.340,14.380,14.220,14.240,14.240,627000
23/8/2024,14.220,14.280,14.020,14.180,14.180,445000
22/8/2024,14.480,14.480,14.200,14.280,14.280,1009000
21/8/2024,14.100,14.320,14.020,14.260,14.260,307139
20/8/2024,0.64 Dividend,,,,,
20/8/2024,14.280,14.400,14.000,14.260,14.260,932000
19/8/2024,14.740,15.000,14.740,14.900,14.260,1356160
16/8/2024,14.620,14.860,14.620,14.740,14.107,864000
15/8/2024,14.600,14.700,14.360,14.540,13.915,1256000
15/8/2024,Results of AGM (PM)
14/8/2024,14.920,14.920,14.600,14.620,13.992,1657000
13/8/2024,15.140,15.140,14.560,14.640,14.011,3329522
12/8/2024,15.000,15.160,14.860,14.940,14.298,256000
9/8/2024,15.100,15.280,14.940,15.000,14.356,551748
8/8/2024,15.300,15.420,15.000,15.140,14.490,950135
7/8/2024,15.120,15.560,15.080,15.300,14.643,952176
6/8/2024,14.880,15.160,14.780,15.100,14.451,808000
5/8/2024,14.960,14.980,14.480,14.880,14.241,1097158
2/8/2024,15.080,15.200,14.920,15.100,14.451,461000
1/8/2024,15.460,15.280,15.140,15.180,14.528,667000
31/7/2024,15.140,15.460,15.060,15.360,14.700,618908
30/7/2024,15.080,15.200,14.980,15.060,14.413,1054000
29/7/2024,15.180,15.280,15.000,15.140,14.490,552703
26/7/2024,15.060,15.300,15.000,15.180,14.528,897000
25/7/2024,15.060,15.060,14.820,14.980,14.337,842318
24/7/2024,15.360,15.360,15.020,15.100,14.451,989500
23/7/2024,15.380,15.380,15.060,15.180,14.528,622000
22/7/2024,15.020,15.280,14.900,15.280,14.624,539000
19/7/2024,15.220,15.500,15.040,15.100,14.451,1000000
18/7/2024,15.740,15.740,15.420,15.480,14.815,398000
18/7/2024,Sales Performance (PM)
17/7/2024,15.360,15.840,15.360,15.720,15.045,778165
16/7/2024,15.360,15.360,15.040,15.280,14.624,1695140
15/7/2024,16.200,16.200,15.300,15.340,14.681,1217000
12/7/2024,15.880,16.200,15.880,15.980,15.294,1425000
11/7/2024,15.340,15.860,15.220,15.760,15.083,1923209
10/7/2024,15.420,15.520,15.160,15.200,14.547,1143725
9/7/2024,15.300,15.420,15.120,15.400,14.739,2661868
8/7/2024,15.680,15.820,15.200,15.280,14.624,1287206
5/7/2024,-,-,-,-,-,0
4/7/2024,16.100,16.100,15.740,15.800,15.121,961000
3/7/2024,16.240,16.240,15.860,16.100,15.408,1797365
2/7/2024,16.620,16.660,15.860,16.240,15.542,3795126
28/6/2024,17.000,17.100,16.320,16.620,15.906,894000
28/6/2024,Annual Results (PM)
28/6/2024,CD (PM)
27/6/2024,16.860,16.880,16.600,16.680,15.964,830000
26/6/2024,17.420,17.420,16.800,16.840,16.117,1042753
25/6/2024,17.360,17.580,17.100,17.300,16.557,1736000
24/6/2024,17.020,17.080,16.720,17.000,16.270,1437005
24/6/2024,Profit Warning (PM)
21/6/2024,16.940,16.940,16.660,16.740,16.021,778000
20/6/2024,17.240,17.240,16.680,16.780,16.059,860000
19/6/2024,16.840,17.300,16.760,17.160,16.423,1600000
18/6/2024,16.920,16.940,16.700,16.820,16.098,1011000
17/6/2024,16.820,17.320,16.540,16.820,16.098,1479000
14/6/2024,17.840,17.840,16.820,16.820,16.098,1986569
13/6/2024,18.140,18.340,17.780,17.980,17.208,563000
12/6/2024,18.040,18.120,17.660,17.980,17.208,406000
11/6/2024,18.240,18.240,17.820,17.880,17.112,420000
7/6/2024,17.900,18.160,17.820,18.020,17.246,1036132
6/6/2024,18.500,18.520,17.800,17.900,17.131,1044000
5/6/2024,18.620,18.780,18.380,18.380,17.591,217000
4/6/2024,18.500,18.900,18.420,18.500,17.705,579263
3/6/2024,19.160,19.160,18.440,18.440,17.648,877000
31/5/2024,18.940,19.360,18.920,19.160,18.337,690256
30/5/2024,19.020,19.120,18.760,18.920,18.107,413000
29/5/2024,19.060,19.240,18.940,19.080,18.260,253000
28/5/2024,18.880,19.280,18.880,19.060,18.241,507000
27/5/2024,18.720,19.080,18.480,18.860,18.050,421000
24/5/2024,18.820,18.860,18.580,18.740,17.935,331380
23/5/2024,19.180,19.180,18.860,18.860,18.050,300010
22/5/2024,19.520,19.540,19.180,19.240,18.414,917000
21/5/2024,19.640,19.720,19.340,19.540,18.701,760000
20/5/2024,19.360,19.900,19.120,19.640,18.796,1319000
17/5/2024,18.820,19.380,18.820,19.240,18.414,383000
16/5/2024,19.260,19.260,18.740,19.080,18.260,828000
14/5/2024,19.380,19.500,19.000,19.100,18.280,510000
13/5/2024,19.120,19.320,18.900,19.280,18.452,674000
10/5/2024,18.980,19.140,18.820,19.140,18.318,642000
9/5/2024,18.600,18.820,18.320,18.700,17.897,879000
8/5/2024,19.020,19.240,18.440,18.460,17.667,725074
7/5/2024,19.260,19.440,19.020,19.020,18.203,356000
6/5/2024,19.040,19.220,18.860,19.100,18.280,638000
3/5/2024,18.980,19.400,18.980,19.300,18.471,1019355
2/5/2024,18.860,18.920,18.500,18.860,18.050,725000
30/4/2024,19.080,19.120,18.600,18.800,17.992,310000
29/4/2024,18.880,19.280,18.640,18.760,17.954,879000
26/4/2024,18.100,18.780,18.100,18.620,17.820,854100
25/4/2024,18.260,18.420,18.140,18.260,17.476,510900
24/4/2024,18.160,18.500,18.040,18.400,17.610,878000
23/4/2024,17.920,18.780,17.920,18.260,17.476,896010
22/4/2024,17.920,18.300,17.820,17.900,17.131,1287000
19/4/2024,18.167,18.247,17.528,17.887,17.119,1484717
18/4/2024,18.366,18.746,17.987,18.446,17.654,1299478
18/4/2024,Sales Performance (PM)
17/4/2024,18.306,18.486,17.907,18.386,17.597,1102017
16/4/2024,18.466,18.566,17.987,17.987,17.214,911668
15/4/2024,18.965,18.965,18.346,18.526,17.730,1631987
12/4/2024,20.313,20.313,18.945,19.085,18.265,2847212
11/4/2024,21.161,21.161,20.163,20.512,19.631,1612952
10/4/2024,21.461,21.660,20.762,21.111,20.204,704096
9/4/2024,21.361,21.760,21.061,21.261,20.348,684752
8/4/2024,21.610,21.810,21.261,21.361,20.443,732789
5/4/2024,21.910,22.060,21.311,21.361,20.443,446817
3/4/2024,21.760,21.960,21.560,21.810,20.873,337618
2/4/2024,21.411,21.910,21.311,21.710,20.778,724325
28/3/2024,21.511,21.710,21.161,21.411,20.491,381698
28/3/2024,CD (PM)
27/3/2024,21.760,22.060,21.361,21.610,20.682,940722
26/3/2024,21.810,21.810,21.361,21.461,20.539,557019
25/3/2024,21.161,22.109,21.161,21.810,20.873,537984
22/3/2024,21.910,21.910,21.111,21.411,20.491,561027
21/3/2024,21.810,22.109,21.760,22.010,21.064,817504
20/3/2024,22.060,22.109,21.461,21.560,20.634,802469
19/3/2024,22.159,22.259,21.910,22.109,21.160,592083
18/3/2024,22.109,22.159,21.411,21.910,20.969,534979
15/3/2024,22.658,22.658,21.960,22.209,21.255,1483716
14/3/2024,22.609,22.858,22.259,22.609,21.637,566036
13/3/2024,23.058,23.058,22.509,22.609,21.637,168308
12/3/2024,22.509,23.108,22.409,22.958,21.972,763397
11/3/2024,22.609,22.858,22.060,22.409,21.446,454832
8/3/2024,21.960,22.658,21.960,22.409,21.446,748369
7/3/2024,21.610,22.060,21.560,21.960,21.016,781480
6/3/2024,21.361,21.710,21.361,21.610,20.682,215394
5/3/2024,22.159,22.159,21.461,21.560,20.634,258673
4/3/2024,20.862,21.960,20.862,21.960,21.016,1026879
1/3/2024,21.111,21.111,20.862,20.962,20.061,338619
29/2/2024,20.712,21.261,20.712,20.912,20.013,716311
28/2/2024,21.461,21.560,20.862,20.862,19.966,237434
27/2/2024,21.461,21.560,20.912,21.411,20.491,183658
26/2/2024,21.660,21.660,21.011,21.211,20.300,310568
23/2/2024,21.211,21.660,21.061,21.610,20.682,360669
22/2/2024,20.662,21.560,20.462,21.361,20.443,962762
21/2/2024,20.962,21.211,20.462,20.562,19.679,433365
20/2/2024,20.612,21.161,20.512,21.011,20.109,277508
19/2/2024,20.013,20.762,19.884,20.612,19.727,651192
16/2/2024,19.524,20.063,19.524,20.013,19.154,259975
15/2/2024,19.305,19.764,19.005,19.644,18.800,464850
14/2/2024,19.205,19.205,18.905,19.145,18.323,332107
9/2/2024,19.165,19.205,18.925,19.205,18.380,162297
8/2/2024,19.345,19.464,19.085,19.165,18.342,354649
7/2/2024,19.424,19.644,19.165,19.205,18.380,197418
6/2/2024,19.464,19.564,19.364,19.484,18.647,474869
5/2/2024,19.564,19.564,19.085,19.364,18.533,230421
2/2/2024,20.113,20.163,19.444,19.664,18.819,148271
1/2/2024,19.265,19.963,19.265,19.664,18.819,934711
31/1/2024,19.844,19.844,19.265,19.325,18.495,616127
30/1/2024,20.562,20.562,19.764,19.764,18.915,337823
29/1/2024,20.562,20.912,20.462,20.562,19.679,368674
26/1/2024,20.912,20.912,20.462,20.462,19.584,182333
25/1/2024,20.762,20.862,20.462,20.862,19.966,168308
24/1/2024,20.013,20.662,19.963,20.662,19.775,316714
23/1/2024,20.063,20.113,19.664,19.963,19.106,557709
22/1/2024,20.962,20.962,19.564,19.864,19.010,739362
19/1/2024,21.111,21.161,20.462,20.612,19.727,473867
18/1/2024,20.862,21.461,20.612,21.211,20.300,590080
18/1/2024,Sales Performance (PM)
17/1/2024,20.712,20.912,20.462,20.512,19.631,1380527
16/1/2024,20.662,21.061,20.163,20.562,19.679,370678
15/1/2024,20.912,20.962,20.662,20.912,20.013,149323
12/1/2024,20.562,20.912,20.413,20.612,19.727,218399
11/1/2024,20.063,20.712,20.113,20.662,19.775,302553
10/1/2024,20.063,20.263,20.063,20.113,19.249,149273
9/1/2024,19.844,20.313,19.724,20.213,19.345,236432
8/1/2024,19.704,19.724,19.285,19.724,18.877,366105
5/1/2024,20.013,20.413,19.584,19.684,18.838,419768
4/1/2024,20.313,20.512,20.013,20.063,19.201,304557
3/1/2024,20.512,20.662,20.263,20.363,19.488,185339
2/1/2024,20.862,20.962,20.413,20.662,19.775,736347
29/12/2023,21.560,21.560,20.812,20.912,20.013,193353
28/12/2023,20.662,21.660,20.612,21.411,20.491,369676
27/12/2023,20.562,20.662,20.363,20.662,19.775,77141
22/12/2023,21.061,21.211,20.462,20.562,19.679,561928
21/12/2023,20.962,21.261,20.962,21.111,20.204,59182
20/12/2023,21.511,21.560,21.111,21.211,20.300,195357
19/12/2023,21.461,21.660,21.311,21.560,20.634,181331
18/12/2023,21.461,21.760,21.411,21.511,20.587,736347
15/12/2023,21.111,21.610,21.111,21.511,20.587,401735
14/12/2023,20.862,21.361,20.662,20.762,19.870,317581
13/12/2023,21.411,21.461,20.662,20.862,19.966,670226
12/12/2023,0.72 Dividend,,,,,
12/12/2023,21.411,21.610,20.862,21.560,20.634,472743
11/12/2023,21.660,21.860,21.111,21.660,20.041,331322
8/12/2023,22.459,22.459,21.810,21.910,20.272,511023
7/12/2023,22.908,22.908,22.409,22.708,21.011,213891
6/12/2023,22.109,22.609,21.910,22.609,20.918,302871
5/12/2023,22.409,22.858,21.960,22.159,20.503,501471
4/12/2023,22.010,22.359,21.461,22.259,20.595,917114
1/12/2023,21.760,22.209,21.411,21.860,20.226,1258303
30/11/2023,20.712,22.209,20.213,21.760,20.133,3162590
29/11/2023,20.263,20.413,19.784,20.263,18.748,534979
29/11/2023,Interim Results (PM)
29/11/2023,CD (PM)
28/11/2023,20.013,20.562,19.963,20.313,18.794,442810
27/11/2023,20.063,20.163,19.724,19.943,18.452,215394
24/11/2023,20.413,20.862,19.884,20.313,18.794,808480
23/11/2023,20.213,20.862,19.963,20.413,18.886,668223
22/11/2023,19.963,20.013,19.724,19.804,18.323,87159
22/11/2023,Profit Warning (PM)
21/11/2023,19.444,20.113,19.444,19.844,18.360,776421
20/11/2023,19.225,19.644,19.225,19.464,18.009,78143
17/11/2023,19.564,19.584,19.285,19.285,17.843,126231
16/11/2023,19.724,19.884,19.544,19.764,18.286,184337
15/11/2023,19.345,19.724,19.325,19.724,18.249,151276
14/11/2023,19.065,19.265,18.885,19.085,17.658,166304
13/11/2023,18.726,18.985,18.726,18.865,17.455,72132
10/11/2023,19.025,19.025,18.706,18.825,17.418,284553
9/11/2023,19.225,19.305,18.985,19.145,17.714,434795
8/11/2023,19.325,19.364,19.165,19.205,17.769,228418
7/11/2023,19.524,19.644,19.165,19.325,17.880,465879
6/11/2023,19.604,19.963,19.564,19.664,18.194,174777
3/11/2023,19.364,19.704,19.305,19.584,18.120,285522
2/11/2023,19.364,19.524,19.245,19.424,17.972,265486
1/11/2023,19.245,19.364,19.165,19.305,17.861,774417
31/10/2023,19.484,19.504,19.225,19.345,17.898,322590
30/10/2023,19.684,19.824,19.524,19.584,18.120,243585
27/10/2023,19.923,19.923,19.564,19.784,18.305,179328
26/10/2023,19.844,19.844,19.484,19.564,18.101,176322
25/10/2023,19.764,19.864,19.484,19.564,18.101,514942
24/10/2023,19.784,19.784,19.185,19.544,18.083,973660
20/10/2023,20.113,20.263,19.504,19.704,18.231,772414
19/10/2023,20.462,20.562,19.564,20.462,18.933,1407249
18/10/2023,20.662,20.662,20.462,20.462,18.933,280513
17/10/2023,20.762,20.912,20.462,20.612,19.071,335614
17/10/2023,Sales Performance (PM)
16/10/2023,21.361,21.361,20.762,20.912,19.348,179328
13/10/2023,21.261,21.261,21.011,21.211,19.625,204119
12/10/2023,21.461,21.461,20.712,21.261,19.671,470962
11/10/2023,21.161,21.361,20.812,20.862,19.302,283519
10/10/2023,21.311,21.361,20.662,21.161,19.579,889969
9/10/2023,21.311,21.560,21.061,21.061,19.487,393076
6/10/2023,20.662,21.610,20.512,21.461,19.856,754381
5/10/2023,20.912,21.411,20.762,20.962,19.394,995322
4/10/2023,20.113,21.061,20.113,20.612,19.071,780114
3/10/2023,20.462,20.762,19.884,20.562,19.025,1071962
29/9/2023,20.363,20.562,20.063,20.263,18.748,608113
28/9/2023,20.263,20.612,20.263,20.413,18.886,243445
27/9/2023,20.213,20.662,20.213,20.413,18.886,492565
26/9/2023,19.943,21.011,19.943,20.213,18.702,603918
25/9/2023,19.804,19.903,19.764,19.884,18.397,130238
22/9/2023,19.844,20.113,19.804,20.013,18.517,660208
21/9/2023,19.804,19.864,19.664,19.724,18.249,855566
20/9/2023,19.704,19.943,19.704,19.864,18.378,561327
19/9/2023,19.764,19.864,19.484,19.864,18.378,164000
18/9/2023,20.063,20.063,19.524,19.684,18.212,157287
15/9/2023,19.884,20.462,19.884,20.113,18.609,560025
14/9/2023,19.963,20.263,19.824,20.163,18.656,554014
13/9/2023,19.804,19.923,19.624,19.864,18.378,348455
12/9/2023,19.684,19.963,19.664,19.844,18.360,441808
11/9/2023,19.804,19.864,19.664,19.744,18.268,444814
7/9/2023,19.664,19.903,19.664,19.864,18.378,200218
6/9/2023,19.684,19.864,19.484,19.744,18.268,561527
5/9/2023,19.664,19.864,19.664,19.764,18.286,181214
4/9/2023,19.345,19.804,19.245,19.764,18.286,479190
31/8/2023,19.544,19.544,19.345,19.424,17.972,992817
30/8/2023,19.564,19.604,19.364,19.424,17.972,629151
29/8/2023,19.145,19.464,19.145,19.404,17.954,506462
28/8/2023,19.564,19.564,19.085,19.145,17.714,202370
25/8/2023,19.404,19.604,19.245,19.464,18.009,129236
24/8/2023,18.965,19.624,18.965,19.404,17.954,455834
23/8/2023,19.225,19.245,18.865,18.985,17.566,342627
22/8/2023,0.55 Dividend,,,,,
22/8/2023,18.925,19.544,18.825,19.384,17.935,305559
21/8/2023,19.664,19.664,19.185,19.285,17.334,932707
18/8/2023,19.764,20.113,19.584,19.724,17.729,508931
17/8/2023,19.724,19.864,19.225,19.844,17.836,1198193
17/8/2023,Results of AGM (PM)
16/8/2023,20.113,20.113,19.704,19.943,17.926,797459
15/8/2023,20.013,20.263,19.884,20.163,18.123,356652
14/8/2023,20.263,20.313,19.963,20.213,18.168,366671
11/8/2023,20.662,20.762,20.313,20.363,18.303,274502
10/8/2023,20.562,20.912,20.313,20.812,18.707,388711
9/8/2023,20.562,20.712,20.063,20.512,18.437,524961
8/8/2023,20.562,20.912,20.512,20.712,18.617,701283
7/8/2023,20.662,20.962,20.413,20.762,18.662,195378
4/8/2023,21.111,21.111,20.712,20.962,18.841,232425
3/8/2023,21.461,21.511,20.862,21.061,18.931,390759
2/8/2023,20.862,21.411,20.662,21.211,19.066,478876
1/8/2023,20.662,21.161,20.462,21.161,19.021,1071962
31/7/2023,20.912,21.011,20.213,20.512,18.437,1250052
28/7/2023,21.161,21.161,20.462,20.662,18.572,618131
27/7/2023,20.862,21.161,20.562,20.912,18.796,848553
26/7/2023,20.413,21.011,20.413,20.912,18.796,510434
25/7/2023,20.263,20.562,20.163,20.562,18.482,490397
24/7/2023,20.313,20.363,19.764,19.963,17.944,446306
21/7/2023,20.113,20.462,19.864,20.413,18.348,781430
20/7/2023,20.413,20.562,19.963,20.113,18.079,446817
19/7/2023,20.512,20.512,20.013,20.413,18.348,426781
18/7/2023,20.263,20.662,20.213,20.512,18.437,923690
14/7/2023,19.903,20.462,19.903,20.263,18.213,665217
13/7/2023,19.564,19.844,19.484,19.604,17.621,650190
13/7/2023,Sales Performance (PM)
12/7/2023,19.504,19.504,19.165,19.504,17.531,584069
11/7/2023,19.005,19.484,18.825,19.404,17.442,1665048
10/7/2023,18.606,19.205,18.606,18.925,17.011,806476
7/7/2023,19.085,19.085,18.606,18.806,16.903,1232628
6/7/2023,19.345,19.384,18.626,19.045,17.119,1549837
5/7/2023,19.544,19.724,19.265,19.285,17.334,845547
4/7/2023,19.963,20.063,19.305,19.464,17.495,1298825
3/7/2023,20.213,20.413,19.724,19.744,17.747,791448
30/6/2023,20.413,20.612,19.963,20.013,17.989,895639
29/6/2023,19.824,20.562,19.065,20.512,18.437,1586909
28/6/2023,22.858,22.858,18.945,19.644,17.657,5775573
27/6/2023,23.457,23.457,22.808,23.158,20.815,921687
27/6/2023,Annual Results (PM)
27/6/2023,CD (PM)
26/6/2023,23.457,24.006,23.457,23.707,21.309,749371
23/6/2023,23.008,23.806,23.008,23.707,21.309,280513
21/6/2023,23.756,23.756,23.158,23.207,20.860,116212
20/6/2023,23.557,23.756,23.357,23.507,21.129,86021
19/6/2023,23.657,23.806,23.657,23.806,21.398,164300
16/6/2023,23.557,24.256,23.507,23.806,21.398,624142
15/6/2023,23.657,23.956,23.357,23.956,21.533,488894
14/6/2023,23.756,23.806,23.257,23.357,20.995,53097
13/6/2023,23.158,23.707,23.158,23.407,21.039,377691
12/6/2023,23.756,23.756,23.207,23.257,20.905,263482
9/6/2023,23.457,23.657,23.108,23.207,20.860,434795
8/6/2023,23.207,23.657,23.158,23.457,21.084,282517
7/6/2023,22.908,23.856,22.908,23.357,20.995,499934
6/6/2023,22.459,23.008,22.359,22.908,20.591,641173
5/6/2023,22.259,22.609,22.060,22.309,20.052,278551
2/6/2023,21.660,22.359,21.211,22.159,19.918,535981
1/6/2023,21.461,21.461,20.962,21.161,19.021,515563
31/5/2023,21.560,21.860,20.762,21.361,19.200,1216226
30/5/2023,21.411,21.660,21.361,21.560,19.380,585071
29/5/2023,22.309,22.309,21.461,21.710,19.514,272498
25/5/2023,22.359,22.359,21.461,22.159,19.918,712201
24/5/2023,23.158,23.158,21.810,22.309,20.052,465852
23/5/2023,23.457,23.607,22.758,23.108,20.770,515944
22/5/2023,23.557,23.557,23.008,23.357,20.995,498913
19/5/2023,23.707,23.607,23.257,23.557,21.174,483885
18/5/2023,23.657,23.707,23.457,23.657,21.264,280513
17/5/2023,24.106,24.106,23.207,23.457,21.084,1066709
16/5/2023,24.605,24.605,23.707,24.006,21.578,755382
15/5/2023,23.457,24.605,23.457,24.405,21.937,402737
12/5/2023,23.707,23.806,23.557,23.756,21.353,341625
11/5/2023,23.906,23.906,23.058,23.657,21.264,680245
10/5/2023,24.056,24.256,23.607,23.806,21.398,275559
9/5/2023,24.555,24.605,23.507,24.006,21.578,938718
8/5/2023,24.954,25.154,24.605,24.705,22.206,142277
5/5/2023,25.154,25.154,24.805,24.954,22.430,173317
4/5/2023,25.104,25.853,24.854,24.954,22.430,621137
3/5/2023,24.954,25.154,24.805,24.805,22.295,96213
2/5/2023,25.403,25.453,24.805,25.204,22.654,351443
28/4/2023,25.354,25.553,24.805,25.054,22.520,298546
27/4/2023,24.904,25.254,24.405,25.254,22.699,282517
26/4/2023,25.154,25.154,24.455,24.555,22.071,385372
25/4/2023,25.603,25.603,24.555,24.705,22.206,340137
24/4/2023,26.202,26.202,25.004,25.403,22.834,339621
21/4/2023,26.052,26.302,25.453,25.553,22.968,423775
20/4/2023,25.703,26.252,25.703,26.052,23.417,273500
19/4/2023,26.451,26.451,25.453,25.703,23.103,473867
18/4/2023,26.252,26.451,25.753,26.252,23.596,414759
17/4/2023,26.451,26.851,26.102,26.202,23.552,596441
14/4/2023,26.951,27.100,25.952,26.252,23.596,777423
13/4/2023,26.451,26.451,25.753,26.002,23.372,330882
13/4/2023,Sales Performance (PM)
12/4/2023,26.901,27.000,26.501,26.751,24.045,408764
11/4/2023,27.050,27.050,26.451,27.000,24.269,438803
6/4/2023,26.202,27.200,25.902,27.150,24.404,902652
4/4/2023,25.403,26.501,25.403,26.352,23.686,407782
3/4/2023,25.453,26.102,25.304,26.052,23.417,651192
31/3/2023,24.954,25.304,24.755,25.054,22.520,283588
30/3/2023,24.854,25.104,24.405,24.805,22.295,284879
29/3/2023,25.054,25.304,24.854,25.104,22.565,179328
28/3/2023,25.853,25.853,24.755,25.054,22.520,254465
27/3/2023,25.853,25.853,25.154,25.154,22.609,127232
24/3/2023,25.453,25.902,25.104,25.753,23.148,818498
23/3/2023,25.952,26.152,25.453,25.653,23.058,423507
22/3/2023,27.100,27.100,26.152,26.152,23.507,549233
21/3/2023,25.553,27.250,25.553,27.100,24.359,1166463
20/3/2023,25.853,26.451,25.154,25.403,22.834,736047
17/3/2023,25.354,26.551,25.304,26.352,23.686,916824
16/3/2023,25.004,25.154,24.655,25.054,22.520,356930
15/3/2023,25.753,25.753,25.154,25.254,22.699,216396
14/3/2023,25.703,25.703,25.254,25.254,22.699,365669
13/3/2023,24.954,25.753,24.805,25.254,22.699,298280
10/3/2023,24.954,25.254,24.555,25.004,22.475,549272
9/3/2023,26.102,26.352,25.354,25.354,22.789,211386
8/3/2023,27.150,27.150,25.603,25.902,23.282,570531
7/3/2023,26.901,27.150,26.352,26.751,24.045,460859
6/3/2023,26.901,27.000,26.601,26.751,24.045,446670
3/3/2023,26.302,26.851,26.052,26.801,24.090,604140
2/3/2023,25.902,26.152,25.853,26.102,23.462,256469
1/3/2023,24.755,26.002,24.755,25.902,23.282,550928
28/2/2023,24.954,25.304,24.904,25.004,22.475,578067
27/2/2023,24.655,25.803,24.555,25.154,22.609,319084
24/2/2023,24.854,25.054,24.705,24.904,22.385,148271
23/2/2023,25.004,25.004,24.705,24.954,22.430,278509
22/2/2023,24.555,25.204,24.455,25.004,22.475,371865
21/2/2023,24.854,25.354,24.555,24.805,22.295,163298
20/2/2023,24.954,25.453,24.305,24.954,22.430,489896
17/2/2023,25.553,25.553,24.705,24.805,22.295,953243
16/2/2023,26.202,27.150,25.453,25.853,23.238,541508
15/2/2023,25.952,26.002,25.603,25.952,23.327,567367
14/2/2023,25.703,26.701,25.703,26.352,23.686,370993
13/2/2023,25.254,26.451,25.054,26.302,23.641,739353
10/2/2023,26.052,26.202,25.354,25.354,22.789,768789
9/2/2023,25.603,26.202,25.553,26.002,23.372,307563
8/2/2023,25.902,26.252,25.653,25.952,23.327,462847
7/2/2023,26.501,26.601,26.002,26.052,23.417,301569
6/2/2023,26.701,26.701,25.952,26.252,23.596,362663
3/2/2023,27.200,27.200,26.501,26.751,24.045,524140
2/2/2023,27.350,27.500,26.701,27.250,24.494,550006
1/2/2023,27.350,27.549,26.451,27.100,24.359,1044297
31/1/2023,26.451,27.400,26.152,27.100,24.359,782432
30/1/2023,28.348,28.348,26.352,26.551,23.866,1139085
27/1/2023,26.951,29.446,26.901,28.647,25.750,2635371
26/1/2023,27.250,27.250,26.451,26.701,24.000,494641
20/1/2023,27.150,27.300,26.801,26.951,24.224,332107
19/1/2023,26.651,27.749,26.551,27.150,24.404,1590912
18/1/2023,26.501,26.851,26.202,26.701,24.000,334612
17/1/2023,26.551,26.701,26.002,26.651,23.955,906499
16/1/2023,25.453,26.751,25.354,26.551,23.866,1476703
13/1/2023,25.453,25.553,24.854,25.403,22.834,537984
12/1/2023,24.954,25.603,24.954,25.453,22.879,603104
12/1/2023,Sales Performance (PM)
11/1/2023,26.152,26.152,25.004,25.154,22.609,878608
10/1/2023,26.601,26.601,25.503,25.952,23.327,1217228
9/1/2023,27.549,27.899,25.753,26.402,23.731,1315227
6/1/2023,27.050,28.248,26.651,27.150,24.404,4108220
5/1/2023,26.601,27.849,26.451,27.050,24.314,3647918
4/1/2023,23.956,26.751,23.956,26.451,23.776,4412257
3/1/2023,23.158,24.156,23.008,24.006,21.578,1727795
30/12/2022,23.507,23.657,23.008,23.158,20.815,441007
29/12/2022,23.956,23.956,23.457,23.507,21.129,406744
28/12/2022,23.407,24.455,22.858,24.156,21.712,1992339
23/12/2022,22.109,22.758,22.109,22.609,20.322,371179
22/12/2022,22.459,22.858,22.109,22.309,20.052,652160
21/12/2022,22.908,22.908,22.359,22.459,20.187,106815
20/12/2022,22.459,22.808,21.660,22.459,20.187,897943
19/12/2022,22.758,23.158,22.409,22.958,20.636,720318
16/12/2022,21.960,22.858,21.960,22.758,20.456,1431620
15/12/2022,22.658,22.758,22.109,22.109,19.873,499915
14/12/2022,23.756,23.756,22.609,22.658,20.366,1639000
13/12/2022,22.209,24.006,21.311,23.158,20.815,2391377
12/12/2022,21.461,22.259,20.862,22.010,19.783,1687749
9/12/2022,0.55 Dividend,,,,,
9/12/2022,20.163,21.860,20.163,21.511,19.335,1513570
8/12/2022,20.762,20.762,19.804,20.213,17.674,901229
7/12/2022,19.504,20.962,19.265,20.263,17.718,1463801
6/12/2022,19.265,19.564,19.165,19.384,16.950,1234666
5/12/2022,19.544,19.844,19.265,19.524,17.072,601585
2/12/2022,19.404,19.744,18.985,19.125,16.723,642209
1/12/2022,18.806,19.684,18.806,19.384,16.950,1263186
30/11/2022,18.187,19.225,18.187,18.806,16.443,941723
29/11/2022,17.628,18.786,17.628,18.366,16.059,419628
28/11/2022,17.867,17.907,17.548,17.668,15.448,182834
28/11/2022,Interim Results (PM)
28/11/2022,CD (PM)
25/11/2022,18.167,18.167,17.867,17.867,15.623,127232
24/11/2022,18.027,18.366,18.007,18.326,16.024,117214
23/11/2022,17.568,17.887,17.568,17.867,15.623,78143
22/11/2022,17.987,18.087,17.608,17.648,15.431,221405
21/11/2022,17.668,18.147,17.588,17.987,15.728,164300
18/11/2022,18.306,18.526,17.867,17.887,15.640,188344
17/11/2022,17.967,18.466,17.907,18.386,16.077,126231
16/11/2022,18.167,18.526,18.007,18.107,15.832,209383
15/11/2022,18.286,18.606,18.266,18.306,16.007,249456
14/11/2022,18.147,18.766,18.147,18.426,16.112,345632
11/11/2022,18.147,18.286,17.827,17.987,15.728,362663
10/11/2022,17.508,17.907,17.408,17.907,15.658,122223
9/11/2022,18.007,18.266,17.568,17.708,15.483,259475
8/11/2022,18.027,18.266,18.007,18.127,15.850,63115
7/11/2022,17.727,18.266,17.608,18.027,15.763,313598
4/11/2022,17.268,18.107,17.268,17.708,15.483,246451
3/11/2022,17.787,17.787,17.508,17.568,15.361,158567
2/11/2022,17.408,18.147,17.408,18.147,15.867,100183
1/11/2022,17.009,17.648,17.009,17.428,15.239,273500
31/10/2022,17.069,17.368,16.969,17.029,14.890,311570
28/10/2022,17.228,17.468,17.188,17.448,15.256,260633
27/10/2022,17.149,17.568,17.149,17.468,15.274,394722
26/10/2022,17.188,17.308,17.089,17.149,14.994,389713
25/10/2022,17.328,17.428,16.989,17.089,14.942,555024
24/10/2022,17.588,17.767,17.149,17.208,15.047,343629
21/10/2022,18.247,18.286,17.727,17.867,15.623,459841
20/10/2022,18.566,18.766,18.247,18.346,16.042,267489
19/10/2022,18.666,19.165,18.626,18.885,16.513,441808
18/10/2022,18.466,18.666,18.187,18.666,16.321,151397
18/10/2022,Sales Performance (PM)
17/10/2022,17.907,18.266,17.767,18.227,15.937,131585
14/10/2022,17.727,18.326,17.727,18.286,15.989,202370
13/10/2022,17.388,18.007,17.388,17.708,15.483,207379
12/10/2022,17.568,17.867,17.268,17.548,15.344,289530
11/10/2022,18.466,18.466,17.588,17.827,15.588,371680
10/10/2022,19.065,19.065,18.426,18.626,16.286,172339
7/10/2022,19.005,19.285,19.005,19.205,16.792,336616
6/10/2022,19.025,19.165,18.985,18.985,16.600,148271
5/10/2022,18.706,19.464,18.706,19.185,16.775,334661
3/10/2022,18.486,18.726,18.446,18.566,16.234,1065951
30/9/2022,18.466,18.646,18.247,18.486,16.164,526063
29/9/2022,18.766,18.965,18.606,18.646,16.304,362663
28/9/2022,19.305,19.444,18.666,18.686,16.339,214392
27/9/2022,19.764,19.764,19.085,19.484,17.037,312572
26/9/2022,19.963,20.213,19.784,20.113,17.587,225412
23/9/2022,19.764,20.263,19.564,20.213,17.674,274502
22/9/2022,20.063,20.113,19.804,20.063,17.543,111203
21/9/2022,20.213,20.662,20.213,20.213,17.674,100183
20/9/2022,20.213,20.762,20.213,20.612,18.023,147770
19/9/2022,20.562,20.662,20.113,20.263,17.718,119864
16/9/2022,20.562,20.562,20.313,20.462,17.892,335614
15/9/2022,20.213,20.862,20.213,20.862,18.241,215394
14/9/2022,20.213,20.512,20.213,20.213,17.674,187342
13/9/2022,20.163,20.612,20.163,20.512,17.936,258473
9/9/2022,20.113,20.313,20.013,20.313,17.761,126303
8/9/2022,20.063,20.213,19.963,20.163,17.630,97177
7/9/2022,19.903,20.313,19.903,20.213,17.674,133265
6/9/2022,20.013,20.363,20.013,20.163,17.630,73133
5/9/2022,20.662,20.662,19.963,20.313,17.761,151323
2/9/2022,20.063,20.812,20.063,20.762,18.154,517948
1/9/2022,20.013,20.512,20.013,20.113,17.587,419768
31/8/2022,19.624,20.263,19.544,20.113,17.587,492902
30/8/2022,19.544,19.644,19.384,19.624,17.159,77141
29/8/2022,19.564,19.804,19.285,19.664,17.194,130238
26/8/2022,19.624,19.963,19.624,19.864,17.368,203372
25/8/2022,19.584,19.764,19.524,19.744,17.264,134245
24/8/2022,19.504,19.684,19.504,19.584,17.124,241686
23/8/2022,19.464,19.664,19.265,19.584,17.124,316579
22/8/2022,0.55 Dividend,,,,,
22/8/2022,19.384,19.784,19.285,19.564,17.107,302912
19/8/2022,20.113,20.462,20.113,20.163,17.149,413855
18/8/2022,20.213,20.213,19.923,19.963,16.980,82150
18/8/2022,Results of AGM (PM)
17/8/2022,20.013,20.462,20.013,20.313,17.277,235430
16/8/2022,19.864,20.163,19.724,20.113,17.107,189692
15/8/2022,19.884,20.213,19.724,19.963,16.980,325596
12/8/2022,19.804,20.063,19.724,19.884,16.912,215093
11/8/2022,19.325,20.063,19.424,19.923,16.946,440806
10/8/2022,19.265,19.504,19.145,19.504,16.589,129236
9/8/2022,19.564,19.764,19.285,19.364,16.470,326673
8/8/2022,19.305,19.764,19.305,19.724,16.776,215740
5/8/2022,19.444,19.444,19.205,19.444,16.538,221531
4/8/2022,19.305,19.624,19.285,19.424,16.521,140430
3/8/2022,18.786,19.364,18.786,19.364,16.470,156335
2/8/2022,18.845,19.265,18.845,19.045,16.199,434795
1/8/2022,19.345,19.345,18.845,19.065,16.216,384704
29/7/2022,19.684,19.684,18.985,19.125,16.266,378492
28/7/2022,19.205,19.963,18.965,19.784,16.827,350530
27/7/2022,19.464,19.464,19.145,19.265,16.385,285522
26/7/2022,19.285,19.604,19.285,19.484,16.572,321122
25/7/2022,19.464,19.584,19.285,19.364,16.470,149273
22/7/2022,19.384,19.564,19.345,19.464,16.555,76139
21/7/2022,19.484,19.604,19.265,19.364,16.470,207379
20/7/2022,19.424,19.724,19.424,19.664,16.725,186341
19/7/2022,19.265,19.504,19.145,19.404,16.504,153280
18/7/2022,19.364,19.524,19.205,19.444,16.538,104503
15/7/2022,19.424,19.564,19.165,19.185,16.317,201368
14/7/2022,19.624,19.624,19.285,19.404,16.504,266487
14/7/2022,Sales Performance (PM)
13/7/2022,19.404,19.744,19.265,19.564,16.640,240440
12/7/2022,19.325,19.464,19.145,19.285,16.402,435797
11/7/2022,19.564,19.564,19.165,19.265,16.385,139331
8/7/2022,19.464,19.664,19.305,19.524,16.606,653019
7/7/2022,19.784,19.784,19.265,19.504,16.589,319048
6/7/2022,20.263,20.263,19.524,19.744,16.793,432704
5/7/2022,19.963,20.013,19.484,19.804,16.844,484030
4/7/2022,20.213,20.962,19.584,19.764,16.810,1915506
30/6/2022,19.744,20.462,19.744,20.113,17.107,1493734
29/6/2022,18.666,19.744,18.566,19.644,16.708,2125190
28/6/2022,18.107,19.205,17.947,19.125,16.266,1896471
28/6/2022,Annual Results (PM)
28/6/2022,CD (PM)
27/6/2022,17.688,18.167,17.688,17.987,15.299,1445646
24/6/2022,Profit Warning (AM)
24/6/2022,16.330,17.648,16.330,17.508,14.891,2383363
23/6/2022,16.769,16.769,15.951,16.130,13.720,900232
22/6/2022,16.769,16.989,16.610,16.649,14.161,334752
21/6/2022,16.669,16.989,16.649,16.889,14.365,545999
20/6/2022,16.909,16.969,16.370,16.570,14.093,492902
17/6/2022,17.089,17.009,16.789,16.789,14.280,309566
16/6/2022,17.328,17.328,16.789,16.869,14.348,706644
15/6/2022,17.388,17.488,17.188,17.268,14.687,306561
14/6/2022,17.428,17.508,17.089,17.468,14.857,239438
13/6/2022,17.767,18.007,17.568,17.608,14.976,98810
10/6/2022,17.747,18.207,17.747,18.207,15.485,148271
9/6/2022,17.967,18.027,17.767,17.807,15.146,131322
8/6/2022,17.867,18.147,17.867,17.967,15.282,129369
7/6/2022,17.847,17.887,17.568,17.767,15.112,185339
6/6/2022,17.827,17.887,17.628,17.847,15.180,212828
2/6/2022,17.568,17.807,17.568,17.807,15.146,97177
1/6/2022,18.147,18.147,17.548,17.847,15.180,606703
31/5/2022,17.368,18.167,17.368,18.167,15.451,455834
30/5/2022,17.169,17.528,17.169,17.448,14.840,241107
27/5/2022,16.789,17.268,16.789,17.268,14.687,306561
26/5/2022,17.009,17.009,16.769,16.769,14.263,454832
25/5/2022,17.009,17.188,16.969,17.049,14.501,112205
24/5/2022,17.208,17.268,17.009,17.009,14.467,324605
23/5/2022,17.328,17.528,17.228,17.268,14.687,102187
20/5/2022,17.149,17.668,17.109,17.408,14.806,249711
19/5/2022,17.568,17.568,17.149,17.149,14.585,133243
18/5/2022,17.408,17.847,17.408,17.568,14.942,83152
17/5/2022,17.348,17.508,17.268,17.508,14.891,63457
16/5/2022,17.169,17.408,17.169,17.308,14.721,62113
13/5/2022,17.169,17.408,17.089,17.288,14.704,142260
12/5/2022,17.169,17.328,16.969,17.188,14.619,131240
11/5/2022,17.208,17.408,17.029,17.089,14.535,348723
10/5/2022,17.608,17.608,17.069,17.208,14.636,434214
6/5/2022,17.767,17.767,17.568,17.628,14.993,150024
5/5/2022,18.067,18.207,17.947,17.967,15.282,148271
4/5/2022,18.386,18.386,17.987,18.027,15.333,107410
3/5/2022,17.967,18.346,17.787,18.306,15.570,629151
29/4/2022,17.548,18.147,17.488,18.007,15.316,228233
28/4/2022,17.368,17.668,17.308,17.668,15.027,163814
27/4/2022,17.468,17.528,17.288,17.468,14.857,372682
26/4/2022,17.967,17.967,17.568,17.668,15.027,401757
25/4/2022,17.947,17.947,17.508,17.648,15.010,430788
22/4/2022,17.967,18.087,17.867,17.987,15.299,274502
21/4/2022,18.207,18.286,18.087,18.107,15.401,215394
20/4/2022,18.087,18.586,18.087,18.326,15.587,164626
19/4/2022,18.925,18.965,18.067,18.167,15.451,583067
14/4/2022,18.965,19.285,18.865,18.905,16.080,242443
13/4/2022,18.925,19.305,18.925,19.005,16.165,156987
13/4/2022,Sales Performance (PM)
12/4/2022,18.905,19.185,18.905,18.925,16.097,201369
11/4/2022,19.844,19.844,18.965,19.005,16.165,318658
8/4/2022,19.444,19.704,19.345,19.604,16.674,218723
7/4/2022,19.504,19.943,19.364,19.604,16.674,186641
6/4/2022,19.943,19.943,19.484,19.584,16.657,412295
4/4/2022,19.963,20.163,19.744,20.013,17.022,276606
1/4/2022,18.965,19.644,18.965,19.604,16.674,782432
31/3/2022,18.945,19.245,18.885,19.045,16.199,735346
30/3/2022,18.925,19.404,18.925,19.225,16.351,310781
29/3/2022,18.905,19.325,18.905,18.965,16.131,378693
28/3/2022,19.664,19.684,18.885,18.945,16.114,694270
25/3/2022,19.265,19.943,19.185,19.903,16.929,809183
24/3/2022,19.404,19.664,19.265,19.424,16.521,305559
23/3/2022,19.125,19.644,19.045,19.464,16.555,576054
22/3/2022,19.045,19.524,18.865,19.364,16.470,502467
21/3/2022,19.584,19.584,18.885,19.145,16.283,403947
18/3/2022,19.544,19.704,19.065,19.604,16.674,251081
17/3/2022,18.566,19.464,18.566,19.205,16.334,471062
16/3/2022,17.827,18.766,17.708,18.306,15.570,452156
15/3/2022,17.987,18.426,17.668,17.907,15.231,1222610
14/3/2022,18.566,18.586,17.967,18.486,15.723,322590
11/3/2022,18.865,18.965,18.586,18.945,16.114,248093
10/3/2022,18.965,19.484,18.865,18.985,16.148,153280
9/3/2022,19.225,19.225,18.666,18.965,16.131,409750
8/3/2022,19.245,19.644,19.065,19.225,16.351,278509
7/3/2022,19.664,19.664,18.965,19.424,16.521,408888
4/3/2022,19.963,20.313,19.604,19.664,16.725,459841
3/3/2022,20.213,20.662,19.764,20.363,17.319,200507
2/3/2022,20.462,20.862,20.413,20.462,17.404,156286
1/3/2022,20.662,21.011,20.313,20.712,17.616,535981
28/2/2022,20.712,21.011,20.163,20.712,17.616,409750
25/2/2022,20.712,21.061,20.462,20.562,17.489,345770
24/2/2022,21.111,21.111,20.413,20.762,17.659,393743
23/2/2022,21.461,21.610,21.061,21.111,17.956,223408
22/2/2022,21.411,21.411,20.612,20.962,17.829,431790
21/2/2022,21.810,21.810,21.261,21.261,18.083,199364
18/2/2022,21.461,22.259,21.411,21.411,18.211,288528
17/2/2022,21.511,21.910,21.511,21.760,18.508,300550
16/2/2022,22.010,22.309,21.411,21.411,18.211,461845
15/2/2022,20.962,22.159,20.962,21.760,18.508,1513670
14/2/2022,20.962,20.962,20.662,20.812,17.701,609115
11/2/2022,20.762,21.061,20.462,20.912,17.786,197661
10/2/2022,20.862,21.361,20.612,20.762,17.659,379323
9/2/2022,20.313,20.862,20.313,20.762,17.659,409738
8/2/2022,20.512,20.512,20.013,20.313,17.277,284019
7/2/2022,20.962,21.261,20.013,20.263,17.234,355087
4/2/2022,20.562,20.962,20.562,20.812,17.701,537984
31/1/2022,20.462,20.462,20.462,20.462,17.404,0
28/1/2022,19.923,20.562,19.544,20.063,17.065,630153
27/1/2022,20.263,20.263,19.764,19.923,16.946,480880
26/1/2022,20.313,20.363,20.113,20.163,17.149,409750
25/1/2022,20.462,20.462,20.113,20.163,17.149,289600
24/1/2022,20.512,20.712,20.163,20.462,17.404,406744
21/1/2022,20.163,20.762,20.163,20.413,17.362,411298
20/1/2022,19.963,20.562,19.943,20.363,17.319,387602
19/1/2022,19.744,20.213,19.744,20.163,17.149,356652
18/1/2022,20.363,20.462,19.824,19.844,16.878,465151
17/1/2022,20.562,20.812,20.163,20.462,17.404,167306
14/1/2022,20.363,20.762,20.263,20.712,17.616,391717
14/1/2022,Sales Performance (PM)
13/1/2022,20.462,20.512,20.113,20.163,17.149,266487
12/1/2022,19.424,20.562,19.364,20.163,17.149,1032740
11/1/2022,19.604,19.664,18.865,19.005,16.165,1352515
10/1/2022,19.384,19.824,19.384,19.744,16.793,455834
7/1/2022,19.145,19.684,19.145,19.364,16.470,618320
6/1/2022,19.764,20.163,18.985,19.265,16.385,1933539
5/1/2022,21.061,21.061,19.864,19.923,16.946,717313
4/1/2022,20.862,21.361,20.862,21.061,17.913,428829
3/1/2022,20.712,21.461,20.712,21.211,18.041,255467
31/12/2021,21.161,21.211,20.962,20.962,17.829,88161
30/12/2021,21.061,21.411,20.862,21.061,17.913,112205
29/12/2021,21.011,21.211,20.812,21.061,17.913,196359
28/12/2021,21.061,21.461,20.862,21.061,17.913,157287
24/12/2021,21.161,21.211,20.962,21.061,17.913,26047
23/12/2021,20.812,21.161,20.712,21.061,17.913,172315
22/12/2021,20.812,21.361,20.812,21.061,17.913,140982
21/12/2021,20.962,21.411,20.812,21.211,18.041,299617
20/12/2021,21.810,21.810,20.762,20.912,17.786,471863
17/12/2021,22.958,22.958,21.610,21.610,18.380,704852
16/12/2021,22.958,23.058,22.409,22.559,19.187,365669
15/12/2021,22.060,22.708,22.060,22.609,19.229,438903
14/12/2021,21.960,22.459,21.860,22.159,18.847,549005
13/12/2021,22.209,22.509,22.010,22.159,18.847,185339
10/12/2021,0.55 Dividend,,,,,
10/12/2021,22.609,22.908,22.309,22.559,19.187,382109
9/12/2021,23.357,23.507,22.808,23.407,19.441,505967
8/12/2021,23.457,23.906,23.008,23.108,19.192,345632
7/12/2021,22.758,23.557,22.758,23.407,19.441,536097
6/12/2021,22.459,23.008,21.511,22.758,18.902,525962
3/12/2021,23.607,23.607,22.609,22.858,18.985,860616
2/12/2021,23.557,23.557,22.908,23.158,19.234,423672
1/12/2021,22.908,23.806,22.908,23.357,19.399,1011852
30/11/2021,23.407,23.557,22.559,22.758,18.902,1241272
29/11/2021,23.607,23.657,22.658,22.808,18.943,675236
29/11/2021,Interim Results (PM)
29/11/2021,CD (PM)
26/11/2021,24.006,24.106,23.357,23.707,19.689,164300
25/11/2021,23.906,24.206,23.557,23.906,19.855,467856
24/11/2021,24.455,24.555,23.856,23.906,19.855,418476
23/11/2021,25.054,25.254,24.505,24.854,20.643,460843
22/11/2021,24.605,25.204,24.605,25.004,20.767,261078
22/11/2021,Profit Warning (PM)
19/11/2021,24.256,24.755,24.256,24.555,20.394,174359
18/11/2021,24.206,24.455,23.557,24.256,20.145,356004
17/11/2021,25.204,25.653,23.906,24.206,20.104,1022872
16/11/2021,24.705,25.753,24.605,25.254,20.974,803115
15/11/2021,24.106,24.705,24.106,24.505,20.353,234429
12/11/2021,24.455,24.605,23.956,24.555,20.394,228418
11/11/2021,23.507,24.505,23.507,24.455,20.311,448621
10/11/2021,23.707,24.206,23.058,23.956,19.897,469860
9/11/2021,24.755,24.954,23.707,23.707,19.689,400733
8/11/2021,23.856,24.705,23.856,24.555,20.394,513696
5/11/2021,24.206,24.305,23.557,23.806,19.772,664438
4/11/2021,22.958,24.854,22.958,24.405,20.270,1275835
3/11/2021,22.010,23.008,22.010,22.758,18.902,462746
2/11/2021,22.309,22.309,21.860,22.159,18.405,259475
1/11/2021,21.710,21.860,21.211,21.511,17.866,557019
29/10/2021,21.361,21.361,21.161,21.211,17.617,84154
28/10/2021,21.261,21.461,20.962,21.361,17.741,384704
27/10/2021,21.760,21.710,21.361,21.411,17.783,202370
26/10/2021,21.660,21.960,21.511,21.810,18.114,229233
25/10/2021,21.760,22.159,21.660,21.760,18.073,195451
22/10/2021,21.910,22.259,21.910,21.960,18.239,268491
21/10/2021,21.361,22.259,21.361,21.910,18.197,449823
20/10/2021,22.459,22.459,21.311,21.361,17.741,590280
19/10/2021,23.357,23.357,22.359,22.459,18.653,576054
18/10/2021,22.908,23.806,22.758,23.507,19.524,829518
15/10/2021,22.359,23.158,22.109,23.108,19.192,486891
15/10/2021,Sales Performance (PM)
12/10/2021,21.710,22.559,21.660,21.960,18.239,407546
11/10/2021,21.710,22.109,21.461,21.760,18.073,323592
8/10/2021,21.111,21.860,21.061,21.710,18.031,778609
7/10/2021,20.063,21.411,20.063,21.061,17.493,657203
6/10/2021,20.263,20.712,20.263,20.363,16.912,545999
5/10/2021,20.113,20.462,19.804,20.263,16.829,422773
4/10/2021,20.263,20.263,19.664,19.963,16.581,315886
30/9/2021,20.113,20.313,19.864,19.963,16.581,319740
29/9/2021,19.524,19.824,19.524,19.824,16.465,110201
28/9/2021,19.684,19.923,19.684,19.764,16.415,177324
27/9/2021,19.804,20.163,19.744,19.784,16.431,197361
24/9/2021,20.163,20.462,19.963,20.063,16.664,209383
23/9/2021,20.213,20.762,20.213,20.263,16.829,129108
21/9/2021,20.063,20.512,20.063,20.363,16.912,236009
20/9/2021,20.862,20.862,20.063,20.213,16.788,204374
17/9/2021,20.812,21.311,20.762,20.862,17.327,227792
16/9/2021,21.461,21.461,20.512,20.762,17.244,425734
15/9/2021,21.261,21.660,21.061,21.461,17.824,236432
14/9/2021,22.159,22.509,21.710,21.810,18.114,359658
13/9/2021,21.411,22.159,21.311,22.010,18.280,327599
10/9/2021,21.411,21.560,21.011,21.411,17.783,586171
9/9/2021,21.311,21.560,21.261,21.411,17.783,312878
8/9/2021,22.309,22.509,21.461,21.560,17.907,556988
7/9/2021,21.161,22.459,21.161,22.159,18.405,1245778
6/9/2021,21.660,21.660,21.111,21.161,17.575,256544
3/9/2021,22.459,22.459,21.161,21.760,18.073,488326
2/9/2021,22.559,22.708,22.109,22.559,18.736,571672
1/9/2021,21.610,22.758,21.560,22.658,18.819,928900
31/8/2021,21.111,21.660,21.111,21.560,17.907,285522
30/8/2021,21.461,21.511,21.111,21.411,17.783,127232
27/8/2021,21.461,21.461,20.862,21.161,17.575,348633
26/8/2021,21.660,21.660,20.862,21.161,17.575,342135
25/8/2021,21.211,21.560,21.111,21.560,17.907,386530
24/8/2021,21.461,22.159,21.461,21.660,17.990,489146
23/8/2021,0.5 Dividend,,,,,
23/8/2021,21.810,21.960,21.461,21.560,17.907,8212033
20/8/2021,23.058,23.108,21.910,22.509,18.279,901171
19/8/2021,23.457,23.457,22.559,23.058,18.725,724085
19/8/2021,Results of AGM (PM)
18/8/2021,22.958,23.607,22.908,23.457,19.049,363866
17/8/2021,23.357,23.607,22.459,23.058,18.725,498962
16/8/2021,23.507,23.856,23.158,23.307,18.928,440806
13/8/2021,24.156,24.206,23.756,23.856,19.374,140256
12/8/2021,23.507,24.455,23.507,24.256,19.698,749729
11/8/2021,23.956,24.355,23.507,23.507,19.090,429600
10/8/2021,24.156,24.305,23.956,24.206,19.657,90165
9/8/2021,24.206,24.355,23.657,24.156,19.617,185709
6/8/2021,24.755,24.854,24.106,24.505,19.901,362819
5/8/2021,24.605,25.453,24.605,25.054,20.346,352965
4/8/2021,24.555,24.805,24.455,24.755,20.103,83152
3/8/2021,24.755,24.954,24.555,24.755,20.103,270495
2/8/2021,24.505,24.954,24.355,24.755,20.103,564032
30/7/2021,25.453,25.453,24.505,24.805,20.144,347636
29/7/2021,25.553,25.653,25.204,25.453,20.671,582458
28/7/2021,24.705,25.104,24.605,25.004,20.306,519951
27/7/2021,24.655,25.503,24.106,24.705,20.063,527465
26/7/2021,24.805,25.154,24.755,24.904,20.225,448821
23/7/2021,25.952,25.952,25.004,25.104,20.387,174319
22/7/2021,25.354,25.853,25.354,25.753,20.914,760545
21/7/2021,25.004,26.202,25.004,25.154,20.428,597749
20/7/2021,25.952,25.952,24.805,25.004,20.306,453830
19/7/2021,25.054,25.902,25.054,25.553,20.752,322590
16/7/2021,26.402,26.451,25.553,25.803,20.954,824553
15/7/2021,25.952,26.601,25.902,26.052,21.157,386707
15/7/2021,Sales Performance (PM)
14/7/2021,26.152,26.252,25.054,25.803,20.954,990813
13/7/2021,26.202,26.801,26.002,26.451,21.481,387709
12/7/2021,27.100,27.100,26.302,26.601,21.603,568039
9/7/2021,26.951,27.549,26.002,26.651,21.643,918681
8/7/2021,27.549,28.148,26.951,27.200,22.089,1047161
7/7/2021,26.951,27.949,26.851,27.400,22.251,1268868
6/7/2021,27.250,27.250,26.501,26.951,21.887,411206
5/7/2021,27.000,27.450,26.551,26.951,21.887,487893
2/7/2021,26.551,27.150,25.753,26.751,21.725,1147268
30/6/2021,27.300,27.350,26.352,26.751,21.725,704790
29/6/2021,27.400,28.448,26.801,26.951,21.887,1100013
28/6/2021,27.050,27.450,26.252,27.100,22.008,904656
25/6/2021,24.805,27.450,24.106,27.050,21.968,2494678
24/6/2021,24.305,24.305,23.756,24.006,19.495,236797
24/6/2021,Annual Results (PM)
23/6/2021,23.557,24.056,23.557,23.707,19.252,305194
22/6/2021,24.705,24.705,23.207,23.307,18.928,570525
21/6/2021,23.058,24.605,22.808,24.206,19.657,692267
18/6/2021,23.407,23.657,22.758,23.058,18.725,370678
17/6/2021,23.357,23.407,22.609,23.257,18.887,535981
16/6/2021,23.856,23.906,23.058,23.457,19.049,474869
15/6/2021,22.159,23.956,22.159,23.806,19.333,681247
11/6/2021,22.758,22.758,22.109,22.109,17.955,225412
10/6/2021,22.958,23.008,22.459,22.758,18.482,345632
9/6/2021,22.109,23.207,22.109,23.008,18.685,667872
8/6/2021,22.359,22.459,21.810,22.060,17.915,194355
7/6/2021,22.658,22.658,22.259,22.559,18.320,62309
4/6/2021,22.459,22.858,21.960,22.658,18.401,178827
3/6/2021,22.459,22.858,22.060,22.559,18.320,342627
2/6/2021,22.209,22.409,22.209,22.359,18.158,169810
1/6/2021,21.960,22.209,21.660,22.209,18.036,483885
31/5/2021,21.810,21.960,21.610,21.910,17.793,240440
28/5/2021,21.760,21.760,21.211,21.760,17.671,222407
27/5/2021,20.962,21.760,20.962,21.610,17.550,485889
26/5/2021,21.660,21.660,20.862,21.411,17.388,462847
25/5/2021,21.760,21.760,21.161,21.660,17.590,593085
24/5/2021,21.461,21.760,20.762,21.710,17.631,809571
21/5/2021,20.462,21.361,20.363,21.161,17.185,926696
20/5/2021,19.744,20.413,19.744,20.413,16.577,486737
18/5/2021,20.213,20.612,19.664,20.013,16.253,954804
17/5/2021,19.504,20.313,19.504,20.213,16.415,238436
14/5/2021,19.404,19.584,19.364,19.544,15.872,107333
13/5/2021,19.524,19.644,19.364,19.484,15.823,288528
12/5/2021,19.624,19.963,19.384,19.884,16.147,323865
11/5/2021,19.704,19.784,19.364,19.564,15.888,427081
10/5/2021,19.364,19.903,19.285,19.903,16.164,227416
7/5/2021,19.145,19.504,19.145,19.165,15.564,216527
6/5/2021,19.185,19.364,19.125,19.205,15.596,298454
5/5/2021,19.464,19.664,19.265,19.345,15.710,316579
4/5/2021,19.364,19.664,19.265,19.604,15.920,130238
3/5/2021,19.364,19.704,19.165,19.384,15.742,340623
30/4/2021,19.963,19.963,19.364,19.404,15.758,414759
29/4/2021,19.764,19.903,19.604,19.664,15.969,286524
28/4/2021,20.213,20.213,19.684,19.824,16.099,525962
27/4/2021,20.462,20.462,20.063,20.163,16.374,662212
26/4/2021,20.862,20.862,20.263,20.612,16.739,232545
23/4/2021,21.011,21.011,20.512,20.562,16.699,240440
22/4/2021,21.411,21.411,20.562,20.762,16.861,360660
21/4/2021,21.361,21.361,20.712,21.161,17.185,329603
20/4/2021,20.912,21.461,20.762,21.361,17.347,409750
19/4/2021,20.812,21.261,20.612,20.912,16.982,554014
16/4/2021,21.361,21.361,20.662,20.712,16.820,289586
15/4/2021,20.912,21.011,20.612,20.912,16.982,327736
15/4/2021,Sales Performance (PM)
14/4/2021,21.560,21.560,20.562,21.061,17.104,899318
13/4/2021,21.860,21.860,21.311,21.560,17.509,580061
12/4/2021,20.962,20.962,20.413,20.712,16.820,165209
9/4/2021,21.760,21.760,20.712,20.962,17.023,350281
8/4/2021,21.261,21.511,21.111,21.511,17.469,368674
7/4/2021,20.962,21.361,20.962,21.211,17.226,1251730
1/4/2021,21.760,21.760,20.812,20.812,16.901,1043911
31/3/2021,22.259,22.259,21.261,21.361,17.347,818048
30/3/2021,21.361,21.710,20.962,21.660,17.590,1308795
29/3/2021,20.263,21.461,20.113,20.862,16.942,1783783
26/3/2021,19.764,20.163,19.764,20.013,16.253,941723
25/3/2021,18.965,19.584,18.965,19.404,15.758,633159
24/3/2021,19.584,19.764,19.165,19.185,15.580,938217
23/3/2021,19.784,19.923,19.624,19.704,16.002,248454
22/3/2021,19.684,20.213,19.684,20.113,16.334,236432
19/3/2021,19.824,20.313,19.704,19.903,16.164,285730
18/3/2021,20.163,20.512,20.063,20.313,16.496,708661
17/3/2021,20.113,20.263,20.013,20.263,16.455,382804
16/3/2021,19.864,20.363,19.864,20.163,16.374,341625
15/3/2021,20.013,20.363,19.784,19.903,16.164,697276
12/3/2021,20.413,20.662,19.963,20.263,16.455,531973
11/3/2021,19.544,20.363,19.544,20.363,16.537,296542
10/3/2021,19.384,20.013,19.265,19.564,15.888,552010
9/3/2021,19.305,19.844,19.165,19.684,15.985,369676
8/3/2021,19.444,20.013,19.364,19.564,15.888,378693
5/3/2021,19.265,19.764,18.925,19.704,16.002,519075
4/3/2021,19.724,19.804,19.285,19.464,15.807,219401
3/3/2021,19.205,19.844,19.205,19.844,16.115,282517
2/3/2021,19.923,20.263,19.125,19.464,15.807,423775
1/3/2021,19.764,19.963,19.484,19.684,15.985,1315908
26/2/2021,20.662,20.662,19.364,19.644,15.953,1230252
25/2/2021,21.261,22.060,20.612,20.712,16.820,1041907
24/2/2021,21.211,21.461,20.213,21.261,17.266,2308225
23/2/2021,19.085,21.361,19.085,21.211,17.226,2336543
22/2/2021,19.065,19.664,19.025,19.404,15.758,1048920
19/2/2021,18.266,19.165,17.787,18.965,15.402,1349470
18/2/2021,18.965,18.965,17.967,18.306,14.867,434795
17/2/2021,18.566,18.945,18.426,18.706,15.191,943046
16/2/2021,17.867,18.746,17.767,18.546,15.061,1350016
11/2/2021,17.827,17.827,17.827,17.827,14.478,0
10/2/2021,17.568,17.927,17.468,17.847,14.494,286524
9/2/2021,17.747,17.727,17.368,17.548,14.251,184337
8/2/2021,17.468,17.967,17.368,17.688,14.364,569337
5/2/2021,17.248,17.548,17.149,17.288,14.040,458322
4/2/2021,17.328,17.328,17.049,17.268,14.024,266537
3/2/2021,17.069,17.428,16.829,17.348,14.089,1053929
2/2/2021,17.408,17.448,16.949,17.049,13.845,294677
1/2/2021,16.849,17.268,16.709,17.268,14.024,813053
29/1/2021,17.188,17.248,16.709,16.789,13.635,744362
28/1/2021,17.149,17.488,17.049,17.188,13.959,279511
27/1/2021,17.149,17.708,17.149,17.708,14.380,237434
26/1/2021,17.508,17.548,16.669,17.169,13.943,522959
25/1/2021,17.807,17.827,17.508,17.508,14.218,467856
22/1/2021,18.067,18.147,17.688,17.927,14.559,363885
21/1/2021,18.227,18.346,17.967,17.967,14.591,492902
20/1/2021,18.047,18.446,17.887,18.266,14.834,796458
19/1/2021,17.867,18.047,17.807,17.867,14.510,488894
18/1/2021,17.967,17.967,17.528,17.767,14.429,646249
15/1/2021,18.247,18.286,17.847,17.967,14.591,633159
14/1/2021,18.107,18.406,17.927,17.947,14.575,289530
14/1/2021,Sales Performance (PM)
13/1/2021,18.286,18.626,18.266,18.266,14.834,197361
12/1/2021,18.266,18.726,18.266,18.346,14.899,648186
11/1/2021,17.907,18.167,17.887,18.107,14.705,329790
8/1/2021,17.867,18.147,17.867,18.107,14.705,386982
7/1/2021,18.127,18.167,17.887,17.927,14.559,370378
6/1/2021,18.147,18.326,17.907,18.127,14.721,408487
5/1/2021,18.366,18.366,18.027,18.147,14.737,370678
4/1/2021,18.666,18.686,18.306,18.366,14.915,415719
