28/11/2024,5.23,5.23,5.18,5.21,5.21,502900
27/11/2024,5.21,5.25,5.18,5.19,5.19,785300
26/11/2024,5.26,5.26,5.18,5.20,5.20,1355600
25/11/2024,5.18,5.30,5.18,5.26,5.26,4454000
22/11/2024,5.15,5.16,5.12,5.14,5.14,852000
22/11/2024,Results Release (PM)
21/11/2024,5.13,5.15,5.10,5.12,5.12,1031900
20/11/2024,5.15,5.17,5.12,5.13,5.13,1281300
19/11/2024,5.14,5.17,5.12,5.15,5.15,1006600
18/11/2024,5.10,5.15,5.09,5.11,5.11,722600
15/11/2024,5.12,5.12,5.06,5.09,5.09,2431600
14/11/2024,5.17,5.18,5.09,5.12,5.12,2371500
13/11/2024,5.22,5.22,5.17,5.17,5.17,1186900
12/11/2024,5.20,5.25,5.18,5.23,5.23,1095100
11/11/2024,5.20,5.23,5.17,5.20,5.20,1283000
8/11/2024,5.22,5.25,5.18,5.20,5.20,1499700
7/11/2024,5.31,5.31,5.19,5.20,5.20,2392500
6/11/2024,5.31,5.33,5.21,5.30,5.30,2177700
5/11/2024,5.27,5.32,5.24,5.30,5.30,1407500
4/11/2024,5.24,5.30,5.24,5.26,5.26,1007300
1/11/2024,5.20,5.28,5.19,5.22,5.22,1622300
30/10/2024,5.17,5.22,5.16,5.20,5.20,1718000
29/10/2024,5.18,5.20,5.16,5.16,5.16,1345100
28/10/2024,5.20,5.21,5.18,5.18,5.18,744100
25/10/2024,5.23,5.23,5.18,5.21,5.21,1948600
24/10/2024,5.27,5.27,5.22,5.22,5.22,1149200
23/10/2024,5.28,5.31,5.24,5.27,5.27,1101500
22/10/2024,5.32,5.34,5.28,5.28,5.28,1042900
21/10/2024,5.32,5.42,5.30,5.33,5.33,2466000
18/10/2024,5.26,5.30,5.23,5.29,5.29,1614300
17/10/2024,5.23,5.30,5.23,5.24,5.24,2175400
16/10/2024,5.18,5.23,5.17,5.22,5.22,947900
15/10/2024,5.26,5.26,5.16,5.17,5.17,3247100
14/10/2024,5.25,5.27,5.22,5.24,5.24,1044900
11/10/2024,5.26,5.29,5.22,5.24,5.24,1463400
10/10/2024,5.30,5.32,5.25,5.26,5.26,2063500
9/10/2024,5.37,5.39,5.26,5.28,5.28,2611400
8/10/2024,5.43,5.49,5.33,5.34,5.34,2918700
7/10/2024,5.48,5.49,5.39,5.44,5.44,2080700
4/10/2024,5.45,5.49,5.42,5.46,5.46,1693700
3/10/2024,5.44,5.50,5.43,5.48,5.48,2068600
2/10/2024,5.44,5.48,5.41,5.44,5.44,1553600
1/10/2024,5.41,5.47,5.40,5.44,5.44,1447300
30/9/2024,5.42,5.48,5.40,5.40,5.40,2072400
27/9/2024,5.34,5.42,5.34,5.41,5.41,2500700
26/9/2024,5.31,5.36,5.31,5.34,5.34,1478400
25/9/2024,5.39,5.40,5.31,5.31,5.31,1494300
24/9/2024,5.31,5.41,5.31,5.38,5.38,1820700
23/9/2024,5.37,5.39,5.27,5.30,5.30,1963900
20/9/2024,5.55,5.55,5.35,5.35,5.35,5240239
19/9/2024,5.50,5.55,5.45,5.52,5.52,2136400
18/9/2024,5.55,5.56,5.45,5.45,5.45,1593300
17/9/2024,5.46,5.56,5.45,5.54,5.54,2909800
16/9/2024,5.35,5.47,5.35,5.45,5.45,1796200
13/9/2024,5.34,5.37,5.32,5.35,5.35,1478500
12/9/2024,5.25,5.32,5.24,5.32,5.32,1218000
11/9/2024,5.23,5.27,5.22,5.24,5.24,703400
10/9/2024,5.24,5.26,5.21,5.23,5.23,934600
9/9/2024,5.23,5.25,5.19,5.21,5.21,1014400
6/9/2024,5.20,5.26,5.19,5.24,5.24,646300
5/9/2024,5.21,5.23,5.19,5.23,5.23,885500
4/9/2024,5.22,5.22,5.15,5.20,5.20,1252100
3/9/2024,5.28,5.32,5.26,5.27,5.27,909400
2/9/2024,5.26,5.28,5.21,5.28,5.28,937700
30/8/2024,5.21,5.27,5.21,5.23,5.23,2346700
29/8/2024,5.24,5.26,5.21,5.23,5.23,915500
28/8/2024,5.28,5.28,5.24,5.25,5.25,701700
27/8/2024,5.30,5.31,5.25,5.27,5.27,1078400
26/8/2024,5.25,5.33,5.24,5.31,5.31,2659300
23/8/2024,5.20,5.22,5.15,5.20,5.20,1226400
22/8/2024,5.08,5.26,5.08,5.24,5.24,3872800
21/8/2024,5.08,5.10,5.07,5.07,5.07,905100
20/8/2024,5.07,5.10,5.06,5.09,5.09,1576500
19/8/2024,5.09,5.11,5.05,5.09,5.09,1143300
16/8/2024,5.06,5.10,5.03,5.08,5.08,1997900
15/8/2024,5.23,5.23,5.05,5.05,5.05,4872600
14/8/2024,2024 Half Yearly Results (AM)
14/8/2024,CD (AM)
14/8/2024,5.26,5.27,5.16,5.21,5.21,1677200
13/8/2024,5.24,5.32,5.21,5.22,5.22,1421900
12/8/2024,5.11,5.23,5.10,5.20,5.20,1348000
8/8/2024,5.10,5.19,5.10,5.15,5.15,1243500
7/8/2024,5.10,5.16,5.08,5.11,5.11,2027200
6/8/2024,5.16,5.18,5.04,5.08,5.08,1992500
5/8/2024,5.21,5.22,5.10,5.13,5.13,3560300
2/8/2024,5.34,5.35,5.26,5.28,5.28,1958900
1/8/2024,5.32,5.37,5.30,5.34,5.34,1642800
31/7/2024,5.29,5.33,5.26,5.31,5.31,2144000
30/7/2024,5.33,5.35,5.28,5.29,5.29,2328600
29/7/2024,5.36,5.37,5.32,5.33,5.33,1115800
26/7/2024,5.33,5.36,5.31,5.34,5.34,975600
25/7/2024,5.41,5.41,5.32,5.33,5.33,1399500
24/7/2024,5.40,5.46,5.40,5.44,5.44,1586200
23/7/2024,5.39,5.42,5.38,5.41,5.41,960100
22/7/2024,5.39,5.43,5.38,5.40,5.40,1164300
19/7/2024,5.43,5.45,5.36,5.38,5.38,1033600
18/7/2024,5.45,5.46,5.41,5.45,5.45,983500
17/7/2024,5.47,5.51,5.45,5.48,5.48,836300
16/7/2024,5.51,5.51,5.43,5.46,5.46,1224300
15/7/2024,5.51,5.55,5.48,5.50,5.50,1406000
12/7/2024,5.43,5.57,5.43,5.49,5.49,2764700
11/7/2024,5.28,5.42,5.28,5.42,5.42,2155400
10/7/2024,5.27,5.31,5.23,5.30,5.30,1218000
9/7/2024,5.29,5.30,5.22,5.26,5.26,1543500
8/7/2024,5.30,5.32,5.27,5.30,5.30,1172600
5/7/2024,5.34,5.36,5.30,5.31,5.31,1046300
4/7/2024,5.27,5.36,5.27,5.33,5.33,2133900
4/7/2024,Notification of Results (PM)
3/7/2024,5.25,5.29,5.22,5.27,5.27,1761300
2/7/2024,5.25,5.29,5.23,5.23,5.23,1496300
1/7/2024,5.18,5.26,5.16,5.25,5.25,1574100
28/6/2024,5.23,5.24,5.16,5.16,5.16,4399500
27/6/2024,5.26,5.30,5.23,5.23,5.23,2551900
26/6/2024,5.34,5.34,5.27,5.30,5.30,1926900
25/6/2024,5.35,5.38,5.34,5.34,5.34,1943500
24/6/2024,5.33,5.38,5.32,5.35,5.35,2301800
21/6/2024,5.29,5.32,5.26,5.31,5.31,3549600
20/6/2024,5.28,5.29,5.22,5.28,5.28,2338700
19/6/2024,5.28,5.34,5.25,5.26,5.26,1811200
18/6/2024,5.32,5.34,5.27,5.28,5.28,2958600
14/6/2024,5.37,5.39,5.31,5.31,5.31,2033200
13/6/2024,5.34,5.39,5.31,5.37,5.37,2804300
12/6/2024,5.37,5.39,5.30,5.30,5.30,3766400
11/6/2024,5.41,5.44,5.36,5.37,5.37,2558900
10/6/2024,5.50,5.51,5.37,5.40,5.40,5781900
7/6/2024,5.52,5.55,5.47,5.50,5.50,2821000
6/6/2024,5.64,5.64,5.50,5.50,5.50,8699400
5/6/2024,5.61,5.67,5.56,5.60,5.60,4906000
4/6/2024,5.59,5.66,5.59,5.63,5.63,4967000
3/6/2024,5.67,5.68,5.58,5.58,5.58,15194341
31/5/2024,5.80,5.87,5.61,5.61,5.61,77886600
30/5/2024,5.93,5.99,5.91,5.92,5.92,3816600
29/5/2024,5.91,6.03,5.90,5.95,5.95,2896800
28/5/2024,5.86,5.97,5.85,5.97,5.97,2417300
27/5/2024,5.89,5.90,5.80,5.86,5.86,2208900
24/5/2024,5.82,5.90,5.82,5.89,5.89,2727700
23/5/2024,5.82,5.92,5.79,5.91,5.91,3382200
21/5/2024,Results Release (AM)
21/5/2024,5.76,5.85,5.74,5.85,5.85,2940500
20/5/2024,5.78,5.81,5.75,5.80,5.80,2142100
17/5/2024,5.83,5.83,5.76,5.81,5.81,2548300
16/5/2024,5.81,5.90,5.78,5.90,5.90,3814700
15/5/2024,5.84,5.85,5.63,5.80,5.80,7960608
14/5/2024,5.95,5.99,5.88,5.93,5.93,2377300
13/5/2024,5.95,5.96,5.92,5.96,5.96,876900
10/5/2024,5.97,6.00,5.94,5.98,5.98,1337100
9/5/2024,5.92,5.97,5.86,5.93,5.93,1567900
8/5/2024,5.93,5.98,5.92,5.95,5.95,1492200
7/5/2024,6.01,6.02,5.93,5.93,5.93,1534200
6/5/2024,5.93,6.02,5.93,5.98,5.98,1582800
3/5/2024,0.08 Dividend
3/5/2024,6.01,6.02,5.92,5.94,5.94,1357900
2/5/2024,6.11,6.13,6.03,6.06,5.98,2814300
30/4/2024,6.12,6.15,6.11,6.15,6.07,2805300
29/4/2024,6.07,6.12,6.05,6.11,6.03,2697900
26/4/2024,6.03,6.07,5.97,6.07,5.99,1841000
25/4/2024,5.96,6.05,5.90,6.03,5.95,3079800
24/4/2024,5.96,6.03,5.94,6.00,5.92,3454000
24/4/2024,AGM (PM)
23/4/2024,5.87,5.98,5.86,5.92,5.84,3137700
22/4/2024,5.78,5.90,5.76,5.90,5.82,3304100
19/4/2024,5.67,5.77,5.65,5.74,5.66,3004200
18/4/2024,5.67,5.71,5.59,5.69,5.61,3344000
17/4/2024,5.62,5.72,5.62,5.66,5.59,2986500
16/4/2024,5.68,5.72,5.56,5.61,5.54,4566000
15/4/2024,5.76,5.77,5.69,5.70,5.62,2807500
12/4/2024,5.83,5.87,5.78,5.79,5.71,2583400
11/4/2024,5.85,5.88,5.81,5.83,5.75,3352500
9/4/2024,5.93,6.00,5.91,5.95,5.87,2770700
8/4/2024,5.90,5.92,5.87,5.91,5.83,1564000
5/4/2024,5.81,5.92,5.78,5.91,5.83,1721600
4/4/2024,5.82,5.86,5.79,5.85,5.77,1706400
3/4/2024,5.83,5.86,5.78,5.79,5.71,2322100
2/4/2024,5.87,5.88,5.83,5.85,5.77,2343800
1/4/2024,5.88,5.89,5.84,5.85,5.77,1933800
28/3/2024,5.88,5.96,5.84,5.85,5.77,3787900
27/3/2024,5.87,5.91,5.85,5.90,5.82,2346700
26/3/2024,5.85,5.87,5.79,5.85,5.77,3068600
25/3/2024,5.88,5.92,5.80,5.82,5.74,2813600
22/3/2024,5.90,5.93,5.86,5.91,5.83,2047400
21/3/2024,5.80,6.19,5.80,5.91,5.83,5701300
20/3/2024,5.85,5.85,5.76,5.76,5.68,2019800
19/3/2024,5.86,5.89,5.76,5.83,5.75,3431300
18/3/2024,5.90,5.91,5.85,5.85,5.77,3184270
15/3/2024,5.92,5.96,5.90,5.91,5.83,4966300
14/3/2024,5.96,6.00,5.92,5.99,5.91,3001800
13/3/2024,6.00,6.02,5.92,5.94,5.86,3231950
12/3/2024,5.97,6.02,5.94,5.98,5.90,4277100
11/3/2024,5.82,5.96,5.77,5.93,5.85,4170300
8/3/2024,5.69,5.78,5.68,5.75,5.67,3328500
7/3/2024,5.67,5.69,5.60,5.68,5.61,3117300
6/3/2024,5.57,5.70,5.55,5.64,5.57,3902200
5/3/2024,5.64,5.67,5.57,5.57,5.50,3511400
4/3/2024,5.70,5.73,5.60,5.62,5.55,3580300
1/3/2024,5.70,5.73,5.65,5.70,5.62,3412800
29/2/2024,5.81,5.82,5.67,5.67,5.60,9280900
28/2/2024,2023 Full Yearly Results (AM)
28/2/2024,CD (AM)
28/2/2024,5.93,5.93,5.77,5.78,5.70,6759000
27/2/2024,6.01,6.01,5.91,5.96,5.88,2631600
26/2/2024,6.07,6.07,5.93,5.98,5.90,3596600
23/2/2024,6.18,6.20,6.03,6.04,5.96,2412400
22/2/2024,6.10,6.18,6.04,6.18,6.10,3873800
21/2/2024,6.07,6.15,6.03,6.05,5.97,2762000
20/2/2024,6.12,6.12,6.01,6.07,5.99,3394500
19/2/2024,6.09,6.17,6.08,6.11,6.03,2669400
16/2/2024,6.01,6.10,5.96,6.08,6.00,3430100
15/2/2024,5.90,6.00,5.88,5.98,5.90,3542000
14/2/2024,5.92,5.93,5.85,5.89,5.81,3546000
13/2/2024,5.93,5.97,5.90,5.97,5.89,2547000
9/2/2024,5.97,5.98,5.91,5.93,5.85,1796000
8/2/2024,6.01,6.01,5.95,5.99,5.91,1915300
7/2/2024,5.96,6.01,5.94,5.99,5.91,3015100
6/2/2024,5.93,5.94,5.90,5.91,5.83,2635900
5/2/2024,6.00,6.00,5.92,5.93,5.85,2575000
2/2/2024,5.96,6.13,5.96,6.06,5.98,3776000
1/2/2024,6.11,6.11,5.90,5.91,5.83,6836200
31/1/2024,6.14,6.19,6.10,6.11,6.03,2900500
30/1/2024,6.20,6.22,6.13,6.15,6.07,2636300
29/1/2024,6.22,6.22,6.16,6.17,6.09,1396000
26/1/2024,6.20,6.24,6.18,6.18,6.10,1885800
25/1/2024,6.28,6.28,6.18,6.19,6.11,2515700
24/1/2024,6.26,6.28,6.20,6.28,6.20,2889500
23/1/2024,6.37,6.37,6.28,6.28,6.20,1891300
22/1/2024,6.34,6.37,6.32,6.35,6.27,1245400
19/1/2024,6.32,6.36,6.26,6.30,6.22,1124100
18/1/2024,6.26,6.29,6.23,6.26,6.18,1065800
17/1/2024,6.36,6.38,6.27,6.27,6.19,2511300
16/1/2024,6.41,6.42,6.36,6.39,6.31,1295800
15/1/2024,6.39,6.47,6.39,6.45,6.36,908800
12/1/2024,6.46,6.47,6.39,6.41,6.33,1489900
12/1/2024,Notification of Results (PM)
11/1/2024,6.44,6.49,6.43,6.48,6.39,885800
10/1/2024,6.46,6.48,6.38,6.47,6.38,1910200
9/1/2024,6.51,6.52,6.46,6.47,6.38,957800
8/1/2024,6.41,6.55,6.41,6.46,6.37,1223400
5/1/2024,6.40,6.45,6.36,6.39,6.31,1520200
4/1/2024,6.47,6.49,6.38,6.42,6.34,1848000
3/1/2024,6.55,6.56,6.48,6.48,6.39,1595400
2/1/2024,6.67,6.74,6.60,6.61,6.52,1115600
29/12/2023,6.65,6.73,6.63,6.65,6.56,1950500
28/12/2023,6.65,6.71,6.61,6.64,6.55,2505500
27/12/2023,6.46,6.62,6.43,6.57,6.48,2353700
26/12/2023,6.46,6.48,6.42,6.43,6.35,1109600
22/12/2023,6.40,6.44,6.36,6.42,6.34,1153100
21/12/2023,6.39,6.44,6.30,6.41,6.33,1615543
21/12/2023,Profit Guidance (PM)
20/12/2023,6.42,6.43,6.35,6.36,6.28,1709100
19/12/2023,6.46,6.46,6.36,6.38,6.30,2691700
18/12/2023,6.60,6.63,6.44,6.48,6.39,3523800
15/12/2023,6.61,6.76,6.59,6.76,6.67,5898000
14/12/2023,6.36,6.51,6.36,6.50,6.41,3330400
13/12/2023,6.27,6.30,6.21,6.26,6.18,1577400
12/12/2023,6.29,6.32,6.24,6.30,6.22,1395600
11/12/2023,6.29,6.30,6.19,6.25,6.17,1298300
8/12/2023,6.23,6.29,6.22,6.29,6.21,2912500
7/12/2023,6.13,6.22,6.10,6.22,6.14,2287000
6/12/2023,6.16,6.16,6.10,6.13,6.05,2143200
5/12/2023,6.16,6.21,6.14,6.15,6.07,1189000
4/12/2023,6.20,6.26,6.13,6.18,6.10,2687600
1/12/2023,6.22,6.26,6.16,6.18,6.10,1963400
30/11/2023,6.21,6.26,6.15,6.26,6.18,5347200
29/11/2023,6.13,6.26,6.12,6.23,6.15,3167400
28/11/2023,6.22,6.23,6.10,6.10,6.02,2136600
27/11/2023,6.23,6.29,6.17,6.19,6.11,1508800
24/11/2023,6.21,6.31,6.18,6.21,6.13,2264300
23/11/2023,6.22,6.29,6.20,6.21,6.13,1359000
23/11/2023,Results Release (PM)
22/11/2023,6.21,6.29,6.18,6.28,6.20,1495800
21/11/2023,6.24,6.24,6.17,6.22,6.14,1659600
20/11/2023,6.20,6.24,6.15,6.22,6.14,1686500
17/11/2023,6.26,6.27,6.14,6.18,6.10,2403400
16/11/2023,6.39,6.39,6.28,6.30,6.22,2293800
15/11/2023,6.14,6.39,6.14,6.39,6.31,5064100
14/11/2023,6.07,6.12,5.96,6.03,5.95,4674500
10/11/2023,6.13,6.13,6.04,6.07,5.99,3130900
9/11/2023,6.32,6.33,6.17,6.20,6.12,2912300
8/11/2023,6.42,6.45,6.33,6.36,6.28,1526700
7/11/2023,6.58,6.58,6.41,6.41,6.33,1692400
6/11/2023,6.53,6.62,6.52,6.62,6.53,1631900
3/11/2023,6.42,6.52,6.41,6.46,6.37,1279800
2/11/2023,6.36,6.43,6.31,6.38,6.30,1146300
1/11/2023,6.28,6.35,6.24,6.34,6.26,1236500
31/10/2023,6.28,6.35,6.23,6.32,6.24,1826900
30/10/2023,6.22,6.27,6.17,6.25,6.17,1405200
27/10/2023,6.16,6.24,6.12,6.24,6.16,1132800
26/10/2023,6.21,6.23,6.12,6.14,6.06,2159400
25/10/2023,6.35,6.36,6.23,6.23,6.15,1396700
24/10/2023,6.27,6.33,6.23,6.33,6.25,1045800
23/10/2023,6.30,6.35,6.29,6.30,6.22,1113700
20/10/2023,6.36,6.38,6.28,6.28,6.20,2162100
19/10/2023,6.53,6.54,6.38,6.38,6.30,2008800
18/10/2023,6.68,6.68,6.57,6.58,6.49,757600
17/10/2023,6.71,6.73,6.65,6.68,6.59,711900
16/10/2023,6.66,6.70,6.64,6.70,6.61,900400
13/10/2023,6.69,6.74,6.66,6.67,6.58,849300
12/10/2023,6.74,6.79,6.70,6.78,6.69,1388300
11/10/2023,6.73,6.73,6.64,6.72,6.63,1258800
10/10/2023,6.60,6.70,6.58,6.69,6.60,1298800
9/10/2023,6.58,6.63,6.54,6.55,6.46,900400
6/10/2023,6.53,6.57,6.48,6.57,6.48,997500
5/10/2023,6.48,6.56,6.45,6.53,6.44,1022200
4/10/2023,6.51,6.52,6.43,6.43,6.35,2322400
3/10/2023,6.59,6.60,6.51,6.54,6.45,1184400
2/10/2023,6.63,6.63,6.53,6.59,6.50,1264800
29/9/2023,6.58,6.65,6.54,6.61,6.52,1642400
28/9/2023,6.55,6.57,6.53,6.55,6.46,1494000
27/9/2023,6.62,6.62,6.56,6.57,6.48,1347100
26/9/2023,6.60,6.63,6.58,6.59,6.50,1039700
25/9/2023,6.64,6.64,6.59,6.60,6.51,780200
22/9/2023,6.61,6.65,6.59,6.63,6.54,1004800
21/9/2023,6.68,6.70,6.62,6.64,6.55,1563100
20/9/2023,6.69,6.73,6.66,6.73,6.64,822400
19/9/2023,6.78,6.80,6.68,6.69,6.60,1361500
18/9/2023,6.89,6.89,6.78,6.78,6.69,1049400
15/9/2023,6.85,6.98,6.84,6.90,6.81,3840200
14/9/2023,6.64,6.74,6.63,6.74,6.65,1298600
13/9/2023,6.67,6.67,6.62,6.64,6.55,1095600
12/9/2023,6.66,6.66,6.61,6.66,6.57,1201600
11/9/2023,6.69,6.71,6.63,6.67,6.58,1395300
8/9/2023,6.67,6.69,6.66,6.69,6.60,1218500
7/9/2023,6.69,6.72,6.65,6.69,6.60,1007300
6/9/2023,6.76,6.76,6.68,6.71,6.62,1254300
5/9/2023,6.78,6.78,6.72,6.76,6.67,610300
4/9/2023,6.69,6.82,6.69,6.80,6.71,1911200
31/8/2023,6.71,6.72,6.67,6.68,6.59,3949600
30/8/2023,6.70,6.73,6.69,6.72,6.63,1117000
29/8/2023,6.71,6.72,6.67,6.70,6.61,1006600
28/8/2023,6.66,6.73,6.66,6.68,6.59,888200
25/8/2023,6.65,6.68,6.64,6.66,6.57,1426400
24/8/2023,6.69,6.73,6.67,6.70,6.61,1292200
23/8/2023,6.61,6.69,6.59,6.66,6.57,1360900
22/8/2023,6.60,6.64,6.55,6.61,6.52,2149100
21/8/2023,6.62,6.63,6.59,6.60,6.51,1492800
18/8/2023,0.04 Dividend
18/8/2023,6.65,6.66,6.61,6.62,6.53,2094800
17/8/2023,6.70,6.73,6.66,6.70,6.57,1770800
16/8/2023,6.78,6.78,6.70,6.70,6.57,3203300
15/8/2023,6.80,6.84,6.78,6.79,6.66,1480900
14/8/2023,6.86,6.86,6.75,6.79,6.66,2086800
11/8/2023,6.98,6.98,6.83,6.86,6.73,2370600
10/8/2023,2023 Half Yearly Results (AM)
10/8/2023,CD (AM)
10/8/2023,7.09,7.12,6.93,6.99,6.86,2326800
8/8/2023,7.23,7.24,7.11,7.12,6.98,1200800
7/8/2023,7.23,7.31,7.16,7.21,7.07,1152600
4/8/2023,7.29,7.30,7.19,7.23,7.09,993000
3/8/2023,7.27,7.33,7.26,7.28,7.14,1027700
2/8/2023,7.45,7.45,7.28,7.33,7.19,1349700
1/8/2023,7.44,7.50,7.37,7.41,7.27,1675900
31/7/2023,7.35,7.41,7.31,7.39,7.25,1649000
28/7/2023,7.37,7.38,7.27,7.30,7.16,2401600
27/7/2023,7.20,7.37,7.19,7.36,7.22,2987500
26/7/2023,7.11,7.22,7.11,7.18,7.04,2584900
25/7/2023,7.08,7.16,7.06,7.16,7.02,2217400
24/7/2023,7.02,7.06,6.99,7.05,6.92,1321300
21/7/2023,7.01,7.02,6.95,7.02,6.89,969400
20/7/2023,6.97,7.02,6.93,6.99,6.86,1086300
19/7/2023,6.97,6.98,6.92,6.92,6.79,839800
18/7/2023,7.00,7.00,6.91,6.94,6.81,712900
17/7/2023,6.95,7.01,6.92,6.98,6.85,903300
14/7/2023,7.05,7.08,6.95,6.95,6.82,1281500
13/7/2023,6.90,7.02,6.87,6.98,6.85,2551000
12/7/2023,6.82,6.85,6.78,6.81,6.68,1150900
11/7/2023,6.76,6.87,6.74,6.80,6.67,1297900
10/7/2023,6.75,6.76,6.67,6.72,6.59,2358800
7/7/2023,6.78,6.83,6.73,6.76,6.63,1748800
6/7/2023,6.90,6.90,6.76,6.78,6.65,1825700
6/7/2023,Notification of Results (PM)
5/7/2023,6.81,6.90,6.79,6.88,6.75,2023600
4/7/2023,6.73,6.77,6.72,6.77,6.64,1008300
3/7/2023,6.73,6.80,6.70,6.77,6.64,1620300
30/6/2023,6.74,6.77,6.71,6.72,6.59,1954100
28/6/2023,6.72,6.79,6.72,6.79,6.66,1479000
27/6/2023,6.69,6.74,6.64,6.71,6.58,1071900
26/6/2023,6.76,6.78,6.66,6.67,6.54,1652500
23/6/2023,6.79,6.80,6.70,6.72,6.59,2273200
22/6/2023,6.88,6.88,6.80,6.80,6.67,1338900
21/6/2023,6.94,6.94,6.86,6.86,6.73,1291700
20/6/2023,7.02,7.05,6.92,6.92,6.79,1213300
19/6/2023,7.09,7.11,7.00,7.01,6.88,1391200
16/6/2023,7.03,7.18,7.03,7.14,7.00,4656100
15/6/2023,6.95,7.03,6.94,7.01,6.88,2042100
14/6/2023,6.86,6.97,6.86,6.95,6.82,1893300
13/6/2023,6.90,6.91,6.82,6.86,6.73,1596500
12/6/2023,6.88,6.98,6.88,6.92,6.79,1082000
9/6/2023,6.92,6.96,6.87,6.88,6.75,1928200
8/6/2023,6.84,6.92,6.81,6.92,6.79,1832800
7/6/2023,6.86,6.88,6.80,6.84,6.71,830700
6/6/2023,6.88,6.88,6.78,6.81,6.68,1237900
5/6/2023,6.82,6.95,6.82,6.89,6.76,1932000
1/6/2023,6.74,6.81,6.72,6.78,6.65,1781300
31/5/2023,6.80,6.81,6.70,6.75,6.62,12292400
30/5/2023,6.83,6.86,6.80,6.80,6.67,1189500
29/5/2023,6.87,6.87,6.78,6.78,6.65,2119400
26/5/2023,6.78,6.87,6.78,6.85,6.72,1317700
25/5/2023,6.79,6.86,6.78,6.78,6.65,1812800
24/5/2023,6.83,6.86,6.78,6.80,6.67,1354800
23/5/2023,6.86,6.88,6.82,6.84,6.71,1216700
22/5/2023,6.89,6.91,6.81,6.84,6.71,1866200
19/5/2023,6.92,6.94,6.86,6.89,6.76,2033600
19/5/2023,Results Release (PM)
18/5/2023,7.00,7.00,6.88,6.91,6.78,1482800
17/5/2023,7.03,7.07,6.92,6.95,6.82,2232100
16/5/2023,7.05,7.17,7.01,7.08,6.94,2459400
15/5/2023,7.01,7.03,6.97,7.01,6.88,963200
12/5/2023,6.99,7.08,6.96,7.01,6.88,2613200
11/5/2023,6.99,7.02,6.96,6.97,6.84,844200
10/5/2023,6.95,6.99,6.92,6.97,6.84,882900
9/5/2023,6.99,6.99,6.91,6.91,6.78,2674300
8/5/2023,7.02,7.07,6.99,7.00,6.87,1502400
5/5/2023,6.94,7.00,6.93,7.00,6.87,999700
4/5/2023,6.95,7.01,6.88,7.01,6.88,1552900
3/5/2023,0.08 Dividend
3/5/2023,6.98,6.99,6.90,6.98,6.85,1301600
2/5/2023,6.98,7.08,6.94,7.08,6.87,2884700
28/4/2023,6.93,6.97,6.82,6.95,6.74,4151600
27/4/2023,7.05,7.12,6.88,6.91,6.70,8894000
26/4/2023,7.33,7.36,7.26,7.32,7.10,1807300
26/4/2023,AGM (PM)
25/4/2023,7.47,7.47,7.34,7.37,7.15,999200
24/4/2023,7.49,7.49,7.42,7.46,7.23,480500
21/4/2023,7.47,7.50,7.43,7.48,7.25,861400
20/4/2023,7.36,7.46,7.36,7.46,7.23,1454300
19/4/2023,7.39,7.40,7.34,7.39,7.17,1376700
18/4/2023,7.36,7.42,7.34,7.38,7.16,1089200
17/4/2023,7.35,7.39,7.34,7.38,7.16,860900
14/4/2023,7.35,7.39,7.32,7.33,7.11,953000
13/4/2023,7.33,7.35,7.28,7.30,7.08,1537700
12/4/2023,7.39,7.39,7.31,7.33,7.11,894200
11/4/2023,7.36,7.41,7.33,7.35,7.13,907400
10/4/2023,7.33,7.42,7.32,7.36,7.14,1120800
6/4/2023,7.35,7.35,7.27,7.27,7.05,2025400
5/4/2023,7.41,7.41,7.33,7.35,7.13,2270900
4/4/2023,7.45,7.47,7.39,7.41,7.19,2695600
3/4/2023,7.39,7.46,7.38,7.41,7.19,1441700
31/3/2023,7.40,7.41,7.31,7.37,7.15,2331607
30/3/2023,7.38,7.39,7.28,7.37,7.15,2356200
29/3/2023,7.39,7.39,7.28,7.29,7.07,1620900
28/3/2023,7.30,7.39,7.30,7.33,7.11,2461800
27/3/2023,7.17,7.26,7.16,7.20,6.98,1182800
24/3/2023,7.18,7.20,7.13,7.16,6.94,1328200
23/3/2023,7.21,7.21,7.12,7.21,6.99,1137300
22/3/2023,7.26,7.27,7.16,7.22,7.00,1898300
21/3/2023,7.18,7.29,7.16,7.19,6.97,1798900
20/3/2023,7.22,7.24,7.06,7.12,6.91,1606700
17/3/2023,7.16,7.27,7.15,7.22,7.00,2637800
16/3/2023,7.07,7.16,7.05,7.14,6.92,2488300
15/3/2023,7.15,7.20,7.05,7.08,6.87,3623600
14/3/2023,7.15,7.15,7.02,7.09,6.88,5376300
13/3/2023,7.32,7.38,7.22,7.23,7.01,2164600
10/3/2023,7.34,7.38,7.27,7.34,7.12,2150200
9/3/2023,7.38,7.42,7.36,7.38,7.16,1447500
8/3/2023,7.45,7.46,7.36,7.40,7.18,2067500
7/3/2023,7.50,7.55,7.41,7.48,7.25,1590300
6/3/2023,7.59,7.60,7.47,7.52,7.29,1271800
3/3/2023,7.68,7.71,7.56,7.59,7.36,1874600
2/3/2023,7.73,7.78,7.63,7.67,7.44,1632500
1/3/2023,7.72,7.80,7.70,7.77,7.54,857822
28/2/2023,7.73,7.83,7.70,7.71,7.48,2927500
27/2/2023,7.83,7.83,7.70,7.72,7.49,2392200
24/2/2023,7.91,7.94,7.78,7.83,7.59,1518400
23/2/2023,2022 Full Yearly Results (AM)
23/2/2023,CD (AM)
23/2/2023,7.91,7.98,7.84,7.84,7.60,1472600
22/2/2023,7.87,7.95,7.84,7.95,7.71,1711800
21/2/2023,7.82,7.88,7.77,7.88,7.64,1194100
20/2/2023,7.81,7.87,7.78,7.81,7.57,721700
17/2/2023,7.84,7.85,7.78,7.82,7.58,2817200
16/2/2023,7.85,7.92,7.80,7.86,7.62,1964900
15/2/2023,7.93,7.94,7.85,7.87,7.63,3002400
14/2/2023,8.05,8.14,8.05,8.13,7.88,1172100
13/2/2023,8.11,8.18,8.02,8.06,7.82,1459300
10/2/2023,8.13,8.16,8.06,8.16,7.91,963300
9/2/2023,8.18,8.24,8.16,8.17,7.92,1187000
8/2/2023,8.27,8.29,8.20,8.23,7.98,898400
7/2/2023,8.27,8.32,8.23,8.32,8.07,1307600
6/2/2023,8.29,8.36,8.28,8.32,8.07,828400
3/2/2023,8.29,8.33,8.26,8.33,8.08,1293900
2/2/2023,8.35,8.38,8.27,8.30,8.05,1227900
1/2/2023,8.30,8.35,8.25,8.35,8.10,1309500
31/1/2023,8.23,8.36,8.20,8.30,8.05,3199800
30/1/2023,8.24,8.32,8.21,8.24,7.99,1902000
27/1/2023,8.20,8.24,8.17,8.23,7.98,1088000
26/1/2023,8.11,8.20,8.05,8.16,7.91,1185100
25/1/2023,8.09,8.15,8.06,8.10,7.86,1709900
20/1/2023,8.09,8.13,8.01,8.04,7.80,1814800
19/1/2023,8.02,8.14,8.00,8.07,7.83,1443500
18/1/2023,7.93,8.05,7.93,8.00,7.76,1980400
17/1/2023,7.91,7.95,7.88,7.94,7.70,1213400
16/1/2023,7.90,7.96,7.87,7.89,7.65,923300
16/1/2023,Notification of Results (PM)
13/1/2023,7.74,7.90,7.73,7.89,7.65,2192100
12/1/2023,7.71,7.72,7.67,7.71,7.48,1371900
11/1/2023,7.67,7.70,7.61,7.67,7.44,2013300
10/1/2023,7.72,7.73,7.65,7.68,7.45,2325200
9/1/2023,7.85,7.88,7.73,7.75,7.52,2890300
6/1/2023,7.95,7.95,7.77,7.79,7.55,2686200
5/1/2023,7.95,8.08,7.95,8.02,7.78,2491400
4/1/2023,8.12,8.14,7.91,7.97,7.73,2451900
3/1/2023,8.16,8.18,8.08,8.16,7.91,1103400
30/12/2022,8.19,8.23,8.14,8.23,7.98,1014900
29/12/2022,8.15,8.19,8.12,8.17,7.92,655000
28/12/2022,8.18,8.24,8.15,8.16,7.91,689500
27/12/2022,8.30,8.30,8.21,8.22,7.97,293500
23/12/2022,8.25,8.29,8.21,8.28,8.03,517900
22/12/2022,8.29,8.37,8.25,8.36,8.11,1379200
21/12/2022,8.19,8.26,8.15,8.25,8.00,1102700
20/12/2022,8.19,8.21,8.09,8.18,7.93,1386600
19/12/2022,8.12,8.19,8.11,8.18,7.93,519900
16/12/2022,8.20,8.27,8.12,8.17,7.92,2028500
15/12/2022,8.25,8.30,8.20,8.26,8.01,848100
14/12/2022,8.18,8.30,8.16,8.25,8.00,1065300
13/12/2022,8.09,8.17,8.08,8.12,7.87,777000
12/12/2022,8.20,8.21,8.09,8.09,7.85,757200
9/12/2022,8.15,8.20,8.12,8.20,7.95,718300
8/12/2022,8.06,8.16,8.06,8.15,7.90,1197700
7/12/2022,8.25,8.29,8.06,8.07,7.83,1331900
6/12/2022,8.27,8.29,8.20,8.24,7.99,744200
5/12/2022,8.30,8.32,8.24,8.28,8.03,994500
2/12/2022,8.30,8.32,8.23,8.30,8.05,1464200
1/12/2022,8.31,8.43,8.27,8.31,8.06,1943800
30/11/2022,8.23,8.29,8.19,8.29,8.04,4888151
30/11/2022,Results Release (PM)
29/11/2022,8.11,8.27,8.11,8.26,8.01,1735900
28/11/2022,8.15,8.15,8.05,8.10,7.86,1720100
25/11/2022,8.23,8.25,8.12,8.15,7.90,1158600
24/11/2022,8.20,8.23,8.16,8.20,7.95,1095300
23/11/2022,8.14,8.21,8.13,8.16,7.91,941300
22/11/2022,8.16,8.20,8.10,8.12,7.87,974200
21/11/2022,8.15,8.20,8.08,8.13,7.88,1060100
18/11/2022,8.20,8.21,8.13,8.17,7.92,1362600
17/11/2022,8.18,8.22,8.12,8.16,7.91,825100
16/11/2022,8.11,8.17,8.04,8.13,7.88,1547600
15/11/2022,8.20,8.22,8.08,8.14,7.89,1292400
14/11/2022,8.06,8.28,7.95,8.16,7.91,2706200
11/11/2022,7.83,8.07,7.83,8.04,7.80,3597100
10/11/2022,7.77,7.80,7.65,7.67,7.44,1626300
9/11/2022,7.80,7.85,7.72,7.81,7.57,1277300
8/11/2022,7.85,7.88,7.76,7.77,7.54,952500
7/11/2022,7.87,7.90,7.81,7.85,7.61,1413900
4/11/2022,7.68,7.86,7.59,7.82,7.58,1873400
3/11/2022,7.68,7.84,7.68,7.71,7.48,1055900
2/11/2022,7.78,7.84,7.74,7.84,7.60,1685500
1/11/2022,7.71,7.86,7.69,7.83,7.59,2335613
31/10/2022,7.63,7.75,7.58,7.63,7.40,1848600
28/10/2022,7.65,7.67,7.49,7.60,7.37,1956700
27/10/2022,7.49,7.65,7.46,7.62,7.39,1969900
26/10/2022,7.31,7.48,7.31,7.48,7.25,1194000
25/10/2022,7.36,7.43,7.19,7.31,7.09,1497000
21/10/2022,7.50,7.50,7.27,7.32,7.10,1716900
20/10/2022,7.41,7.54,7.41,7.51,7.28,1025400
19/10/2022,7.58,7.61,7.45,7.45,7.23,974400
18/10/2022,7.59,7.65,7.48,7.50,7.27,902800
17/10/2022,7.43,7.60,7.40,7.48,7.25,2171400
14/10/2022,7.55,7.61,7.45,7.45,7.23,1495100
13/10/2022,7.65,7.67,7.45,7.48,7.25,1453100
12/10/2022,7.82,7.85,7.63,7.63,7.40,2208100
11/10/2022,7.80,7.88,7.75,7.84,7.60,1780700
10/10/2022,7.76,7.80,7.70,7.72,7.49,895700
7/10/2022,7.72,7.86,7.72,7.83,7.59,822300
6/10/2022,7.81,7.92,7.76,7.78,7.55,1363300
5/10/2022,7.83,7.87,7.75,7.81,7.57,1757900
4/10/2022,7.64,7.78,7.62,7.76,7.53,2358600
3/10/2022,7.50,7.66,7.48,7.55,7.32,812800
30/9/2022,7.49,7.62,7.42,7.60,7.37,3402300
29/9/2022,7.75,7.78,7.60,7.61,7.38,2277400
28/9/2022,7.84,7.86,7.61,7.64,7.41,2137600
27/9/2022,7.87,7.90,7.76,7.84,7.60,1819900
26/9/2022,8.05,8.08,7.84,7.85,7.61,3640100
23/9/2022,8.14,8.18,8.06,8.09,7.85,1874000
22/9/2022,8.15,8.18,8.09,8.16,7.91,1493100
21/9/2022,8.22,8.33,8.17,8.17,7.92,1539200
20/9/2022,8.27,8.30,8.23,8.27,8.02,879300
19/9/2022,8.18,8.27,8.17,8.21,7.96,1084800
16/9/2022,8.30,8.32,8.16,8.17,7.92,3440800
15/9/2022,8.47,8.48,8.34,8.35,8.10,649900
14/9/2022,8.45,8.46,8.38,8.44,8.19,1495200
13/9/2022,8.50,8.57,8.49,8.57,8.31,1196800
12/9/2022,8.47,8.50,8.42,8.49,8.23,1129200
9/9/2022,8.36,8.44,8.35,8.42,8.17,2061500
8/9/2022,8.28,8.37,8.28,8.32,8.07,1196200
7/9/2022,8.25,8.34,8.23,8.28,8.03,1740600
6/9/2022,8.31,8.34,8.24,8.31,8.06,762800
5/9/2022,8.35,8.37,8.25,8.29,8.04,574800
2/9/2022,8.24,8.37,8.23,8.30,8.05,2289400
1/9/2022,8.09,8.24,8.09,8.21,7.96,1873500
31/8/2022,8.13,8.18,8.09,8.13,7.88,4358400
30/8/2022,8.12,8.19,8.12,8.17,7.92,1079700
29/8/2022,8.16,8.18,8.07,8.11,7.87,1343200
26/8/2022,8.21,8.27,8.20,8.25,8.00,1531300
25/8/2022,8.16,8.21,8.12,8.18,7.93,999200
24/8/2022,8.23,8.23,8.14,8.17,7.92,909300
23/8/2022,8.26,8.34,8.13,8.23,7.98,1745200
22/8/2022,8.28,8.37,8.25,8.35,8.10,1299900
19/8/2022,0.12 Dividend
19/8/2022,8.45,8.45,8.32,8.36,8.11,1670200
18/8/2022,8.61,8.69,8.58,8.60,8.22,1823300
17/8/2022,8.61,8.70,8.59,8.68,8.30,2717500
16/8/2022,8.45,8.67,8.44,8.67,8.29,3355100
15/8/2022,8.38,8.47,8.35,8.45,8.08,2413900
12/8/2022,8.29,8.36,8.27,8.34,7.98,2449500
11/8/2022,2022 Half Yearly Results (AM)
11/8/2022,CD (AM)
11/8/2022,8.29,8.31,8.23,8.24,7.88,2757600
10/8/2022,8.09,8.25,8.09,8.25,7.89,2008000
8/8/2022,8.14,8.20,8.11,8.20,7.84,1584900
5/8/2022,8.05,8.12,8.00,8.10,7.75,1515800
4/8/2022,7.85,8.04,7.85,8.03,7.68,1977400
3/8/2022,7.77,7.84,7.73,7.82,7.48,1381500
2/8/2022,7.76,7.81,7.72,7.76,7.42,1398300
1/8/2022,7.75,7.85,7.75,7.81,7.47,1150100
29/7/2022,7.80,7.83,7.68,7.75,7.41,2179900
28/7/2022,7.80,7.84,7.77,7.80,7.46,1767000
27/7/2022,7.75,7.83,7.75,7.83,7.49,814200
26/7/2022,7.75,7.80,7.72,7.79,7.45,750700
25/7/2022,7.76,7.83,7.75,7.76,7.42,739100
22/7/2022,7.79,7.83,7.75,7.75,7.41,1161300
21/7/2022,7.76,7.82,7.70,7.76,7.42,1376400
20/7/2022,7.66,7.73,7.66,7.73,7.39,1777700
19/7/2022,7.62,7.64,7.57,7.62,7.29,1003300
18/7/2022,7.58,7.62,7.54,7.62,7.29,1403000
15/7/2022,7.59,7.60,7.48,7.54,7.21,2065000
14/7/2022,7.65,7.66,7.51,7.53,7.20,1762500
13/7/2022,7.66,7.69,7.54,7.61,7.28,2899300
12/7/2022,7.85,7.86,7.60,7.62,7.29,3227100
8/7/2022,7.97,7.97,7.86,7.88,7.54,687500
7/7/2022,7.78,7.94,7.75,7.94,7.59,2138700
6/7/2022,7.91,7.93,7.78,7.79,7.45,1929900
6/7/2022,Notification of Results (PM)
5/7/2022,8.04,8.04,7.89,7.94,7.59,1230300
4/7/2022,8.05,8.09,7.94,7.98,7.63,1556100
1/7/2022,8.14,8.16,8.03,8.04,7.69,1209300
30/6/2022,8.16,8.19,8.12,8.15,7.79,1230400
29/6/2022,8.17,8.24,8.15,8.19,7.83,2336700
28/6/2022,8.20,8.23,8.11,8.20,7.84,1588100
27/6/2022,8.17,8.20,8.13,8.20,7.84,1189500
24/6/2022,8.20,8.20,8.10,8.16,7.80,1397800
23/6/2022,8.15,8.21,8.12,8.17,7.81,1898000
22/6/2022,8.18,8.24,8.07,8.10,7.75,2036000
21/6/2022,8.13,8.20,8.10,8.16,7.80,891600
20/6/2022,8.09,8.16,8.05,8.10,7.75,1336800
17/6/2022,8.08,8.14,8.01,8.14,7.78,3314400
16/6/2022,8.20,8.28,8.06,8.10,7.75,3058300
15/6/2022,7.99,8.15,7.98,8.07,7.72,1744700
14/6/2022,8.03,8.03,7.88,7.92,7.57,2096700
13/6/2022,8.17,8.18,8.06,8.06,7.71,1134900
10/6/2022,8.23,8.28,8.19,8.25,7.89,912800
9/6/2022,8.30,8.33,8.26,8.30,7.94,1032900
8/6/2022,8.30,8.39,8.25,8.30,7.94,2291700
7/6/2022,8.18,8.26,8.18,8.26,7.90,956800
6/6/2022,8.18,8.29,8.13,8.27,7.91,1307000
3/6/2022,8.20,8.27,8.17,8.22,7.86,973800
2/6/2022,8.12,8.18,8.06,8.18,7.82,1137900
1/6/2022,8.27,8.29,8.13,8.13,7.77,1124400
31/5/2022,8.25,8.28,8.21,8.26,7.90,3272200
30/5/2022,8.22,8.27,8.21,8.22,7.86,1680000
27/5/2022,8.20,8.21,8.15,8.21,7.85,1212900
26/5/2022,8.05,8.20,8.04,8.17,7.81,2686100
25/5/2022,8.09,8.12,8.01,8.02,7.67,1509800
24/5/2022,8.15,8.15,8.03,8.09,7.74,2133000
23/5/2022,8.23,8.23,8.08,8.09,7.74,1714094
20/5/2022,8.05,8.22,8.03,8.19,7.83,2284900
19/5/2022,8.09,8.09,7.95,8.01,7.66,2182200
18/5/2022,8.25,8.25,8.13,8.15,7.79,1689500
17/5/2022,8.20,8.22,8.06,8.16,7.80,1727300
13/5/2022,7.72,8.19,7.71,8.18,7.82,5122300
12/5/2022,7.90,7.90,7.67,7.67,7.33,2692200
11/5/2022,7.84,7.93,7.76,7.90,7.55,3080100
10/5/2022,8.02,8.04,7.87,7.93,7.58,2123500
9/5/2022,8.04,8.13,8.03,8.09,7.74,963400
6/5/2022,8.09,8.15,8.03,8.06,7.71,1851500
5/5/2022,8.06,8.21,8.06,8.19,7.83,2150500
4/5/2022,0.01 Dividend
4/5/2022,8.29,8.29,8.01,8.03,7.68,3551300
29/4/2022,8.45,8.46,8.33,8.33,7.95,4772363
28/4/2022,8.43,8.54,8.40,8.49,8.11,3405564
28/4/2022,AGM (PM)
27/4/2022,8.25,8.43,8.23,8.43,8.06,2800672
26/4/2022,8.29,8.37,8.24,8.37,7.99,2805185
25/4/2022,8.24,8.28,8.19,8.27,7.90,1788213
22/4/2022,8.25,8.30,8.16,8.26,7.89,2243574
21/4/2022,8.19,8.25,8.17,8.22,7.85,2373003
20/4/2022,8.19,8.19,8.14,8.15,7.79,1437257
19/4/2022,8.16,8.19,8.10,8.12,7.76,1252857
18/4/2022,8.15,8.16,8.06,8.06,7.70,1487613
14/4/2022,8.08,8.20,8.05,8.15,7.79,3207625
13/4/2022,8.04,8.07,8.00,8.03,7.67,1940164
12/4/2022,7.92,8.00,7.90,8.00,7.64,2430025
11/4/2022,7.95,8.00,7.85,7.94,7.58,1179630
8/4/2022,8.01,8.01,7.87,7.93,7.57,1666373
7/4/2022,7.91,8.01,7.91,8.01,7.65,2082967
6/4/2022,8.07,8.11,7.96,7.99,7.63,2091479
5/4/2022,7.84,8.09,7.83,8.08,7.72,5299618
4/4/2022,7.72,7.81,7.66,7.79,7.44,2369413
1/4/2022,7.65,7.74,7.62,7.72,7.38,3128758
31/3/2022,7.78,7.81,7.67,7.67,7.33,3304441
30/3/2022,7.72,7.79,7.68,7.79,7.44,3662473
29/3/2022,7.66,7.69,7.59,7.68,7.34,2368388
28/3/2022,7.60,7.65,7.59,7.65,7.31,2589914
25/3/2022,7.49,7.61,7.47,7.57,7.23,3803389
24/3/2022,7.25,7.44,7.23,7.44,7.11,3693036
23/3/2022,7.26,7.28,7.23,7.26,6.94,995332
22/3/2022,7.22,7.27,7.17,7.25,6.93,1357466
21/3/2022,7.23,7.23,7.15,7.22,6.89,882336
18/3/2022,7.17,7.23,7.13,7.20,6.87,3545044
17/3/2022,7.08,7.19,7.04,7.16,6.84,3249059
16/3/2022,6.99,7.10,6.95,7.08,6.76,1638170
15/3/2022,7.06,7.12,6.90,6.93,6.62,1639195
14/3/2022,7.12,7.17,7.06,7.12,6.80,1929231
11/3/2022,6.98,7.16,6.97,7.11,6.79,4049120
10/3/2022,6.90,7.00,6.84,7.00,6.69,2732368
9/3/2022,6.79,6.88,6.79,6.84,6.53,2337928
8/3/2022,6.84,6.88,6.71,6.79,6.48,3381975
7/3/2022,6.84,6.94,6.83,6.84,6.53,1647708
4/3/2022,6.90,6.93,6.84,6.87,6.57,1836723
3/3/2022,6.94,7.01,6.94,6.96,6.65,1255831
2/3/2022,6.91,6.99,6.88,6.92,6.61,2141323
1/3/2022,6.94,6.99,6.91,6.99,6.68,1947487
28/2/2022,6.98,7.03,6.81,6.94,6.63,4349206
25/2/2022,2021 Full Yearly Results (AM)
25/2/2022,CD (AM)
25/2/2022,6.94,7.00,6.93,6.96,6.65,2525405
24/2/2022,6.99,7.04,6.73,6.84,6.53,4169421
23/2/2022,7.08,7.08,6.98,7.06,6.74,1589249
22/2/2022,7.09,7.09,6.98,7.03,6.71,1479306
21/2/2022,7.13,7.17,7.10,7.11,6.79,1172758
18/2/2022,7.09,7.20,7.06,7.16,6.84,2076711
17/2/2022,7.16,7.16,7.10,7.13,6.81,2063378
16/2/2022,7.06,7.15,7.04,7.15,6.83,2280290
15/2/2022,7.01,7.06,7.00,7.05,6.73,1970255
14/2/2022,7.05,7.05,6.92,6.96,6.65,1651092
11/2/2022,7.13,7.14,7.03,7.06,6.74,1246908
10/2/2022,7.17,7.17,7.10,7.15,6.83,1665040
9/2/2022,7.09,7.16,7.08,7.15,6.83,1845133
8/2/2022,6.96,7.08,6.94,7.06,6.74,2566326
7/2/2022,6.95,6.97,6.90,6.92,6.61,1393772
4/2/2022,6.90,6.98,6.90,6.96,6.65,1216448
3/2/2022,6.94,6.99,6.91,6.93,6.62,2095684
31/1/2022,6.80,6.89,6.79,6.87,6.57,1052559
28/1/2022,6.88,6.92,6.79,6.80,6.49,2995944
27/1/2022,6.91,6.98,6.87,6.90,6.59,1958666
26/1/2022,6.91,6.97,6.89,6.95,6.64,1342903
25/1/2022,6.93,6.94,6.84,6.85,6.55,3293057
24/1/2022,6.93,6.96,6.92,6.94,6.63,1560943
21/1/2022,6.96,6.99,6.94,6.97,6.66,2057840
21/1/2022,Notification of Results (PM)
20/1/2022,6.91,6.95,6.90,6.93,6.62,2251368
19/1/2022,6.92,6.96,6.90,6.92,6.61,1643708
18/1/2022,6.95,6.99,6.92,6.95,6.64,1978049
17/1/2022,6.93,6.95,6.88,6.92,6.61,1278494
14/1/2022,6.84,6.93,6.81,6.93,6.62,2616580
13/1/2022,6.75,6.86,6.71,6.84,6.53,2266752
12/1/2022,6.75,6.75,6.68,6.73,6.43,1413976
11/1/2022,6.63,6.72,6.63,6.70,6.40,1359107
10/1/2022,6.66,6.71,6.64,6.66,6.36,1140145
7/1/2022,6.69,6.71,6.64,6.67,6.37,1644015
6/1/2022,6.68,6.75,6.64,6.71,6.41,1530380
5/1/2022,6.77,6.77,6.68,6.70,6.40,1467102
4/1/2022,6.74,6.77,6.71,6.72,6.42,1566891
3/1/2022,6.66,6.72,6.66,6.71,6.41,817290
