26/9/2024,0.3150,0.3200,0.3100,0.3200,0.3200,21100
25/9/2024,0.3200,0.3250,0.3150,0.3200,0.3200,85200
24/9/2024,0.3300,0.3350,0.3300,0.3350,0.3350,4700
23/9/2024,0.3300,0.3300,0.3150,0.3250,0.3250,169600
20/9/2024,0.3100,0.3150,0.3050,0.3100,0.3100,50100
19/9/2024,0.3200,0.3200,0.3200,0.3200,0.3200,200
18/9/2024,0.3250,0.3250,0.3250,0.3250,0.3250,100
17/9/2024,0.3200,0.3200,0.3100,0.3200,0.3200,166700
16/9/2024,0.2850,0.3200,0.2850,0.3200,0.3200,181900
13/9/2024,0.3000,0.3200,0.2950,0.3200,0.3200,74600
12/9/2024,0.3300,0.3300,0.3300,0.3300,0.3300,0
11/9/2024,0.3300,0.3300,0.3300,0.3300,0.3300,0
10/9/2024,0.3300,0.3300,0.3300,0.3300,0.3300,0
9/9/2024,0.3300,0.3300,0.3300,0.3300,0.3300,0
6/9/2024,0.3300,0.3300,0.3300,0.3300,0.3300,0
5/9/2024,0.3300,0.3300,0.3300,0.3300,0.3300,0
4/9/2024,0.3300,0.3300,0.3300,0.3300,0.3300,0
3/9/2024,0.3300,0.3300,0.3300,0.3300,0.3300,0
2/9/2024,0.3300,0.3300,0.3300,0.3300,0.3300,100
30/8/2024,0.3150,0.3150,0.2900,0.3050,0.3050,25100
29/8/2024,0.3100,0.3100,0.3100,0.3100,0.3100,0
28/8/2024,0.3100,0.3100,0.3100,0.3100,0.3100,0
27/8/2024,0.3100,0.3100,0.3100,0.3100,0.3100,0
26/8/2024,0.2900,0.3100,0.2800,0.3100,0.3100,119000
23/8/2024,0.2800,0.2850,0.2800,0.2850,0.2850,10800
22/8/2024,0.2850,0.2850,0.2850,0.2850,0.2850,0
21/8/2024,0.2850,0.2850,0.2850,0.2850,0.2850,0
20/8/2024,0.2850,0.2850,0.2850,0.2850,0.2850,0
19/8/2024,0.2700,0.2850,0.2700,0.2850,0.2850,12200
16/8/2024,0.2900,0.2900,0.2900,0.2900,0.2900,0
15/8/2024,0.2900,0.2900,0.2900,0.2900,0.2900,0
14/8/2024,0.2850,0.2900,0.2800,0.2900,0.2900,55700
13/8/2024,0.2850,0.2900,0.2800,0.2800,0.2800,22300
12/8/2024,0.2850,0.2850,0.2850,0.2850,0.2850,2200
8/8/2024,0.2800,0.2900,0.2700,0.2850,0.2850,27200
7/8/2024,0.2900,0.2900,0.2900,0.2900,0.2900,0
6/8/2024,0.2900,0.2950,0.2900,0.2900,0.2900,400
5/8/2024,0.2900,0.2900,0.2900,0.2900,0.2900,400
2/8/2024,0.2950,0.2950,0.2900,0.2950,0.2950,500
1/8/2024,0.2850,0.2950,0.2850,0.2950,0.2950,4100
31/7/2024,0.2800,0.2950,0.2700,0.2950,0.2950,1100
30/7/2024,0.2950,0.2950,0.2950,0.2950,0.2950,0
29/7/2024,0.2950,0.2950,0.2950,0.2950,0.2950,0
26/7/2024,0.2850,0.2950,0.2850,0.2950,0.2950,8100
25/7/2024,0.2950,0.2950,0.2950,0.2950,0.2950,100
24/7/2024,0.2950,0.2950,0.2950,0.2950,0.2950,100
23/7/2024,0.2900,0.2900,0.2900,0.2900,0.2900,2000
22/7/2024,0.2950,0.2950,0.2950,0.2950,0.2950,100
19/7/2024,0.2850,0.2900,0.2850,0.2900,0.2900,8500
18/7/2024,0.2950,0.2950,0.2950,0.2950,0.2950,0
17/7/2024,0.2950,0.2950,0.2950,0.2950,0.2950,0
16/7/2024,0.2950,0.2950,0.2950,0.2950,0.2950,0
15/7/2024,0.2950,0.2950,0.2950,0.2950,0.2950,0
12/7/2024,0.2900,0.2950,0.2900,0.2950,0.2950,51200
11/7/2024,0.2850,0.2850,0.2800,0.2850,0.2850,47300
10/7/2024,0.2950,0.2950,0.2950,0.2950,0.2950,0
9/7/2024,0.2950,0.2950,0.2950,0.2950,0.2950,0
8/7/2024,0.2950,0.2950,0.2950,0.2950,0.2950,0
5/7/2024,0.2950,0.2950,0.2950,0.2950,0.2950,100
4/7/2024,0.2800,0.2900,0.2800,0.2900,0.2900,4100
3/7/2024,0.2950,0.2950,0.2950,0.2950,0.2950,0
2/7/2024,0.2950,0.2950,0.2950,0.2950,0.2950,0
1/7/2024,0.2850,0.3000,0.2800,0.2950,0.2950,32100
28/6/2024,0.2950,0.2950,0.2850,0.2900,0.2900,200100
27/6/2024,0.2850,0.2900,0.2850,0.2900,0.2900,15900
26/6/2024,0.2950,0.2950,0.2850,0.2900,0.2900,78400
25/6/2024,0.2900,0.2900,0.2900,0.2900,0.2900,0
24/6/2024,0.2900,0.2900,0.2900,0.2900,0.2900,66000
21/6/2024,0.2850,0.2900,0.2850,0.2900,0.2900,10100
20/6/2024,0.3000,0.3000,0.3000,0.3000,0.3000,100
19/6/2024,0.3000,0.3000,0.2850,0.2950,0.2950,113800
18/6/2024,0.3000,0.3000,0.2850,0.2900,0.2900,10200
14/6/2024,0.2900,0.2900,0.2850,0.2900,0.2900,100100
13/6/2024,0.2950,0.3000,0.2950,0.3000,0.3000,7800
12/6/2024,0.3000,0.3000,0.3000,0.3000,0.3000,0
11/6/2024,0.3100,0.3100,0.2950,0.3000,0.3000,10100
10/6/2024,0.2800,0.2900,0.2800,0.2850,0.2850,104000
7/6/2024,0.015 Dividend,,,,,
7/6/2024,0.2950,0.3000,0.2850,0.2950,0.2950,3100
6/6/2024,0.3100,0.3100,0.3000,0.3000,0.2850,282900
5/6/2024,0.3100,0.3100,0.3000,0.3100,0.2945,155100
4/6/2024,0.3100,0.3150,0.3050,0.3100,0.2945,193200
3/6/2024,0.3100,0.3150,0.3100,0.3150,0.2993,222100
31/5/2024,0.3100,0.3200,0.3100,0.3100,0.2945,134100
30/5/2024,0.3100,0.3100,0.3050,0.3100,0.2945,56100
29/5/2024,0.3100,0.3100,0.3000,0.3100,0.2945,2200
28/5/2024,0.3050,0.3050,0.3050,0.3050,0.2898,12000
27/5/2024,0.2950,0.3050,0.2950,0.3050,0.2898,122700
24/5/2024,0.2900,0.2950,0.2900,0.2950,0.2802,124500
23/5/2024,0.2900,0.2950,0.2900,0.2900,0.2755,106800
21/5/2024,0.2950,0.2950,0.2900,0.2950,0.2802,27300
20/5/2024,0.2950,0.2950,0.2950,0.2950,0.2802,36000
17/5/2024,0.2950,0.2950,0.2950,0.2950,0.2802,0
16/5/2024,0.2950,0.2950,0.2900,0.2950,0.2802,361400
15/5/2024,0.2950,0.3000,0.2950,0.2950,0.2802,130400
14/5/2024,0.3000,0.3000,0.3000,0.3000,0.2850,0
13/5/2024,0.3000,0.3000,0.2900,0.3000,0.2850,418100
10/5/2024,0.2900,0.2950,0.2900,0.2950,0.2802,20200
9/5/2024,0.2900,0.2950,0.2900,0.2950,0.2802,6400
8/5/2024,0.2850,0.2950,0.2850,0.2950,0.2802,6100
7/5/2024,0.2950,0.2950,0.2950,0.2950,0.2802,0
6/5/2024,0.2900,0.2950,0.2900,0.2950,0.2802,8100
3/5/2024,0.2900,0.2950,0.2900,0.2950,0.2802,20100
2/5/2024,0.2850,0.2900,0.2850,0.2900,0.2755,25800
30/4/2024,0.2900,0.3000,0.2900,0.2950,0.2802,100300
29/4/2024,0.2950,0.2950,0.2950,0.2950,0.2802,100
26/4/2024,0.2850,0.2900,0.2800,0.2900,0.2755,118100
25/4/2024,0.3000,0.3000,0.3000,0.3000,0.2850,0
24/4/2024,0.3000,0.3000,0.3000,0.3000,0.2850,0
23/4/2024,0.3000,0.3000,0.3000,0.3000,0.2850,0
22/4/2024,0.2950,0.3000,0.2950,0.3000,0.2850,1300
19/4/2024,0.3000,0.3000,0.3000,0.3000,0.2850,2000
18/4/2024,0.3000,0.3000,0.3000,0.3000,0.2850,0
17/4/2024,0.3000,0.3000,0.3000,0.3000,0.2850,100
16/4/2024,0.2900,0.2900,0.2900,0.2900,0.2755,12000
15/4/2024,0.3000,0.3050,0.2950,0.3000,0.2850,73300
12/4/2024,0.2900,0.3050,0.2900,0.3050,0.2898,81000
11/4/2024,0.3100,0.3100,0.2950,0.3050,0.2898,97300
9/4/2024,0.3050,0.3050,0.3050,0.3050,0.2898,0
8/4/2024,0.3100,0.3100,0.2900,0.3050,0.2898,68400
5/4/2024,0.3050,0.3050,0.2900,0.3050,0.2898,69500
4/4/2024,0.3100,0.3100,0.3000,0.3050,0.2898,80500
3/4/2024,0.3100,0.3100,0.3100,0.3100,0.2945,0
2/4/2024,0.3100,0.3100,0.3100,0.3100,0.2945,10200
1/4/2024,0.3100,0.3100,0.3100,0.3100,0.2945,0
28/3/2024,0.3100,0.3100,0.3000,0.3100,0.2945,125300
27/3/2024,0.2900,0.3100,0.2900,0.3100,0.2945,2100
26/3/2024,0.3150,0.3150,0.3150,0.3150,0.2993,0
25/3/2024,0.3150,0.3150,0.3150,0.3150,0.2993,100
22/3/2024,0.3200,0.3200,0.2950,0.3050,0.2898,139500
21/3/2024,0.2950,0.3050,0.2900,0.3050,0.2898,171800
20/3/2024,0.2900,0.3000,0.2850,0.2850,0.2707,407100
19/3/2024,0.2900,0.3000,0.2900,0.3000,0.2850,13600
18/3/2024,0.3050,0.3050,0.3050,0.3050,0.2898,0
15/3/2024,0.3000,0.3050,0.2700,0.3050,0.2898,204700
14/3/2024,0.3050,0.3050,0.3050,0.3050,0.2898,0
13/3/2024,0.3100,0.3100,0.2950,0.3050,0.2898,500
12/3/2024,0.3100,0.3100,0.3100,0.3100,0.2945,0
11/3/2024,0.3100,0.3100,0.2950,0.3100,0.2945,3700
8/3/2024,0.3100,0.3100,0.3100,0.3100,0.2945,8100
7/3/2024,0.3050,0.3100,0.2900,0.2900,0.2755,8800
6/3/2024,0.2950,0.3100,0.2950,0.3100,0.2945,6100
5/3/2024,0.3100,0.3100,0.3100,0.3100,0.2945,0
4/3/2024,0.3050,0.3100,0.3050,0.3100,0.2945,15500
1/3/2024,0.3200,0.3200,0.3200,0.3200,0.3040,0
29/2/2024,0.3200,0.3200,0.3200,0.3200,0.3040,0
28/2/2024,0.3200,0.3200,0.3200,0.3200,0.3040,0
27/2/2024,0.3200,0.3200,0.3200,0.3200,0.3040,0
26/2/2024,0.3200,0.3200,0.3200,0.3200,0.3040,100
23/2/2024,0.3150,0.3150,0.3000,0.3100,0.2945,5200
22/2/2024,0.3000,0.3100,0.2950,0.3100,0.2945,72200
21/2/2024,0.3200,0.3200,0.3200,0.3200,0.3040,0
20/2/2024,0.3200,0.3200,0.3200,0.3200,0.3040,0
19/2/2024,0.3200,0.3200,0.3200,0.3200,0.3040,0
16/2/2024,0.3200,0.3200,0.3200,0.3200,0.3040,0
15/2/2024,0.3150,0.3200,0.3150,0.3200,0.3040,10000
14/2/2024,0.3150,0.3150,0.3150,0.3150,0.2993,0
13/2/2024,0.3150,0.3150,0.3150,0.3150,0.2993,0
9/2/2024,0.3150,0.3150,0.3150,0.3150,0.2993,0
8/2/2024,0.3050,0.3150,0.3050,0.3150,0.2993,5000
7/2/2024,0.2900,0.3200,0.2900,0.3200,0.3040,86000
6/2/2024,0.3000,0.3150,0.3000,0.3150,0.2993,10200
5/2/2024,0.3200,0.3200,0.3200,0.3200,0.3040,0
2/2/2024,0.3200,0.3200,0.3200,0.3200,0.3040,0
1/2/2024,0.3100,0.3200,0.2900,0.3200,0.3040,18100
31/1/2024,0.3300,0.3300,0.3300,0.3300,0.3135,0
30/1/2024,0.3300,0.3300,0.3300,0.3300,0.3135,0
29/1/2024,0.3300,0.3300,0.3300,0.3300,0.3135,0
26/1/2024,0.3200,0.3300,0.3200,0.3300,0.3135,31000
25/1/2024,0.3150,0.3300,0.3150,0.3150,0.2993,49400
24/1/2024,0.3150,0.3300,0.3150,0.3300,0.3135,188400
23/1/2024,0.3050,0.3150,0.2900,0.3000,0.2850,114400
22/1/2024,0.3050,0.3300,0.3050,0.3300,0.3135,55200
19/1/2024,0.3100,0.3300,0.3000,0.3300,0.3135,44300
18/1/2024,0.3300,0.3300,0.3300,0.3300,0.3135,0
17/1/2024,0.3300,0.3300,0.3300,0.3300,0.3135,0
16/1/2024,0.3150,0.3300,0.3150,0.3300,0.3135,16100
15/1/2024,0.3300,0.3300,0.3300,0.3300,0.3135,0
12/1/2024,0.3300,0.3300,0.3300,0.3300,0.3135,0
11/1/2024,0.3250,0.3300,0.3250,0.3300,0.3135,5100
10/1/2024,0.3300,0.3300,0.3300,0.3300,0.3135,0
9/1/2024,0.3150,0.3300,0.3150,0.3300,0.3135,44200
8/1/2024,0.3600,0.3600,0.3600,0.3600,0.3420,0
5/1/2024,0.3600,0.3600,0.3600,0.3600,0.3420,0
4/1/2024,0.3600,0.3600,0.3600,0.3600,0.3420,0
3/1/2024,0.3600,0.3600,0.3600,0.3600,0.3420,0
2/1/2024,0.3250,0.3700,0.3250,0.3600,0.3420,54600
29/12/2023,0.3200,0.3300,0.3150,0.3250,0.3087,8800
28/12/2023,0.3300,0.3300,0.3300,0.3300,0.3135,0
27/12/2023,0.3300,0.3300,0.3300,0.3300,0.3135,11100
26/12/2023,0.3350,0.3350,0.3200,0.3200,0.3040,2100
22/12/2023,0.3200,0.3300,0.3200,0.3300,0.3135,27200
21/12/2023,0.3350,0.3350,0.3200,0.3200,0.3040,30100
20/12/2023,0.3200,0.3300,0.3200,0.3300,0.3135,40300
19/12/2023,0.3300,0.3300,0.3250,0.3250,0.3087,200
18/12/2023,0.3200,0.3200,0.3200,0.3200,0.3040,0
15/12/2023,0.3200,0.3250,0.3200,0.3200,0.3040,21000
14/12/2023,0.3150,0.3300,0.3150,0.3200,0.3040,7400
13/12/2023,0.3250,0.3300,0.3150,0.3150,0.2993,244000
12/12/2023,0.3200,0.3200,0.3200,0.3200,0.3040,75900
11/12/2023,0.3350,0.3350,0.3350,0.3350,0.3183,0
8/12/2023,0.3350,0.3350,0.3350,0.3350,0.3183,0
7/12/2023,0.3350,0.3350,0.3350,0.3350,0.3183,0
6/12/2023,0.3350,0.3350,0.3350,0.3350,0.3183,0
5/12/2023,0.3350,0.3350,0.3350,0.3350,0.3183,0
4/12/2023,0.3350,0.3350,0.3350,0.3350,0.3183,0
1/12/2023,0.3250,0.3350,0.3250,0.3350,0.3183,1200
30/11/2023,0.3350,0.3350,0.3350,0.3350,0.3183,0
29/11/2023,0.3300,0.3350,0.3300,0.3350,0.3183,51600
28/11/2023,0.3300,0.3350,0.3200,0.3350,0.3183,50700
27/11/2023,0.3500,0.3500,0.3150,0.3400,0.3230,32100
24/11/2023,0.3250,0.3450,0.3050,0.3450,0.3277,46900
23/11/2023,0.3650,0.3650,0.3650,0.3650,0.3467,0
22/11/2023,0.3650,0.3650,0.3650,0.3650,0.3467,0
21/11/2023,0.3450,0.3650,0.3450,0.3650,0.3467,23000
20/11/2023,0.3450,0.3450,0.3450,0.3450,0.3277,0
17/11/2023,0.3450,0.3450,0.3450,0.3450,0.3277,0
16/11/2023,0.3450,0.3450,0.3450,0.3450,0.3277,0
15/11/2023,0.3400,0.3450,0.3400,0.3450,0.3277,20100
14/11/2023,0.3250,0.3450,0.3150,0.3450,0.3277,25200
10/11/2023,0.3450,0.3450,0.3450,0.3450,0.3277,0
9/11/2023,0.3300,0.3450,0.3300,0.3450,0.3277,400
8/11/2023,0.3350,0.3400,0.3300,0.3300,0.3135,38200
7/11/2023,0.3400,0.3400,0.3400,0.3400,0.3230,10000
6/11/2023,0.3300,0.3400,0.3300,0.3400,0.3230,600
3/11/2023,0.3400,0.3650,0.3350,0.3400,0.3230,64700
2/11/2023,0.3950,0.3950,0.3350,0.3400,0.3230,354800
1/11/2023,0.3950,0.3950,0.3600,0.3900,0.3705,12200
31/10/2023,0.3700,0.3700,0.3700,0.3700,0.3515,200
30/10/2023,0.3500,0.3700,0.3500,0.3700,0.3515,300
27/10/2023,0.3750,0.3750,0.3750,0.3750,0.3562,100
26/10/2023,0.3550,0.3550,0.3550,0.3550,0.3372,200
25/10/2023,0.3750,0.3750,0.3750,0.3750,0.3562,0
24/10/2023,0.3750,0.3750,0.3750,0.3750,0.3562,100
23/10/2023,0.3450,0.3750,0.3400,0.3700,0.3515,31100
20/10/2023,0.3800,0.3800,0.3800,0.3800,0.3610,0
19/10/2023,0.3700,0.3800,0.3600,0.3800,0.3610,32800
18/10/2023,0.3700,0.3700,0.3700,0.3700,0.3515,300
17/10/2023,0.3500,0.3700,0.3500,0.3700,0.3515,3100
16/10/2023,0.3750,0.3750,0.3750,0.3750,0.3562,0
13/10/2023,0.3750,0.3750,0.3750,0.3750,0.3562,0
12/10/2023,0.3750,0.3750,0.3750,0.3750,0.3562,0
11/10/2023,0.3750,0.3750,0.3750,0.3750,0.3562,0
10/10/2023,0.3650,0.3750,0.3650,0.3750,0.3562,300
9/10/2023,0.3800,0.3800,0.3800,0.3800,0.3610,0
6/10/2023,0.3800,0.3800,0.3550,0.3800,0.3610,5700
5/10/2023,0.3550,0.3800,0.3550,0.3800,0.3610,200
4/10/2023,0.3800,0.3800,0.3800,0.3800,0.3610,0
3/10/2023,0.3800,0.3800,0.3800,0.3800,0.3610,0
2/10/2023,0.3800,0.3800,0.3800,0.3800,0.3610,0
29/9/2023,0.3800,0.3800,0.3800,0.3800,0.3610,0
28/9/2023,0.3800,0.3800,0.3800,0.3800,0.3610,0
27/9/2023,0.3800,0.3800,0.3800,0.3800,0.3610,0
26/9/2023,0.3800,0.3800,0.3800,0.3800,0.3610,0
25/9/2023,0.3800,0.3800,0.3800,0.3800,0.3610,0
22/9/2023,0.3800,0.3800,0.3800,0.3800,0.3610,0
21/9/2023,0.3800,0.3800,0.3800,0.3800,0.3610,0
20/9/2023,0.3800,0.3800,0.3800,0.3800,0.3610,0
19/9/2023,0.3800,0.3800,0.3800,0.3800,0.3610,0
18/9/2023,0.3750,0.3800,0.3700,0.3800,0.3610,10200
15/9/2023,0.3950,0.3950,0.3950,0.3950,0.3753,0
14/9/2023,0.3950,0.3950,0.3950,0.3950,0.3753,0
13/9/2023,0.3950,0.3950,0.3950,0.3950,0.3753,0
12/9/2023,0.3950,0.3950,0.3950,0.3950,0.3753,0
11/9/2023,0.3950,0.3950,0.3950,0.3950,0.3753,0
8/9/2023,0.3700,0.3950,0.3700,0.3950,0.3753,900
7/9/2023,0.3750,0.3750,0.3750,0.3750,0.3562,0
6/9/2023,0.3750,0.3750,0.3750,0.3750,0.3562,0
5/9/2023,0.3750,0.3750,0.3750,0.3750,0.3562,0
4/9/2023,0.3750,0.3750,0.3750,0.3750,0.3562,0
31/8/2023,0.3350,0.3750,0.3350,0.3750,0.3562,3100
30/8/2023,0.3800,0.3800,0.3800,0.3800,0.3610,0
29/8/2023,0.3800,0.3800,0.3800,0.3800,0.3610,0
28/8/2023,0.3800,0.3800,0.3800,0.3800,0.3610,0
25/8/2023,0.3800,0.3800,0.3800,0.3800,0.3610,0
24/8/2023,0.3800,0.3800,0.3800,0.3800,0.3610,0
23/8/2023,0.3800,0.3800,0.3800,0.3800,0.3610,0
22/8/2023,0.3800,0.3800,0.3800,0.3800,0.3610,0
21/8/2023,0.3800,0.3800,0.3800,0.3800,0.3610,0
18/8/2023,0.3800,0.3800,0.3800,0.3800,0.3610,0
17/8/2023,0.3800,0.3800,0.3800,0.3800,0.3610,0
16/8/2023,0.3850,0.3850,0.3600,0.3800,0.3610,31400
15/8/2023,0.3650,0.3650,0.3650,0.3650,0.3467,6700
14/8/2023,0.3900,0.3900,0.3650,0.3650,0.3467,1700
11/8/2023,0.3900,0.3900,0.3900,0.3900,0.3705,100
10/8/2023,0.3700,0.4000,0.3600,0.3600,0.3420,11000
8/8/2023,0.3750,0.3750,0.3750,0.3750,0.3562,300
7/8/2023,0.4000,0.4000,0.3800,0.4000,0.3800,94400
4/8/2023,0.3950,0.3950,0.3950,0.3950,0.3753,100
3/8/2023,0.3850,0.3950,0.3850,0.3850,0.3657,2200
2/8/2023,0.3950,0.3950,0.3950,0.3950,0.3753,0
1/8/2023,0.3950,0.3950,0.3950,0.3950,0.3753,0
31/7/2023,0.3800,0.3950,0.3800,0.3950,0.3753,10100
28/7/2023,0.3950,0.3950,0.3950,0.3950,0.3753,0
27/7/2023,0.3950,0.3950,0.3950,0.3950,0.3753,0
26/7/2023,0.3950,0.3950,0.3950,0.3950,0.3753,100
25/7/2023,0.3850,0.3850,0.3850,0.3850,0.3657,0
24/7/2023,0.3850,0.3850,0.3850,0.3850,0.3657,0
21/7/2023,0.3850,0.3850,0.3850,0.3850,0.3657,0
20/7/2023,0.3750,0.3850,0.3700,0.3850,0.3657,400
19/7/2023,0.3850,0.3850,0.3850,0.3850,0.3657,100
18/7/2023,0.3800,0.3800,0.3800,0.3800,0.3610,50000
17/7/2023,0.3750,0.3750,0.3700,0.3700,0.3515,20000
14/7/2023,0.3900,0.3900,0.3900,0.3900,0.3705,100
13/7/2023,0.3800,0.3850,0.3800,0.3800,0.3610,49700
12/7/2023,0.3800,0.3800,0.3800,0.3800,0.3610,0
11/7/2023,0.3650,0.3800,0.3650,0.3800,0.3610,700
10/7/2023,0.3900,0.3900,0.3600,0.3600,0.3420,25000
7/7/2023,0.3800,0.3950,0.3700,0.3850,0.3657,60400
6/7/2023,0.3700,0.3750,0.3700,0.3700,0.3515,34700
5/7/2023,0.3700,0.3800,0.3700,0.3700,0.3515,70100
4/7/2023,0.3700,0.3800,0.3700,0.3800,0.3610,800
3/7/2023,0.3650,0.3800,0.3400,0.3700,0.3515,173200
30/6/2023,0.3950,0.3950,0.3950,0.3950,0.3753,100
28/6/2023,0.3900,0.3900,0.3900,0.3900,0.3705,0
27/6/2023,0.3900,0.3900,0.3900,0.3900,0.3705,0
26/6/2023,0.3900,0.3900,0.3900,0.3900,0.3705,0
23/6/2023,0.3900,0.3900,0.3900,0.3900,0.3705,0
22/6/2023,0.3800,0.3900,0.3800,0.3900,0.3705,500
21/6/2023,0.3650,0.3900,0.3650,0.3800,0.3610,150200
20/6/2023,0.4050,0.4100,0.4050,0.4100,0.3895,1400
19/6/2023,0.4100,0.4100,0.4100,0.4100,0.3895,0
16/6/2023,0.4100,0.4100,0.4100,0.4100,0.3895,0
15/6/2023,0.4100,0.4100,0.4100,0.4100,0.3895,0
14/6/2023,0.4100,0.4100,0.4100,0.4100,0.3895,0
13/6/2023,0.4100,0.4100,0.4100,0.4100,0.3895,0
12/6/2023,0.01 Dividend,,,,,
12/6/2023,0.4100,0.4100,0.4100,0.4100,0.3895,0
9/6/2023,0.4100,0.4100,0.4100,0.4100,0.3800,0
8/6/2023,0.4100,0.4100,0.4100,0.4100,0.3800,100
7/6/2023,0.4050,0.4050,0.4050,0.4050,0.3754,0
6/6/2023,0.4050,0.4050,0.4050,0.4050,0.3754,0
5/6/2023,0.4050,0.4050,0.4050,0.4050,0.3754,0
1/6/2023,0.3950,0.4050,0.3750,0.4050,0.3754,10100
31/5/2023,0.4100,0.4100,0.4100,0.4100,0.3800,0
30/5/2023,0.4050,0.4100,0.4000,0.4100,0.3800,500
29/5/2023,0.4050,0.4050,0.4050,0.4050,0.3754,100
26/5/2023,0.4050,0.4050,0.4000,0.4000,0.3707,200
25/5/2023,0.4100,0.4100,0.4050,0.4050,0.3754,600
24/5/2023,0.4100,0.4100,0.4100,0.4100,0.3800,3100
23/5/2023,0.4100,0.4100,0.4100,0.4100,0.3800,0
22/5/2023,0.4100,0.4100,0.4100,0.4100,0.3800,0
19/5/2023,0.4100,0.4100,0.4100,0.4100,0.3800,0
18/5/2023,0.4100,0.4100,0.4100,0.4100,0.3800,0
17/5/2023,0.4100,0.4100,0.4100,0.4100,0.3800,0
16/5/2023,0.4050,0.4100,0.4000,0.4100,0.3800,700
15/5/2023,0.4100,0.4100,0.4000,0.4050,0.3754,600
12/5/2023,0.4100,0.4100,0.4100,0.4100,0.3800,0
11/5/2023,0.4100,0.4100,0.4100,0.4100,0.3800,100
10/5/2023,0.4000,0.4000,0.4000,0.4000,0.3707,9800
9/5/2023,0.4000,0.4000,0.4000,0.4000,0.3707,0
8/5/2023,0.4000,0.4000,0.4000,0.4000,0.3707,0
5/5/2023,0.4000,0.4000,0.4000,0.4000,0.3707,0
4/5/2023,0.4000,0.4000,0.4000,0.4000,0.3707,0
3/5/2023,0.4000,0.4000,0.4000,0.4000,0.3707,100
2/5/2023,0.3950,0.3950,0.3900,0.3950,0.3661,3300
28/4/2023,0.4000,0.4000,0.4000,0.4000,0.3707,100
27/4/2023,0.3900,0.3950,0.3900,0.3950,0.3661,80100
26/4/2023,0.4100,0.4250,0.3800,0.3900,0.3615,11400
25/4/2023,0.4300,0.4300,0.4300,0.4300,0.3985,0
24/4/2023,0.4300,0.4300,0.4300,0.4300,0.3985,100
21/4/2023,0.4050,0.4350,0.4050,0.4200,0.3893,20300
20/4/2023,0.4450,0.4450,0.4450,0.4450,0.4124,0
19/4/2023,0.4100,0.4450,0.4100,0.4450,0.4124,20100
18/4/2023,0.3900,0.4050,0.3900,0.4050,0.3754,20100
17/4/2023,0.4100,0.4100,0.4100,0.4100,0.3800,0
14/4/2023,0.3800,0.4100,0.3800,0.4100,0.3800,32800
13/4/2023,0.3900,0.4100,0.3900,0.3950,0.3661,85300
12/4/2023,0.3900,0.4050,0.3900,0.4000,0.3707,26100
11/4/2023,0.4100,0.4100,0.3900,0.4050,0.3754,137900
10/4/2023,0.4050,0.4050,0.4050,0.4050,0.3754,21800
6/4/2023,0.3900,0.4050,0.3900,0.4050,0.3754,33100
5/4/2023,0.3900,0.3900,0.3900,0.3900,0.3615,800
4/4/2023,0.3950,0.4000,0.3900,0.3900,0.3615,80100
3/4/2023,0.3750,0.4050,0.3750,0.3950,0.3661,80900
31/3/2023,0.3950,0.4100,0.3900,0.4100,0.3800,38000
30/3/2023,0.3750,0.4100,0.3750,0.4100,0.3800,200
29/3/2023,0.3750,0.4150,0.3750,0.4150,0.3846,8000
28/3/2023,0.4050,0.4100,0.4050,0.4100,0.3800,19400
27/3/2023,0.4100,0.4100,0.4100,0.4100,0.3800,0
24/3/2023,0.4100,0.4100,0.4100,0.4100,0.3800,0
23/3/2023,0.4100,0.4100,0.4100,0.4100,0.3800,0
22/3/2023,0.4100,0.4100,0.4100,0.4100,0.3800,0
21/3/2023,0.4100,0.4100,0.4100,0.4100,0.3800,100
20/3/2023,0.3750,0.3950,0.3750,0.3950,0.3661,1300
17/3/2023,0.4250,0.4250,0.4250,0.4250,0.3939,0
16/3/2023,0.4250,0.4250,0.4250,0.4250,0.3939,100
15/3/2023,0.3900,0.4400,0.3750,0.4400,0.4078,30100
14/3/2023,0.3950,0.4050,0.3900,0.3900,0.3615,300
13/3/2023,0.3950,0.4000,0.3950,0.3950,0.3661,72000
10/3/2023,0.3950,0.4100,0.3950,0.3950,0.3661,12300
9/3/2023,0.4200,0.4200,0.4200,0.4200,0.3893,600
8/3/2023,0.4200,0.4200,0.4200,0.4200,0.3893,0
7/3/2023,0.4200,0.4200,0.4200,0.4200,0.3893,0
6/3/2023,0.4200,0.4200,0.4200,0.4200,0.3893,0
3/3/2023,0.4150,0.4200,0.4150,0.4200,0.3893,20000
2/3/2023,0.4200,0.4200,0.4200,0.4200,0.3893,0
1/3/2023,0.4200,0.4200,0.4150,0.4200,0.3893,248900
28/2/2023,0.4200,0.4200,0.4150,0.4150,0.3846,31900
27/2/2023,0.4000,0.4150,0.4000,0.4150,0.3846,300
24/2/2023,0.4000,0.4150,0.4000,0.4000,0.3707,30100
23/2/2023,0.4250,0.4250,0.4250,0.4250,0.3939,0
22/2/2023,0.4250,0.4250,0.4250,0.4250,0.3939,100
21/2/2023,0.3900,0.4200,0.3900,0.4200,0.3893,21600
20/2/2023,0.4300,0.4300,0.4300,0.4300,0.3985,100
17/2/2023,0.4250,0.4250,0.4050,0.4050,0.3754,35300
16/2/2023,0.4150,0.4150,0.4150,0.4150,0.3846,0
15/2/2023,0.4150,0.4150,0.4150,0.4150,0.3846,3300
14/2/2023,0.4150,0.4150,0.4050,0.4150,0.3846,24800
13/2/2023,0.4300,0.4300,0.4050,0.4150,0.3846,20600
10/2/2023,0.4350,0.4350,0.4100,0.4150,0.3846,49700
9/2/2023,0.4150,0.4150,0.4150,0.4150,0.3846,53800
8/2/2023,0.4150,0.4150,0.4150,0.4150,0.3846,15000
7/2/2023,0.4100,0.4200,0.4100,0.4200,0.3893,12200
6/2/2023,0.4050,0.4200,0.4050,0.4050,0.3754,13400
3/2/2023,0.4100,0.4100,0.4100,0.4100,0.3800,0
2/2/2023,0.4100,0.4100,0.4100,0.4100,0.3800,0
1/2/2023,0.4100,0.4100,0.4100,0.4100,0.3800,0
31/1/2023,0.4000,0.4100,0.4000,0.4100,0.3800,21900
30/1/2023,0.4000,0.4100,0.3950,0.4100,0.3800,16900
27/1/2023,0.3950,0.3950,0.3950,0.3950,0.3661,1900
26/1/2023,0.4100,0.4100,0.4100,0.4100,0.3800,0
25/1/2023,0.4100,0.4100,0.4100,0.4100,0.3800,0
20/1/2023,0.4100,0.4100,0.4100,0.4100,0.3800,0
19/1/2023,0.4050,0.4100,0.4050,0.4100,0.3800,200
18/1/2023,0.4100,0.4100,0.4100,0.4100,0.3800,0
17/1/2023,0.4000,0.4100,0.4000,0.4100,0.3800,8300
16/1/2023,0.3800,0.4000,0.3800,0.4000,0.3707,8200
13/1/2023,0.4100,0.4100,0.4100,0.4100,0.3800,0
12/1/2023,0.4100,0.4100,0.4100,0.4100,0.3800,0
11/1/2023,0.4100,0.4100,0.4100,0.4100,0.3800,0
10/1/2023,0.4100,0.4100,0.4100,0.4100,0.3800,0
9/1/2023,0.4100,0.4100,0.4100,0.4100,0.3800,0
6/1/2023,0.4100,0.4100,0.4100,0.4100,0.3800,0
5/1/2023,0.4100,0.4100,0.4100,0.4100,0.3800,100
4/1/2023,0.4050,0.4050,0.4050,0.4050,0.3754,0
3/1/2023,0.4050,0.4050,0.4050,0.4050,0.3754,0
30/12/2022,0.4050,0.4050,0.4050,0.4050,0.3754,0
29/12/2022,0.4050,0.4050,0.4050,0.4050,0.3754,0
28/12/2022,0.4050,0.4050,0.4050,0.4050,0.3754,100
27/12/2022,0.3900,0.3950,0.3850,0.3850,0.3568,32700
23/12/2022,0.3850,0.3900,0.3700,0.3900,0.3615,32100
22/12/2022,0.4050,0.4050,0.4050,0.4050,0.3754,0
21/12/2022,0.4050,0.4050,0.4050,0.4050,0.3754,0
20/12/2022,0.4050,0.4050,0.4050,0.4050,0.3754,0
19/12/2022,0.4050,0.4050,0.4050,0.4050,0.3754,100
16/12/2022,0.3950,0.3950,0.3950,0.3950,0.3661,12000
15/12/2022,0.4050,0.4050,0.4050,0.4050,0.3754,10000
14/12/2022,0.3950,0.4100,0.3950,0.4100,0.3800,14200
13/12/2022,0.4100,0.4100,0.3950,0.4100,0.3800,4200
12/12/2022,0.4100,0.4100,0.4100,0.4100,0.3800,1700
9/12/2022,0.4100,0.4100,0.4050,0.4100,0.3800,10500
8/12/2022,0.4100,0.4100,0.4100,0.4100,0.3800,0
7/12/2022,0.4150,0.4150,0.4100,0.4100,0.3800,500
6/12/2022,0.4100,0.4150,0.3950,0.4150,0.3846,2300
5/12/2022,0.4100,0.4100,0.4100,0.4100,0.3800,100
2/12/2022,0.3950,0.4000,0.3700,0.3900,0.3615,31100
1/12/2022,0.4200,0.4200,0.4200,0.4200,0.3893,0
30/11/2022,0.4200,0.4200,0.4200,0.4200,0.3893,10000
29/11/2022,0.4200,0.4200,0.4200,0.4200,0.3893,0
28/11/2022,0.4200,0.4200,0.4200,0.4200,0.3893,0
25/11/2022,0.4200,0.4200,0.4200,0.4200,0.3893,0
24/11/2022,0.4200,0.4200,0.4200,0.4200,0.3893,0
23/11/2022,0.4200,0.4200,0.4200,0.4200,0.3893,0
22/11/2022,0.4200,0.4200,0.4200,0.4200,0.3893,100
21/11/2022,0.4050,0.4050,0.4050,0.4050,0.3754,100
18/11/2022,0.4100,0.4100,0.4100,0.4100,0.3800,100
17/11/2022,0.4050,0.4050,0.4050,0.4050,0.3754,0
16/11/2022,0.4050,0.4050,0.4050,0.4050,0.3754,0
15/11/2022,0.4050,0.4050,0.4050,0.4050,0.3754,0
14/11/2022,0.4050,0.4050,0.4050,0.4050,0.3754,0
11/11/2022,0.4000,0.4050,0.4000,0.4050,0.3754,20800
10/11/2022,0.4100,0.4100,0.4100,0.4100,0.3800,0
9/11/2022,0.4100,0.4100,0.4100,0.4100,0.3800,0
8/11/2022,0.4100,0.4100,0.4100,0.4100,0.3800,0
7/11/2022,0.4100,0.4100,0.4100,0.4100,0.3800,0
4/11/2022,0.3950,0.4100,0.3900,0.4100,0.3800,15200
3/11/2022,0.4100,0.4100,0.4100,0.4100,0.3800,0
2/11/2022,0.3850,0.4100,0.3850,0.4100,0.3800,5100
1/11/2022,0.4100,0.4200,0.4100,0.4200,0.3893,300
31/10/2022,0.4100,0.4100,0.4100,0.4100,0.3800,100
28/10/2022,0.4050,0.4050,0.3850,0.4000,0.3707,23500
27/10/2022,0.4050,0.4050,0.4050,0.4050,0.3754,0
26/10/2022,0.4050,0.4050,0.4050,0.4050,0.3754,100
25/10/2022,0.3900,0.3950,0.3900,0.3950,0.3661,13600
21/10/2022,0.4150,0.4150,0.3850,0.4100,0.3800,50600
20/10/2022,0.4100,0.4100,0.4100,0.4100,0.3800,0
19/10/2022,0.4100,0.4100,0.4100,0.4100,0.3800,0
18/10/2022,0.4100,0.4100,0.4100,0.4100,0.3800,900
17/10/2022,0.4150,0.4150,0.4000,0.4000,0.3707,300
14/10/2022,0.3850,0.4100,0.3850,0.3850,0.3568,27200
13/10/2022,0.4250,0.4250,0.3950,0.3950,0.3661,16800
12/10/2022,0.4250,0.4250,0.4250,0.4250,0.3939,100
11/10/2022,0.4050,0.4050,0.4050,0.4050,0.3754,100
10/10/2022,0.4200,0.4200,0.4200,0.4200,0.3893,0
7/10/2022,0.4200,0.4200,0.4200,0.4200,0.3893,0
6/10/2022,0.4200,0.4200,0.4200,0.4200,0.3893,0
5/10/2022,0.4200,0.4200,0.4200,0.4200,0.3893,0
4/10/2022,0.4000,0.4200,0.4000,0.4200,0.3893,75100
3/10/2022,0.4050,0.4050,0.4050,0.4050,0.3754,0
30/9/2022,0.4100,0.4100,0.4050,0.4050,0.3754,75000
29/9/2022,0.4200,0.4200,0.4000,0.4200,0.3893,8200
28/9/2022,0.4150,0.4150,0.4050,0.4100,0.3800,51300
27/9/2022,0.4250,0.4350,0.4200,0.4350,0.4032,52100
26/9/2022,0.4250,0.4500,0.4250,0.4500,0.4171,1300
23/9/2022,0.4300,0.4550,0.4250,0.4550,0.4217,75400
22/9/2022,0.4350,0.4400,0.4350,0.4400,0.4078,400
21/9/2022,0.4400,0.4400,0.4400,0.4400,0.4078,0
20/9/2022,0.4400,0.4400,0.4400,0.4400,0.4078,0
19/9/2022,0.4400,0.4400,0.4400,0.4400,0.4078,16000
16/9/2022,0.4350,0.4400,0.4350,0.4400,0.4078,26600
15/9/2022,0.4300,0.4400,0.4300,0.4350,0.4032,113700
14/9/2022,0.4300,0.4450,0.4300,0.4450,0.4124,55100
13/9/2022,0.4350,0.4500,0.4300,0.4300,0.3985,112100
12/9/2022,0.4600,0.4600,0.4350,0.4500,0.4171,10500
9/9/2022,0.4400,0.4550,0.4400,0.4550,0.4217,31700
8/9/2022,0.4600,0.4600,0.4400,0.4550,0.4217,10200
7/9/2022,0.4400,0.4550,0.4400,0.4450,0.4124,28200
6/9/2022,0.4550,0.4550,0.4550,0.4550,0.4217,10200
5/9/2022,0.4600,0.4600,0.4600,0.4600,0.4263,100
2/9/2022,0.4300,0.4400,0.4300,0.4400,0.4078,200100
1/9/2022,0.4400,0.4400,0.4400,0.4400,0.4078,0
31/8/2022,0.4350,0.4400,0.4350,0.4400,0.4078,50200
30/8/2022,0.4350,0.4400,0.4350,0.4350,0.4032,30100
29/8/2022,0.4400,0.4400,0.4400,0.4400,0.4078,0
26/8/2022,0.4350,0.4400,0.4350,0.4400,0.4078,126300
25/8/2022,0.4400,0.4400,0.4400,0.4400,0.4078,0
24/8/2022,0.4400,0.4400,0.4400,0.4400,0.4078,0
23/8/2022,0.4400,0.4400,0.4400,0.4400,0.4078,0
22/8/2022,0.4400,0.4400,0.4400,0.4400,0.4078,20000
19/8/2022,0.4400,0.4400,0.4400,0.4400,0.4078,44600
18/8/2022,0.4300,0.4400,0.4300,0.4400,0.4078,31900
17/8/2022,0.4450,0.4450,0.4450,0.4450,0.4124,0
16/8/2022,0.4400,0.4450,0.4400,0.4450,0.4124,20000
15/8/2022,0.4450,0.4450,0.4450,0.4450,0.4124,0
12/8/2022,0.4450,0.4450,0.4450,0.4450,0.4124,100
11/8/2022,0.4400,0.4400,0.4400,0.4400,0.4078,0
10/8/2022,0.4400,0.4400,0.4400,0.4400,0.4078,0
8/8/2022,0.4400,0.4450,0.4400,0.4400,0.4078,40100
5/8/2022,0.4450,0.4450,0.4450,0.4450,0.4124,0
4/8/2022,0.4350,0.4450,0.4350,0.4450,0.4124,20500
3/8/2022,0.4400,0.4400,0.4400,0.4400,0.4078,0
2/8/2022,0.4400,0.4400,0.4400,0.4400,0.4078,0
1/8/2022,0.4400,0.4400,0.4400,0.4400,0.4078,124600
29/7/2022,0.4400,0.4400,0.4400,0.4400,0.4078,30000
28/7/2022,0.4350,0.4400,0.4150,0.4400,0.4078,130800
27/7/2022,0.4400,0.4400,0.4400,0.4400,0.4078,63200
26/7/2022,0.4400,0.4400,0.4400,0.4400,0.4078,0
25/7/2022,0.4400,0.4400,0.4400,0.4400,0.4078,0
22/7/2022,0.4400,0.4400,0.4400,0.4400,0.4078,0
21/7/2022,0.4400,0.4400,0.4400,0.4400,0.4078,0
20/7/2022,0.4300,0.4400,0.4300,0.4400,0.4078,20100
19/7/2022,0.4400,0.4400,0.4400,0.4400,0.4078,3500
18/7/2022,0.4400,0.4400,0.4400,0.4400,0.4078,21900
15/7/2022,0.4350,0.4450,0.4350,0.4350,0.4032,46000
14/7/2022,0.4600,0.4600,0.4300,0.4350,0.4032,1300
13/7/2022,0.4450,0.4450,0.4450,0.4450,0.4124,0
12/7/2022,0.4300,0.4500,0.4300,0.4450,0.4124,63100
8/7/2022,0.4500,0.4500,0.4500,0.4500,0.4171,0
7/7/2022,0.4350,0.4500,0.4350,0.4500,0.4171,50100
6/7/2022,0.4550,0.4550,0.4550,0.4550,0.4217,0
5/7/2022,0.4350,0.4550,0.4350,0.4550,0.4217,9100
4/7/2022,0.4550,0.4550,0.4550,0.4550,0.4217,0
1/7/2022,0.4550,0.4550,0.4550,0.4550,0.4217,0
30/6/2022,0.4550,0.4550,0.4550,0.4550,0.4217,100
29/6/2022,0.4500,0.4500,0.4500,0.4500,0.4171,0
28/6/2022,0.4350,0.4500,0.4300,0.4500,0.4171,21000
27/6/2022,0.4350,0.4500,0.4350,0.4500,0.4171,45100
24/6/2022,0.4550,0.4550,0.4550,0.4550,0.4217,0
23/6/2022,0.4550,0.4550,0.4550,0.4550,0.4217,0
22/6/2022,0.4450,0.4550,0.4450,0.4550,0.4217,1100
21/6/2022,0.4300,0.4500,0.4300,0.4500,0.4171,4400
20/6/2022,0.4550,0.4550,0.4550,0.4550,0.4217,0
17/6/2022,0.4550,0.4550,0.4550,0.4550,0.4217,0
16/6/2022,0.4500,0.4550,0.4500,0.4550,0.4217,54900
15/6/2022,0.4550,0.4550,0.4550,0.4550,0.4217,0
14/6/2022,0.4550,0.4550,0.4550,0.4550,0.4217,0
13/6/2022,0.4650,0.4650,0.4350,0.4550,0.4217,5800
10/6/2022,0.02 Dividend,,,,,
10/6/2022,0.4350,0.4700,0.4350,0.4700,0.4356,400
9/6/2022,0.4700,0.4750,0.4600,0.4600,0.4078,270400
8/6/2022,0.4700,0.4700,0.4700,0.4700,0.4167,700
7/6/2022,0.4700,0.4700,0.4700,0.4700,0.4167,3000
6/6/2022,0.4700,0.4700,0.4550,0.4550,0.4034,5300
3/6/2022,0.4600,0.4750,0.4600,0.4750,0.4211,113400
2/6/2022,0.4600,0.4650,0.4600,0.4600,0.4078,122300
1/6/2022,0.4700,0.4750,0.4700,0.4750,0.4211,10100
31/5/2022,0.4750,0.4750,0.4750,0.4750,0.4211,0
30/5/2022,0.4650,0.4750,0.4650,0.4750,0.4211,36700
27/5/2022,0.4700,0.4700,0.4700,0.4700,0.4167,0
26/5/2022,0.4700,0.4700,0.4700,0.4700,0.4167,0
25/5/2022,0.4700,0.4700,0.4700,0.4700,0.4167,0
24/5/2022,0.4700,0.4700,0.4700,0.4700,0.4167,100
23/5/2022,0.4550,0.4700,0.4500,0.4700,0.4167,55000
20/5/2022,0.4500,0.4750,0.4500,0.4650,0.4122,600
19/5/2022,0.4750,0.4750,0.4750,0.4750,0.4211,0
18/5/2022,0.4550,0.4750,0.4500,0.4750,0.4211,180100
17/5/2022,0.4600,0.4600,0.4550,0.4550,0.4034,200
13/5/2022,0.4750,0.4750,0.4650,0.4750,0.4211,400
12/5/2022,0.4400,0.4400,0.4300,0.4300,0.3812,10000
11/5/2022,0.4750,0.4750,0.4750,0.4750,0.4211,0
10/5/2022,0.4750,0.4750,0.4750,0.4750,0.4211,0
9/5/2022,0.4750,0.4750,0.4750,0.4750,0.4211,0
6/5/2022,0.4750,0.4750,0.4750,0.4750,0.4211,0
5/5/2022,0.4750,0.4750,0.4750,0.4750,0.4211,0
4/5/2022,0.4750,0.4750,0.4750,0.4750,0.4211,0
29/4/2022,0.4750,0.4750,0.4750,0.4750,0.4211,100
28/4/2022,0.4500,0.4750,0.4500,0.4500,0.3989,370100
27/4/2022,0.4750,0.4750,0.4750,0.4750,0.4211,100
26/4/2022,0.4600,0.4700,0.4600,0.4600,0.4078,40100
25/4/2022,0.4700,0.4700,0.4700,0.4700,0.4167,0
22/4/2022,0.4700,0.4700,0.4700,0.4700,0.4167,0
21/4/2022,0.4600,0.4700,0.4500,0.4700,0.4167,20100
20/4/2022,0.4550,0.4750,0.4550,0.4550,0.4034,136100
19/4/2022,0.4550,0.4550,0.4550,0.4550,0.4034,11000
18/4/2022,0.4650,0.4650,0.4650,0.4650,0.4122,5000
14/4/2022,0.4550,0.4750,0.4550,0.4750,0.4211,10100
13/4/2022,0.4750,0.4750,0.4750,0.4750,0.4211,100
12/4/2022,0.4550,0.4550,0.4550,0.4550,0.4034,4000
11/4/2022,0.4750,0.4750,0.4750,0.4750,0.4211,0
8/4/2022,0.4750,0.4750,0.4750,0.4750,0.4211,0
7/4/2022,0.4550,0.4750,0.4550,0.4750,0.4211,5000
6/4/2022,0.4750,0.4750,0.4750,0.4750,0.4211,10100
5/4/2022,0.4650,0.4750,0.4650,0.4650,0.4122,41000
4/4/2022,0.4600,0.4600,0.4550,0.4550,0.4034,41800
1/4/2022,0.4600,0.4700,0.4600,0.4600,0.4078,54800
31/3/2022,0.4600,0.4750,0.4600,0.4750,0.4211,80900
30/3/2022,0.4600,0.5000,0.4600,0.4800,0.4255,75200
29/3/2022,0.4550,0.4800,0.4550,0.4800,0.4255,119100
28/3/2022,0.4600,0.4600,0.4600,0.4600,0.4078,0
25/3/2022,0.4550,0.4600,0.4550,0.4600,0.4078,71700
24/3/2022,0.4600,0.4600,0.4600,0.4600,0.4078,30000
23/3/2022,0.4600,0.4600,0.4600,0.4600,0.4078,0
22/3/2022,0.4600,0.4600,0.4600,0.4600,0.4078,0
21/3/2022,0.4600,0.4600,0.4600,0.4600,0.4078,0
18/3/2022,0.4600,0.4600,0.4600,0.4600,0.4078,0
17/3/2022,0.4600,0.4600,0.4600,0.4600,0.4078,100
16/3/2022,0.4500,0.4500,0.4300,0.4450,0.3945,30400
15/3/2022,0.4350,0.4350,0.4350,0.4350,0.3856,0
14/3/2022,0.4350,0.4350,0.4350,0.4350,0.3856,20000
11/3/2022,0.4350,0.4350,0.4350,0.4350,0.3856,26900
10/3/2022,0.4350,0.4350,0.4100,0.4300,0.3812,26500
9/3/2022,0.4150,0.4350,0.4000,0.4350,0.3856,30100
8/3/2022,0.4450,0.4450,0.4450,0.4450,0.3945,0
7/3/2022,0.4450,0.4450,0.4450,0.4450,0.3945,0
4/3/2022,0.4300,0.4450,0.4300,0.4450,0.3945,12500
3/3/2022,0.4450,0.4450,0.4450,0.4450,0.3945,0
2/3/2022,0.4450,0.4500,0.4450,0.4450,0.3945,15500
1/3/2022,0.4450,0.4450,0.4450,0.4450,0.3945,0
28/2/2022,0.4500,0.4500,0.4150,0.4450,0.3945,32900
25/2/2022,0.4450,0.4500,0.4450,0.4500,0.3989,7300
24/2/2022,0.4600,0.4600,0.4600,0.4600,0.4078,0
23/2/2022,0.4600,0.4600,0.4600,0.4600,0.4078,0
22/2/2022,0.4500,0.4600,0.4400,0.4600,0.4078,107400
21/2/2022,0.4500,0.4500,0.4500,0.4500,0.3989,0
18/2/2022,0.4500,0.4500,0.4500,0.4500,0.3989,0
17/2/2022,0.4600,0.4600,0.4500,0.4500,0.3989,4500
16/2/2022,0.4500,0.4700,0.4000,0.4700,0.4167,40100
15/2/2022,0.4500,0.4500,0.4500,0.4500,0.3989,14700
14/2/2022,0.4400,0.4400,0.4400,0.4400,0.3901,0
11/2/2022,0.4800,0.5050,0.4400,0.4400,0.3901,4600
10/2/2022,0.4400,0.5050,0.4400,0.5050,0.4477,900
9/2/2022,0.4350,0.4400,0.4350,0.4400,0.3901,20100
8/2/2022,0.4250,0.4400,0.4250,0.4400,0.3901,18700
7/2/2022,0.4150,0.4300,0.4150,0.4300,0.3812,23500
4/2/2022,0.4300,0.4350,0.4300,0.4350,0.3856,57100
3/2/2022,0.4450,0.4450,0.4100,0.4400,0.3901,151200
31/1/2022,0.4450,0.4450,0.4450,0.4450,0.3945,0
28/1/2022,0.4200,0.4450,0.4200,0.4450,0.3945,26100
27/1/2022,0.4300,0.4450,0.4300,0.4450,0.3945,20500
26/1/2022,0.4450,0.4450,0.4450,0.4450,0.3945,0
25/1/2022,0.4450,0.4450,0.4450,0.4450,0.3945,680100
24/1/2022,0.4350,0.4400,0.4350,0.4400,0.3901,400
21/1/2022,0.4400,0.4400,0.4400,0.4400,0.3901,16500
20/1/2022,0.4450,0.4450,0.4450,0.4450,0.3945,0
19/1/2022,0.4450,0.4450,0.4450,0.4450,0.3945,0
18/1/2022,0.4350,0.4450,0.4350,0.4450,0.3945,1400
17/1/2022,0.4350,0.4400,0.4350,0.4350,0.3856,90500
14/1/2022,0.4350,0.4450,0.4350,0.4350,0.3856,35100
13/1/2022,0.4400,0.4450,0.4400,0.4450,0.3945,35100
12/1/2022,0.4400,0.4400,0.4400,0.4400,0.3901,100
11/1/2022,0.4400,0.4400,0.4400,0.4400,0.3901,1400
10/1/2022,0.4400,0.4450,0.4400,0.4450,0.3945,28100
7/1/2022,0.4450,0.4450,0.4450,0.4450,0.3945,0
6/1/2022,0.4300,0.4450,0.4250,0.4450,0.3945,20200
5/1/2022,0.4300,0.4300,0.4300,0.4300,0.3812,20000
4/1/2022,0.4550,0.4550,0.4550,0.4550,0.4034,0
3/1/2022,0.4550,0.4550,0.4550,0.4550,0.4034,0
31/12/2021,0.4550,0.4550,0.4550,0.4550,0.4034,0
30/12/2021,0.4550,0.4550,0.4550,0.4550,0.4034,0
29/12/2021,0.4550,0.4550,0.4300,0.4550,0.4034,2200
28/12/2021,0.4350,0.4450,0.4350,0.4400,0.3901,65000
27/12/2021,0.4300,0.4450,0.4200,0.4450,0.3945,27100
24/12/2021,0.4550,0.4550,0.4550,0.4550,0.4034,0
23/12/2021,0.4550,0.4550,0.4300,0.4550,0.4034,19100
22/12/2021,0.4500,0.4500,0.4450,0.4450,0.3945,90000
21/12/2021,0.4500,0.4550,0.4450,0.4550,0.4034,6500
20/12/2021,0.4350,0.4350,0.4350,0.4350,0.3856,5000
17/12/2021,0.4600,0.4600,0.4350,0.4550,0.4034,8200
16/12/2021,0.4600,0.4600,0.4400,0.4550,0.4034,5200
15/12/2021,0.4650,0.4650,0.4450,0.4450,0.3945,10200
14/12/2021,0.4600,0.4600,0.4600,0.4600,0.4078,25000
13/12/2021,0.4600,0.4600,0.4350,0.4600,0.4078,22000
10/12/2021,0.4600,0.4600,0.4600,0.4600,0.4078,0
9/12/2021,0.4600,0.4600,0.4600,0.4600,0.4078,0
8/12/2021,0.4600,0.4600,0.4600,0.4600,0.4078,0
7/12/2021,0.4600,0.4600,0.4600,0.4600,0.4078,0
6/12/2021,0.4600,0.4600,0.4600,0.4600,0.4078,0
3/12/2021,0.4600,0.4600,0.4600,0.4600,0.4078,0
2/12/2021,0.4600,0.4600,0.4450,0.4600,0.4078,12100
1/12/2021,0.4700,0.4700,0.4700,0.4700,0.4167,0
30/11/2021,0.4700,0.4700,0.4700,0.4700,0.4167,0
29/11/2021,0.4700,0.4700,0.4700,0.4700,0.4167,0
26/11/2021,0.4700,0.4700,0.4700,0.4700,0.4167,100
25/11/2021,0.4650,0.4650,0.4650,0.4650,0.4122,100
24/11/2021,0.4600,0.4600,0.4500,0.4500,0.3989,19000
23/11/2021,0.4600,0.4600,0.4600,0.4600,0.4078,0
22/11/2021,0.4600,0.4650,0.4600,0.4600,0.4078,70000
19/11/2021,0.4650,0.4650,0.4650,0.4650,0.4122,0
18/11/2021,0.4650,0.4650,0.4650,0.4650,0.4122,0
17/11/2021,0.4650,0.4650,0.4650,0.4650,0.4122,0
16/11/2021,0.4650,0.4650,0.4650,0.4650,0.4122,100
15/11/2021,0.4550,0.4600,0.4550,0.4600,0.4078,150200
12/11/2021,0.4600,0.4650,0.4600,0.4650,0.4122,10100
11/11/2021,0.4500,0.4650,0.4500,0.4650,0.4122,2000
10/11/2021,0.4600,0.4600,0.4600,0.4600,0.4078,20000
9/11/2021,0.4500,0.4650,0.4500,0.4650,0.4122,2200
8/11/2021,0.4600,0.4750,0.4600,0.4700,0.4167,13700
5/11/2021,0.4600,0.4600,0.4600,0.4600,0.4078,2500
3/11/2021,0.4750,0.4750,0.4750,0.4750,0.4211,0
2/11/2021,0.4750,0.4750,0.4700,0.4750,0.4211,2200
1/11/2021,0.4800,0.4800,0.4550,0.4550,0.4034,2100
29/10/2021,0.4650,0.4800,0.4650,0.4800,0.4255,53000
28/10/2021,0.4650,0.4650,0.4650,0.4650,0.4122,0
27/10/2021,0.4550,0.4650,0.4550,0.4650,0.4122,1300
26/10/2021,0.4700,0.4700,0.4700,0.4700,0.4167,0
25/10/2021,0.4700,0.4700,0.4700,0.4700,0.4167,2100
22/10/2021,0.4650,0.4650,0.4600,0.4650,0.4122,96000
21/10/2021,0.4650,0.4650,0.4650,0.4650,0.4122,5900
20/10/2021,0.4600,0.4650,0.4500,0.4650,0.4122,114400
19/10/2021,0.4550,0.4550,0.4550,0.4550,0.4034,29000
18/10/2021,0.4550,0.4550,0.4550,0.4550,0.4034,0
15/10/2021,0.4500,0.4550,0.4400,0.4550,0.4034,10100
14/10/2021,0.4500,0.4500,0.4500,0.4500,0.3989,80000
13/10/2021,0.4400,0.4600,0.4400,0.4550,0.4034,28400
12/10/2021,0.4600,0.4600,0.4600,0.4600,0.4078,0
11/10/2021,0.4400,0.4600,0.4400,0.4600,0.4078,15100
8/10/2021,0.4500,0.4500,0.4500,0.4500,0.3989,0
7/10/2021,0.4500,0.4600,0.4500,0.4500,0.3989,69800
6/10/2021,0.4500,0.4500,0.4500,0.4500,0.3989,20000
5/10/2021,0.4500,0.4550,0.4500,0.4500,0.3989,10800
4/10/2021,0.4600,0.4600,0.4600,0.4600,0.4078,0
1/10/2021,0.4600,0.4600,0.4600,0.4600,0.4078,200
30/9/2021,0.4500,0.4500,0.4500,0.4500,0.3989,0
29/9/2021,0.4500,0.4500,0.4400,0.4500,0.3989,33200
28/9/2021,0.4600,0.4600,0.4600,0.4600,0.4078,0
27/9/2021,0.4450,0.4600,0.4450,0.4600,0.4078,26700
24/9/2021,0.4500,0.4600,0.4450,0.4500,0.3989,41800
23/9/2021,0.4650,0.4650,0.4650,0.4650,0.4122,0
22/9/2021,0.4650,0.4650,0.4650,0.4650,0.4122,0
21/9/2021,0.4650,0.4650,0.4500,0.4650,0.4122,18400
20/9/2021,0.4650,0.4650,0.4500,0.4650,0.4122,47400
17/9/2021,0.4650,0.4650,0.4650,0.4650,0.4122,50000
16/9/2021,0.4600,0.4600,0.4600,0.4600,0.4078,0
15/9/2021,0.4650,0.4650,0.4600,0.4600,0.4078,50000
14/9/2021,0.4650,0.4650,0.4650,0.4650,0.4122,0
13/9/2021,0.4650,0.4650,0.4650,0.4650,0.4122,0
10/9/2021,0.4650,0.4650,0.4650,0.4650,0.4122,0
9/9/2021,0.4650,0.4650,0.4600,0.4650,0.4122,37300
8/9/2021,0.4650,0.4700,0.4650,0.4700,0.4167,28300
7/9/2021,0.4600,0.4700,0.4600,0.4700,0.4167,35200
6/9/2021,0.4600,0.4600,0.4600,0.4600,0.4078,45000
3/9/2021,0.4800,0.4800,0.4800,0.4800,0.4255,0
2/9/2021,0.4800,0.4800,0.4800,0.4800,0.4255,0
1/9/2021,0.4550,0.4800,0.4550,0.4800,0.4255,21800
31/8/2021,0.4750,0.4750,0.4750,0.4750,0.4211,0
30/8/2021,0.4700,0.4750,0.4650,0.4750,0.4211,89500
27/8/2021,0.4550,0.4700,0.4550,0.4700,0.4167,5300
26/8/2021,0.4700,0.4700,0.4700,0.4700,0.4167,0
25/8/2021,0.4750,0.4750,0.4450,0.4700,0.4167,30100
24/8/2021,0.4400,0.4600,0.4400,0.4550,0.4034,19500
23/8/2021,0.4650,0.4650,0.4650,0.4650,0.4122,0
20/8/2021,0.4550,0.4650,0.4400,0.4650,0.4122,10400
19/8/2021,0.4700,0.4700,0.4700,0.4700,0.4167,0
18/8/2021,0.4650,0.4700,0.4650,0.4700,0.4167,200
17/8/2021,0.4650,0.4650,0.4650,0.4650,0.4122,0
16/8/2021,0.4650,0.4650,0.4650,0.4650,0.4122,0
13/8/2021,0.4700,0.4700,0.4650,0.4650,0.4122,36000
12/8/2021,0.4700,0.4700,0.4700,0.4700,0.4167,0
11/8/2021,0.4700,0.4700,0.4700,0.4700,0.4167,0
10/8/2021,0.4650,0.4700,0.4650,0.4700,0.4167,57000
6/8/2021,0.4600,0.4650,0.4600,0.4650,0.4122,33100
5/8/2021,0.4550,0.4650,0.4550,0.4650,0.4122,68000
4/8/2021,0.4650,0.4650,0.4650,0.4650,0.4122,2000
3/8/2021,0.4700,0.4700,0.4700,0.4700,0.4167,0
2/8/2021,0.4500,0.4700,0.4350,0.4700,0.4167,24700
30/7/2021,0.4700,0.4700,0.4700,0.4700,0.4167,0
29/7/2021,0.4700,0.4700,0.4700,0.4700,0.4167,0
28/7/2021,0.4700,0.4700,0.4700,0.4700,0.4167,0
27/7/2021,0.4700,0.4700,0.4700,0.4700,0.4167,6100
26/7/2021,0.4750,0.4750,0.4700,0.4700,0.4167,2100
23/7/2021,0.4750,0.4750,0.4750,0.4750,0.4211,0
22/7/2021,0.4750,0.4750,0.4750,0.4750,0.4211,0
21/7/2021,0.4700,0.4750,0.4600,0.4750,0.4211,5200
19/7/2021,0.4550,0.4750,0.4550,0.4750,0.4211,25000
16/7/2021,0.4600,0.4650,0.4600,0.4650,0.4122,13500
15/7/2021,0.4650,0.4700,0.4650,0.4650,0.4122,53000
14/7/2021,0.4550,0.4550,0.4550,0.4550,0.4034,30000
13/7/2021,0.4700,0.4700,0.4600,0.4700,0.4167,29200
12/7/2021,0.4600,0.4600,0.4550,0.4550,0.4034,142000
9/7/2021,0.4600,0.4700,0.4600,0.4700,0.4167,39800
8/7/2021,0.4650,0.4700,0.4550,0.4700,0.4167,34700
7/7/2021,0.4750,0.4750,0.4550,0.4650,0.4122,160600
6/7/2021,0.4750,0.4750,0.4700,0.4750,0.4211,40400
5/7/2021,0.4800,0.4800,0.4500,0.4750,0.4211,102200
2/7/2021,0.4700,0.4800,0.4700,0.4800,0.4255,37900
1/7/2021,0.4700,0.4900,0.4650,0.4900,0.4344,62100
30/6/2021,0.4750,0.4750,0.4750,0.4750,0.4211,0
29/6/2021,0.4750,0.4750,0.4750,0.4750,0.4211,45000
28/6/2021,0.4850,0.4850,0.4700,0.4700,0.4167,25500
25/6/2021,0.4750,0.4850,0.4750,0.4850,0.4300,10100
24/6/2021,0.4800,0.4800,0.4800,0.4800,0.4255,10600
23/6/2021,0.4750,0.4750,0.4750,0.4750,0.4211,8000
22/6/2021,0.4750,0.4900,0.4650,0.4750,0.4211,29800
21/6/2021,0.4750,0.4850,0.4750,0.4750,0.4211,22600
18/6/2021,0.4800,0.4900,0.4800,0.4900,0.4344,35400
17/6/2021,0.4950,0.4950,0.4750,0.4750,0.4211,78400
16/6/2021,0.4800,0.4850,0.4750,0.4850,0.4300,50600
15/6/2021,0.4750,0.4950,0.4750,0.4850,0.4300,48900
14/6/2021,0.4700,0.4800,0.4700,0.4750,0.4211,145500
11/6/2021,0.4650,0.4800,0.4650,0.4650,0.4122,26600
10/6/2021,0.025 Dividend,,,,,
10/6/2021,0.4500,0.4700,0.4500,0.4600,0.4078,75200
9/6/2021,0.5000,0.5000,0.4900,0.4950,0.4167,496300
8/6/2021,0.4900,0.5000,0.4900,0.4950,0.4167,335400
7/6/2021,0.5050,0.5050,0.4900,0.4900,0.4125,36000
4/6/2021,0.5000,0.5050,0.4950,0.4950,0.4167,72800
3/6/2021,0.5050,0.5050,0.4750,0.5050,0.4251,55500
2/6/2021,0.4950,0.5100,0.4600,0.5050,0.4251,39600
1/6/2021,0.5000,0.5000,0.4950,0.5000,0.4209,56000
31/5/2021,0.5000,0.5000,0.5000,0.5000,0.4209,23000
28/5/2021,0.5000,0.5000,0.4900,0.5000,0.4209,50700
27/5/2021,0.4950,0.5000,0.4950,0.5000,0.4209,81000
25/5/2021,0.4950,0.4950,0.4950,0.4950,0.4167,65100
24/5/2021,0.4950,0.4950,0.4900,0.4950,0.4167,249100
21/5/2021,0.4950,0.4950,0.4900,0.4900,0.4125,20000
20/5/2021,0.4800,0.4900,0.4800,0.4850,0.4083,129300
19/5/2021,0.4900,0.4900,0.4850,0.4850,0.4083,61900
18/5/2021,0.4800,0.4900,0.4800,0.4900,0.4125,30100
17/5/2021,0.4850,0.4900,0.4850,0.4900,0.4125,56100
14/5/2021,0.4900,0.4900,0.4800,0.4900,0.4125,129200
12/5/2021,0.4900,0.4900,0.4900,0.4900,0.4125,50000
11/5/2021,0.4950,0.4950,0.4850,0.4900,0.4125,162800
10/5/2021,0.4950,0.5000,0.4950,0.5000,0.4209,140100
7/5/2021,0.4950,0.4950,0.4900,0.4900,0.4125,162000
6/5/2021,0.4900,0.4950,0.4900,0.4950,0.4167,78000
5/5/2021,0.4900,0.4900,0.4850,0.4850,0.4083,10900
4/5/2021,0.4900,0.4900,0.4900,0.4900,0.4125,25100
3/5/2021,0.4950,0.4950,0.4950,0.4950,0.4167,686800
30/4/2021,0.5000,0.5000,0.4950,0.5000,0.4209,30400
29/4/2021,0.4950,0.5000,0.4900,0.5000,0.4209,108000
28/4/2021,0.5000,0.5000,0.4950,0.5000,0.4209,66600
27/4/2021,0.5000,0.5000,0.5000,0.5000,0.4209,30000
26/4/2021,0.4900,0.5000,0.4900,0.5000,0.4209,181000
23/4/2021,0.5000,0.5000,0.5000,0.5000,0.4209,103000
22/4/2021,0.5100,0.5100,0.4900,0.5000,0.4209,135700
21/4/2021,0.5000,0.5100,0.5000,0.5100,0.4293,100000
20/4/2021,0.5050,0.5050,0.5000,0.5000,0.4209,57000
19/4/2021,0.4950,0.5050,0.4950,0.5000,0.4209,299800
16/4/2021,0.4900,0.5000,0.4900,0.5000,0.4209,240100
15/4/2021,0.4900,0.4900,0.4850,0.4900,0.4125,153000
14/4/2021,0.5000,0.5050,0.4850,0.4900,0.4125,136000
13/4/2021,0.4700,0.4950,0.4650,0.4900,0.4125,464200
12/4/2021,0.4600,0.4750,0.4550,0.4750,0.3998,428200
9/4/2021,0.4450,0.4650,0.4450,0.4550,0.3830,286600
8/4/2021,0.4400,0.4600,0.4400,0.4500,0.3788,452100
7/4/2021,0.4350,0.4450,0.4350,0.4400,0.3704,432200
6/4/2021,0.4300,0.4350,0.4300,0.4350,0.3662,213200
5/4/2021,0.4150,0.4300,0.4150,0.4300,0.3620,810500
1/4/2021,0.4150,0.4150,0.4100,0.4150,0.3493,82900
31/3/2021,0.4100,0.4150,0.4100,0.4150,0.3493,60100
30/3/2021,0.4150,0.4200,0.4100,0.4200,0.3535,94700
29/3/2021,0.4050,0.4150,0.4050,0.4150,0.3493,164400
26/3/2021,0.4050,0.4100,0.4050,0.4100,0.3451,216600
25/3/2021,0.3950,0.4050,0.3950,0.4050,0.3409,241500
24/3/2021,0.3900,0.3950,0.3850,0.3950,0.3325,73000
23/3/2021,0.3950,0.3950,0.3950,0.3950,0.3325,10000
22/3/2021,0.3900,0.3900,0.3900,0.3900,0.3283,49000
19/3/2021,0.3900,0.3900,0.3850,0.3900,0.3283,403900
18/3/2021,0.3900,0.3900,0.3900,0.3900,0.3283,46000
17/3/2021,0.3900,0.3900,0.3900,0.3900,0.3283,55500
16/3/2021,0.3900,0.3900,0.3850,0.3900,0.3283,145800
15/3/2021,0.3900,0.3950,0.3850,0.3950,0.3325,293200
12/3/2021,0.3850,0.3950,0.3850,0.3950,0.3325,180000
11/3/2021,0.3850,0.3900,0.3850,0.3900,0.3283,60700
10/3/2021,0.3900,0.3900,0.3850,0.3900,0.3283,592400
9/3/2021,0.3850,0.3900,0.3850,0.3900,0.3283,19300
8/3/2021,0.3900,0.3900,0.3900,0.3900,0.3283,0
5/3/2021,0.3900,0.3900,0.3850,0.3900,0.3283,109500
4/3/2021,0.3900,0.3900,0.3900,0.3900,0.3283,365900
3/3/2021,0.4000,0.4000,0.3950,0.3950,0.3325,23100
2/3/2021,0.4000,0.4000,0.4000,0.4000,0.3367,23000
1/3/2021,0.4000,0.4000,0.4000,0.4000,0.3367,0
26/2/2021,0.4000,0.4000,0.4000,0.4000,0.3367,100
25/2/2021,0.4050,0.4050,0.4050,0.4050,0.3409,7300
24/2/2021,0.4050,0.4050,0.4050,0.4050,0.3409,0
23/2/2021,0.3900,0.4050,0.3900,0.4050,0.3409,7000
22/2/2021,0.3950,0.4000,0.3950,0.3950,0.3325,12700
19/2/2021,0.3900,0.3950,0.3900,0.3950,0.3325,300
18/2/2021,0.4000,0.4000,0.4000,0.4000,0.3367,20000
17/2/2021,0.3950,0.4000,0.3950,0.4000,0.3367,54200
16/2/2021,0.4000,0.4000,0.3850,0.4000,0.3367,185000
15/2/2021,0.4000,0.4000,0.3950,0.4000,0.3367,5400
11/2/2021,0.3900,0.4000,0.3900,0.4000,0.3367,20100
10/2/2021,0.4000,0.4000,0.4000,0.4000,0.3367,0
9/2/2021,0.4000,0.4000,0.3850,0.4000,0.3367,41200
8/2/2021,0.4000,0.4000,0.4000,0.4000,0.3367,0
5/2/2021,0.4000,0.4000,0.4000,0.4000,0.3367,0
4/2/2021,0.4000,0.4000,0.4000,0.4000,0.3367,0
3/2/2021,0.4000,0.4000,0.4000,0.4000,0.3367,0
2/2/2021,0.4000,0.4000,0.3950,0.4000,0.3367,24200
1/2/2021,0.4000,0.4000,0.4000,0.4000,0.3367,23100
29/1/2021,0.4100,0.4100,0.4000,0.4000,0.3367,26000
28/1/2021,0.4000,0.4100,0.3900,0.4100,0.3451,4400
27/1/2021,0.4100,0.4100,0.4050,0.4050,0.3409,300
26/1/2021,0.4000,0.4100,0.4000,0.4100,0.3451,15000
25/1/2021,0.4000,0.4000,0.4000,0.4000,0.3367,45300
22/1/2021,0.4000,0.4000,0.4000,0.4000,0.3367,0
21/1/2021,0.4000,0.4000,0.4000,0.4000,0.3367,0
20/1/2021,0.4000,0.4000,0.4000,0.4000,0.3367,25000
19/1/2021,0.4000,0.4050,0.3900,0.4050,0.3409,64900
18/1/2021,0.3950,0.3950,0.3850,0.3850,0.3241,230000
15/1/2021,0.4000,0.4000,0.4000,0.4000,0.3367,7000
14/1/2021,0.4000,0.4000,0.4000,0.4000,0.3367,20000
13/1/2021,0.4000,0.4000,0.4000,0.4000,0.3367,110000
12/1/2021,0.4000,0.4000,0.3900,0.4000,0.3367,25600
11/1/2021,0.3900,0.3900,0.3900,0.3900,0.3283,377700
8/1/2021,0.4000,0.4000,0.3900,0.3900,0.3283,625900
7/1/2021,0.4200,0.4200,0.4100,0.4100,0.3451,70100
6/1/2021,0.4200,0.4200,0.4000,0.4000,0.3367,28300
5/1/2021,0.4050,0.4050,0.4050,0.4050,0.3409,0
4/1/2021,0.4000,0.4050,0.4000,0.4050,0.3409,43200
