27/9/2024,5.63,5.63,5.53,5.60,5.60,2968300
26/9/2024,5.50,5.60,5.46,5.60,5.60,6487400
25/9/2024,5.46,5.52,5.44,5.48,5.48,4232900
24/9/2024,5.43,5.52,5.41,5.46,5.46,5109700
23/9/2024,5.43,5.43,5.37,5.42,5.42,1442000
20/9/2024,5.45,5.47,5.40,5.44,5.44,4447827
19/9/2024,5.35,5.45,5.31,5.44,5.44,6190100
18/9/2024,5.24,5.31,5.23,5.30,5.30,4192600
17/9/2024,5.13,5.20,5.13,5.19,5.19,1707600
16/9/2024,5.20,5.20,5.11,5.13,5.13,1555400
13/9/2024,5.15,5.21,5.14,5.16,5.16,3504200
12/9/2024,5.10,5.16,5.08,5.15,5.15,5867500
11/9/2024,5.00,5.08,5.00,5.04,5.04,4306000
10/9/2024,4.92,5.00,4.91,4.99,4.99,4366400
9/9/2024,4.83,4.92,4.83,4.91,4.91,3043900
6/9/2024,4.85,4.90,4.84,4.86,4.86,2779800
5/9/2024,4.87,4.88,4.82,4.84,4.84,3467700
4/9/2024,4.88,4.90,4.83,4.87,4.87,3093400
3/9/2024,4.89,4.97,4.88,4.91,4.91,2823200
2/9/2024,4.92,4.95,4.87,4.89,4.89,3115100
30/8/2024,4.71,4.93,4.71,4.93,4.93,13867109
29/8/2024,4.68,4.74,4.65,4.72,4.72,2832800
28/8/2024,4.70,4.72,4.65,4.68,4.68,2145500
27/8/2024,4.73,4.75,4.70,4.70,4.70,1917100
26/8/2024,4.78,4.81,4.70,4.72,4.72,2232300
23/8/2024,4.76,4.79,4.70,4.75,4.75,2747100
22/8/2024,4.77,4.83,4.73,4.76,4.76,3192300
21/8/2024,4.75,4.76,4.69,4.76,4.76,1659200
20/8/2024,4.76,4.79,4.75,4.76,4.76,1497500
19/8/2024,4.70,4.78,4.70,4.72,4.72,2324100
16/8/2024,4.72,4.79,4.72,4.72,4.72,2365200
15/8/2024,4.60,4.75,4.60,4.69,4.69,3001000
14/8/2024,4.58,4.63,4.51,4.60,4.60,2671800
14/8/2024,,,,,,,0.06
13/8/2024,4.60,4.66,4.58,4.61,4.55,2867600
12/8/2024,4.73,4.75,4.57,4.63,4.57,4954800
8/8/2024,4.73,4.78,4.68,4.75,4.69,4901400
7/8/2024,4.51,4.76,4.49,4.73,4.67,8538900
6/8/2024,4.62,4.65,4.35,4.45,4.39,6675600
5/8/2024,4.54,4.60,4.37,4.51,4.45,5625600
2/8/2024,4.70,4.70,4.62,4.62,4.56,2063700
1/8/2024,4.77,4.81,4.73,4.75,4.69,2676000
31/7/2024,4.72,4.79,4.68,4.77,4.71,2798900
30/7/2024,4.68,4.76,4.68,4.69,4.63,3792800
29/7/2024,4.65,4.70,4.63,4.69,4.63,3179400
26/7/2024,4.63,4.67,4.61,4.64,4.58,1774300
25/7/2024,4.63,4.68,4.62,4.64,4.58,2721600
24/7/2024,4.63,4.72,4.58,4.69,4.63,3021400
23/7/2024,4.63,4.68,4.62,4.63,4.57,1647600
22/7/2024,4.67,4.68,4.62,4.62,4.56,2010300
19/7/2024,4.70,4.71,4.65,4.66,4.60,3869600
18/7/2024,4.73,4.75,4.70,4.71,4.65,2788400
17/7/2024,4.76,4.76,4.72,4.76,4.70,2510400
16/7/2024,4.79,4.79,4.72,4.72,4.66,3478600
15/7/2024,4.81,4.81,4.74,4.77,4.71,3647900
12/7/2024,4.80,4.86,4.79,4.80,4.74,4870900
11/7/2024,4.85,4.85,4.75,4.77,4.71,2974600
10/7/2024,4.76,4.83,4.74,4.82,4.76,3683400
9/7/2024,4.72,4.75,4.70,4.73,4.67,1838000
8/7/2024,4.75,4.78,4.71,4.72,4.66,2147500
5/7/2024,4.80,4.80,4.75,4.77,4.71,2044100
4/7/2024,4.84,4.86,4.78,4.80,4.74,3869400
3/7/2024,4.70,4.82,4.69,4.81,4.75,5167700
2/7/2024,4.85,4.87,4.65,4.65,4.59,8105200
1/7/2024,4.79,4.89,4.76,4.86,4.80,3852100
28/6/2024,4.95,4.95,4.81,4.81,4.75,9121200
27/6/2024,4.99,5.02,4.95,4.97,4.91,4134000
26/6/2024,5.03,5.03,4.97,5.01,4.94,3348000
25/6/2024,5.03,5.06,5.01,5.03,4.96,2474200
24/6/2024,5.02,5.04,4.97,5.00,4.93,2353500
21/6/2024,5.03,5.06,4.98,5.05,4.98,3443100
20/6/2024,5.00,5.02,4.98,4.98,4.92,1667500
19/6/2024,5.04,5.04,5.00,5.04,4.97,1170800
18/6/2024,5.04,5.04,4.97,4.99,4.93,3443291
14/6/2024,5.04,5.05,5.01,5.04,4.97,2749900
13/6/2024,4.95,5.06,4.95,5.02,4.95,3146000
12/6/2024,4.98,5.00,4.92,4.95,4.89,4298300
11/6/2024,5.01,5.03,4.96,4.98,4.92,2632400
10/6/2024,5.04,5.05,4.93,5.01,4.94,4498500
7/6/2024,5.08,5.10,5.06,5.06,4.99,1719500
6/6/2024,5.12,5.12,5.06,5.06,4.99,2152700
5/6/2024,5.10,5.15,5.08,5.09,5.02,2343900
4/6/2024,5.10,5.11,5.06,5.07,5.00,2251100
3/6/2024,5.13,5.14,5.09,5.09,5.02,1522100
31/5/2024,5.17,5.18,5.09,5.09,5.02,8458700
30/5/2024,5.19,5.24,5.13,5.13,5.06,3769200
29/5/2024,5.22,5.32,5.21,5.22,5.15,3224800
28/5/2024,5.17,5.25,5.16,5.22,5.15,2540900
27/5/2024,5.10,5.17,5.10,5.15,5.08,1392000
24/5/2024,5.18,5.18,5.06,5.07,5.00,5638200
23/5/2024,5.17,5.21,5.16,5.19,5.12,1737000
21/5/2024,5.24,5.27,5.18,5.20,5.13,1407900
20/5/2024,5.26,5.29,5.22,5.24,5.17,1138900
17/5/2024,5.25,5.31,5.23,5.26,5.19,2577100
16/5/2024,5.31,5.36,5.22,5.23,5.16,2226300
15/5/2024,5.32,5.34,5.26,5.28,5.21,951900
14/5/2024,5.29,5.38,5.28,5.32,5.25,1975500
13/5/2024,5.27,5.30,5.22,5.25,5.18,2142400
10/5/2024,5.23,5.30,5.23,5.29,5.22,2570000
9/5/2024,5.17,5.20,5.12,5.18,5.11,2023400
8/5/2024,5.21,5.24,5.16,5.19,5.12,2535500
7/5/2024,5.34,5.36,5.23,5.23,5.16,2588500
6/5/2024,5.31,5.35,5.31,5.31,5.24,997800
3/5/2024,5.34,5.35,5.29,5.29,5.22,1221100
2/5/2024,5.33,5.36,5.30,5.30,5.23,1594800
30/4/2024,5.38,5.44,5.32,5.37,5.30,3567900
29/4/2024,5.37,5.37,5.29,5.36,5.29,4203500
29/4/2024,,,,,,,0.08
26/4/2024,5.43,5.44,5.40,5.44,5.29,1899600
25/4/2024,5.42,5.47,5.37,5.45,5.30,1916200
24/4/2024,5.44,5.53,5.42,5.44,5.29,3732100
23/4/2024,5.37,5.39,5.32,5.38,5.23,2714000
22/4/2024,5.35,5.37,5.28,5.29,5.14,2331400
19/4/2024,5.40,5.43,5.28,5.32,5.17,3352000
18/4/2024,5.24,5.47,5.21,5.37,5.22,4830800
17/4/2024,5.22,5.25,5.17,5.20,5.06,2866200
16/4/2024,5.20,5.25,5.11,5.19,5.05,4131600
15/4/2024,5.33,5.35,5.20,5.24,5.10,2895100
12/4/2024,5.45,5.45,5.40,5.41,5.26,1482200
11/4/2024,5.50,5.54,5.44,5.44,5.29,2370800
9/4/2024,5.53,5.55,5.49,5.50,5.35,1129900
8/4/2024,5.52,5.55,5.47,5.50,5.35,2320900
5/4/2024,5.50,5.53,5.47,5.52,5.37,2776900
4/4/2024,5.42,5.55,5.41,5.53,5.38,5503600
3/4/2024,5.36,5.43,5.32,5.38,5.23,2924500
2/4/2024,5.37,5.42,5.35,5.40,5.25,2272800
1/4/2024,5.43,5.44,5.36,5.37,5.22,1379400
28/3/2024,5.42,5.47,5.39,5.40,5.25,2864100
27/3/2024,5.35,5.44,5.32,5.41,5.26,5366800
26/3/2024,5.26,5.35,5.24,5.31,5.16,3546900
25/3/2024,5.25,5.30,5.23,5.27,5.12,1664400
22/3/2024,5.35,5.35,5.23,5.28,5.13,3585800
21/3/2024,5.31,5.35,5.25,5.28,5.13,6143100
20/3/2024,5.14,5.28,5.14,5.24,5.10,5378900
19/3/2024,5.12,5.12,5.08,5.11,4.97,3189600
18/3/2024,5.05,5.12,5.02,5.11,4.97,3041800
15/3/2024,5.02,5.08,5.02,5.05,4.91,3751700
14/3/2024,4.93,5.08,4.93,5.07,4.93,5368200
13/3/2024,5.05,5.06,4.91,4.93,4.79,8212800
12/3/2024,5.08,5.12,5.03,5.03,4.89,5057100
11/3/2024,5.10,5.10,5.03,5.07,4.93,2974800
8/3/2024,5.09,5.11,5.04,5.07,4.93,2710700
7/3/2024,5.10,5.12,5.04,5.06,4.92,2493200
6/3/2024,5.02,5.10,5.02,5.07,4.93,3100600
5/3/2024,5.06,5.11,5.02,5.02,4.88,3049700
4/3/2024,5.11,5.13,5.05,5.07,4.93,2079700
1/3/2024,5.13,5.16,5.04,5.09,4.95,3915300
29/2/2024,5.03,5.15,5.02,5.10,4.96,6762700
28/2/2024,5.16,5.16,5.00,5.00,4.86,6403200
27/2/2024,5.21,5.23,5.10,5.16,5.02,5596600
26/2/2024,5.24,5.25,5.13,5.20,5.06,2792400
23/2/2024,5.35,5.35,5.21,5.22,5.08,5412400
22/2/2024,5.54,5.54,5.32,5.33,5.18,9695400
21/2/2024,5.83,5.83,5.48,5.48,5.33,11849000
20/2/2024,5.73,5.87,5.68,5.81,5.65,7888800
19/2/2024,5.76,5.79,5.72,5.75,5.59,2475300
16/2/2024,5.75,5.82,5.73,5.76,5.60,5724400
15/2/2024,5.60,5.74,5.60,5.72,5.56,5231100
14/2/2024,5.50,5.58,5.43,5.56,5.41,3052200
13/2/2024,5.46,5.63,5.46,5.54,5.39,4026700
9/2/2024,5.50,5.50,5.42,5.48,5.33,1532300
8/2/2024,5.61,5.61,5.51,5.52,5.37,1786400
7/2/2024,5.63,5.70,5.53,5.60,5.45,2747400
6/2/2024,5.65,5.70,5.51,5.56,5.41,3225200
5/2/2024,5.78,5.80,5.63,5.67,5.51,3767200
2/2/2024,5.65,5.84,5.63,5.80,5.64,5892200
1/2/2024,5.60,5.68,5.58,5.65,5.49,2129700
31/1/2024,5.70,5.73,5.63,5.67,5.51,3662300
30/1/2024,5.44,5.70,5.44,5.70,5.54,9741000
29/1/2024,5.40,5.44,5.38,5.41,5.26,999400
26/1/2024,5.48,5.52,5.42,5.43,5.28,1915700
25/1/2024,5.40,5.49,5.36,5.47,5.32,2899300
24/1/2024,5.32,5.39,5.29,5.39,5.24,1892700
23/1/2024,5.39,5.40,5.31,5.31,5.16,1880400
22/1/2024,5.43,5.50,5.34,5.36,5.21,2653200
19/1/2024,5.46,5.46,5.38,5.39,5.24,1639900
18/1/2024,5.45,5.48,5.38,5.42,5.27,2060700
17/1/2024,5.49,5.51,5.43,5.45,5.30,3093900
16/1/2024,5.50,5.53,5.45,5.52,5.37,1597300
15/1/2024,5.48,5.55,5.44,5.52,5.37,2302100
12/1/2024,5.44,5.48,5.41,5.44,5.29,964300
11/1/2024,5.46,5.53,5.44,5.47,5.32,1353700
10/1/2024,5.51,5.55,5.41,5.47,5.32,2200200
9/1/2024,5.39,5.53,5.36,5.52,5.37,6560100
8/1/2024,5.32,5.41,5.32,5.36,5.21,2666000
5/1/2024,5.23,5.32,5.19,5.31,5.16,2324200
4/1/2024,5.31,5.34,5.25,5.25,5.11,1860000
3/1/2024,5.27,5.37,5.27,5.34,5.19,2133400
2/1/2024,5.33,5.37,5.30,5.34,5.19,1537100
29/12/2023,5.25,5.33,5.23,5.31,5.16,4395282
28/12/2023,5.17,5.27,5.15,5.24,5.10,4407600
27/12/2023,5.13,5.16,5.09,5.13,4.99,1862200
26/12/2023,5.14,5.14,5.08,5.12,4.98,614900
22/12/2023,5.11,5.16,5.09,5.11,4.97,1312200
21/12/2023,5.09,5.11,5.06,5.10,4.96,1053400
20/12/2023,5.12,5.16,5.10,5.12,4.98,1319800
19/12/2023,5.05,5.12,5.03,5.09,4.95,1324200
18/12/2023,5.11,5.14,5.05,5.06,4.92,1934400
15/12/2023,5.18,5.19,5.13,5.16,5.02,4268100
14/12/2023,5.17,5.20,5.14,5.18,5.04,2523000
13/12/2023,5.10,5.16,5.03,5.11,4.97,4380500
12/12/2023,4.93,5.08,4.92,5.07,4.93,4602000
11/12/2023,4.96,4.96,4.88,4.91,4.77,2667200
8/12/2023,4.90,4.96,4.90,4.95,4.81,2580400
7/12/2023,4.93,4.97,4.80,4.90,4.77,4629000
6/12/2023,5.00,5.00,4.92,4.94,4.80,2197200
5/12/2023,4.91,5.02,4.91,5.00,4.86,3247700
4/12/2023,5.22,5.23,4.87,4.88,4.75,9488300
1/12/2023,5.11,5.24,5.10,5.20,5.06,2926001
30/11/2023,5.17,5.17,5.10,5.14,5.00,6940200
29/11/2023,5.08,5.17,5.08,5.16,5.02,3722100
28/11/2023,5.12,5.13,5.04,5.07,4.93,2670900
27/11/2023,5.13,5.16,5.08,5.12,4.98,1458800
24/11/2023,5.14,5.18,5.11,5.13,4.99,3051900
23/11/2023,5.09,5.15,5.05,5.15,5.01,1967600
22/11/2023,5.03,5.11,5.02,5.09,4.95,2240500
21/11/2023,5.05,5.08,5.03,5.03,4.89,1326600
20/11/2023,5.11,5.12,5.02,5.05,4.91,2249900
17/11/2023,5.03,5.09,5.02,5.09,4.95,1178900
16/11/2023,5.10,5.10,5.01,5.06,4.92,2297600
15/11/2023,5.12,5.14,5.07,5.09,4.95,3110300
14/11/2023,5.11,5.19,5.00,5.02,4.88,4038100
10/11/2023,5.08,5.09,5.00,5.05,4.91,1866800
9/11/2023,5.10,5.16,5.04,5.12,4.98,3122000
8/11/2023,5.23,5.24,5.06,5.08,4.94,5037500
7/11/2023,4.93,5.26,4.90,5.23,5.09,8367800
6/11/2023,4.90,4.92,4.84,4.92,4.78,3892100
3/11/2023,4.78,4.89,4.76,4.84,4.71,3824700
2/11/2023,4.85,4.85,4.71,4.72,4.59,4420900
1/11/2023,4.61,4.81,4.61,4.79,4.66,5391400
31/10/2023,4.64,4.65,4.55,4.59,4.46,3833400
30/10/2023,4.59,4.64,4.50,4.62,4.49,3722000
27/10/2023,4.63,4.65,4.58,4.61,4.48,2009700
26/10/2023,4.59,4.63,4.57,4.62,4.49,2635100
25/10/2023,4.65,4.70,4.57,4.59,4.46,3412700
24/10/2023,4.58,4.63,4.55,4.60,4.47,3498000
23/10/2023,4.57,4.63,4.56,4.58,4.45,2692100
20/10/2023,4.53,4.64,4.53,4.58,4.45,2761200
19/10/2023,4.53,4.60,4.52,4.56,4.43,5531700
18/10/2023,4.73,4.73,4.59,4.60,4.47,3168000
17/10/2023,4.70,4.76,4.69,4.73,4.60,2672900
16/10/2023,4.74,4.76,4.64,4.66,4.53,4064900
13/10/2023,4.85,4.85,4.75,4.76,4.63,4530300
12/10/2023,4.88,4.93,4.86,4.87,4.74,2737300
11/10/2023,4.94,4.94,4.86,4.88,4.75,3149900
10/10/2023,4.88,4.92,4.85,4.89,4.76,2567700
9/10/2023,4.92,4.93,4.82,4.83,4.70,2985200
6/10/2023,4.88,4.98,4.87,4.96,4.82,4259600
5/10/2023,4.87,4.93,4.84,4.87,4.74,3032300
4/10/2023,4.87,4.88,4.72,4.85,4.72,8443200
3/10/2023,5.15,5.15,4.89,4.93,4.79,11009600
2/10/2023,5.12,5.22,5.12,5.17,5.03,4606799
29/9/2023,5.12,5.14,5.08,5.09,4.95,3911300
28/9/2023,5.08,5.12,5.07,5.11,4.97,2673200
27/9/2023,5.07,5.11,5.04,5.11,4.97,4521200
26/9/2023,5.09,5.14,5.09,5.11,4.97,3041400
25/9/2023,5.13,5.17,5.05,5.12,4.98,3914400
22/9/2023,5.10,5.15,5.06,5.10,4.96,3349800
21/9/2023,5.23,5.23,5.11,5.11,4.97,3290300
20/9/2023,5.20,5.25,5.18,5.23,5.09,2242300
19/9/2023,5.21,5.25,5.18,5.21,5.07,5532500
18/9/2023,5.20,5.24,5.16,5.20,5.06,4282400
15/9/2023,5.16,5.25,5.16,5.21,5.07,7132200
14/9/2023,5.14,5.15,5.08,5.13,4.99,3894100
13/9/2023,5.15,5.17,5.09,5.12,4.98,3847400
12/9/2023,5.06,5.14,5.05,5.14,5.00,6311300
11/9/2023,5.12,5.15,5.02,5.06,4.92,6622300
8/9/2023,5.15,5.16,5.07,5.12,4.98,9709800
7/9/2023,5.07,5.15,5.05,5.15,5.01,7217900
6/9/2023,5.22,5.24,5.05,5.08,4.94,13886900
5/9/2023,5.18,5.24,5.13,5.22,5.08,7420800
4/9/2023,5.38,5.41,5.10,5.17,5.03,43732286
31/8/2023,5.43,5.64,5.35,5.35,5.20,76948000
30/8/2023,5.53,5.54,5.42,5.46,5.31,6031300
29/8/2023,5.52,5.54,5.43,5.47,5.32,5791500
28/8/2023,5.44,5.57,5.42,5.48,5.33,6862800
25/8/2023,5.26,5.42,5.25,5.39,5.24,7538400
24/8/2023,5.28,5.37,5.24,5.27,5.12,5566800
23/8/2023,5.26,5.33,5.22,5.27,5.12,4507500
22/8/2023,5.35,5.35,5.19,5.27,5.12,5836400
21/8/2023,5.41,5.45,5.27,5.32,5.17,6779900
18/8/2023,5.54,5.54,5.34,5.38,5.23,8869600
17/8/2023,5.61,5.69,5.54,5.58,5.43,5380100
16/8/2023,5.62,5.70,5.59,5.67,5.51,4050100
15/8/2023,5.76,5.79,5.61,5.65,5.49,4110700
14/8/2023,5.89,5.94,5.75,5.75,5.59,4484000
14/8/2023,,,,,,,0.05
11/8/2023,5.93,6.03,5.83,5.91,5.70,9298700
10/8/2023,5.93,5.99,5.75,5.87,5.66,8468600
8/8/2023,6.10,6.10,5.80,5.94,5.73,8919400
7/8/2023,5.63,6.09,5.63,6.09,5.87,18020900
4/8/2023,5.60,5.63,5.54,5.60,5.40,4244400
3/8/2023,5.48,5.65,5.48,5.60,5.40,5118500
2/8/2023,5.58,5.68,5.51,5.53,5.33,4174200
1/8/2023,5.48,5.62,5.47,5.58,5.38,4559900
31/7/2023,5.45,5.57,5.42,5.45,5.26,4923300
28/7/2023,5.52,5.60,5.48,5.55,5.35,3422200
27/7/2023,5.50,5.64,5.48,5.53,5.33,7239100
26/7/2023,5.48,5.49,5.31,5.46,5.26,7814700
25/7/2023,5.65,5.73,5.65,5.65,5.45,4980600
24/7/2023,5.63,5.69,5.62,5.65,5.45,2601700
21/7/2023,5.63,5.67,5.58,5.63,5.43,2468100
20/7/2023,5.61,5.69,5.58,5.62,5.42,4711900
19/7/2023,5.57,5.69,5.55,5.55,5.35,5970200
18/7/2023,5.39,5.62,5.39,5.53,5.33,8082200
17/7/2023,5.32,5.39,5.31,5.39,5.20,2322300
14/7/2023,5.40,5.44,5.31,5.31,5.12,3528900
13/7/2023,5.32,5.40,5.32,5.37,5.18,3186000
12/7/2023,5.27,5.37,5.24,5.27,5.08,4275700
11/7/2023,5.26,5.32,5.17,5.27,5.08,6253300
10/7/2023,5.31,5.37,5.17,5.24,5.05,9205000
7/7/2023,5.34,5.39,5.10,5.31,5.12,16714200
6/7/2023,5.52,5.60,5.29,5.38,5.19,12002300
5/7/2023,5.67,5.72,5.63,5.66,5.46,2133100
4/7/2023,5.70,5.74,5.67,5.68,5.48,2333800
3/7/2023,5.77,5.80,5.67,5.72,5.52,3553200
30/6/2023,5.56,5.79,5.56,5.75,5.54,7730800
28/6/2023,5.60,5.65,5.53,5.54,5.34,5211900
27/6/2023,5.36,5.59,5.36,5.59,5.39,6470100
26/6/2023,5.40,5.48,5.36,5.40,5.21,4492600
23/6/2023,5.45,5.54,5.36,5.41,5.22,7884600
22/6/2023,5.38,5.48,5.37,5.42,5.23,7157300
21/6/2023,5.12,5.41,5.09,5.38,5.19,12408700
20/6/2023,5.62,5.63,5.01,5.15,4.97,24379400
19/6/2023,5.65,5.70,5.58,5.67,5.47,4222400
16/6/2023,5.77,5.82,5.62,5.69,5.49,6415400
15/6/2023,5.73,5.80,5.68,5.79,5.58,4421700
14/6/2023,5.66,5.80,5.65,5.73,5.53,7469300
13/6/2023,5.42,5.66,5.42,5.63,5.43,7216100
12/6/2023,5.49,5.56,5.41,5.46,5.26,6823400
9/6/2023,5.31,5.51,5.30,5.47,5.27,8423000
8/6/2023,5.32,5.33,5.27,5.31,5.12,6167200
7/6/2023,5.34,5.38,5.29,5.31,5.12,4544300
6/6/2023,5.35,5.42,5.30,5.37,5.18,8334200
5/6/2023,5.19,5.37,5.19,5.35,5.16,7359300
1/6/2023,5.03,5.19,5.01,5.19,5.00,8349200
31/5/2023,5.00,5.06,4.96,5.03,4.85,5472800
30/5/2023,5.04,5.05,4.99,5.01,4.83,3827400
29/5/2023,4.94,5.04,4.94,5.02,4.84,6731600
26/5/2023,4.93,5.04,4.87,4.90,4.72,7444200
25/5/2023,4.86,4.94,4.84,4.90,4.72,2935700
24/5/2023,4.85,4.90,4.84,4.88,4.71,2339800
23/5/2023,4.87,4.91,4.83,4.86,4.69,2629200
22/5/2023,4.87,4.91,4.84,4.88,4.71,2074600
19/5/2023,4.87,4.92,4.83,4.89,4.72,2909700
18/5/2023,4.84,4.93,4.82,4.87,4.70,6449000
17/5/2023,4.84,4.89,4.80,4.85,4.68,4732200
16/5/2023,4.72,4.86,4.71,4.84,4.67,7303200
15/5/2023,4.65,4.72,4.64,4.72,4.55,4261300
12/5/2023,4.60,4.68,4.58,4.65,4.48,4226200
11/5/2023,4.65,4.65,4.57,4.58,4.42,3089500
10/5/2023,4.59,4.73,4.58,4.66,4.49,4731000
9/5/2023,4.59,4.62,4.55,4.59,4.43,4155600
8/5/2023,4.61,4.63,4.57,4.59,4.43,2595300
5/5/2023,4.61,4.67,4.55,4.58,4.42,3588500
4/5/2023,4.57,4.64,4.54,4.60,4.44,3035100
3/5/2023,4.33,4.64,4.33,4.57,4.41,10005200
2/5/2023,4.28,4.33,4.27,4.33,4.18,3289700
28/4/2023,4.28,4.30,4.27,4.28,4.13,2525300
27/4/2023,4.23,4.29,4.23,4.27,4.12,2902600
26/4/2023,4.24,4.27,4.21,4.24,4.09,2830400
25/4/2023,4.24,4.33,4.21,4.24,4.09,4311100
25/4/2023,,,,,,,0.04
24/4/2023,4.34,4.39,4.32,4.35,4.16,2284700
21/4/2023,4.27,4.35,4.27,4.34,4.15,3121100
20/4/2023,4.28,4.29,4.21,4.27,4.08,2581100
19/4/2023,4.25,4.30,4.24,4.27,4.08,2937300
18/4/2023,4.32,4.32,4.24,4.25,4.06,2199885
17/4/2023,4.28,4.33,4.26,4.31,4.12,2044400
14/4/2023,4.27,4.32,4.27,4.29,4.10,2265700
13/4/2023,4.24,4.29,4.16,4.26,4.07,7159600
12/4/2023,4.33,4.33,4.21,4.23,4.04,4110700
11/4/2023,4.32,4.38,4.29,4.33,4.14,2656900
10/4/2023,4.38,4.40,4.29,4.29,4.10,3166000
6/4/2023,4.32,4.40,4.31,4.38,4.18,2426800
5/4/2023,4.39,4.41,4.31,4.33,4.14,3161200
4/4/2023,4.39,4.42,4.36,4.39,4.19,2525200
3/4/2023,4.38,4.40,4.33,4.37,4.17,3974800
31/3/2023,4.30,4.43,4.30,4.38,4.18,5564500
30/3/2023,4.29,4.33,4.23,4.30,4.11,4590300
29/3/2023,4.31,4.33,4.27,4.30,4.11,4633800
28/3/2023,4.30,4.33,4.28,4.31,4.12,4870000
27/3/2023,4.25,4.33,4.24,4.30,4.11,4391400
24/3/2023,4.18,4.28,4.15,4.24,4.05,6694800
23/3/2023,4.12,4.20,4.10,4.18,3.99,3370800
22/3/2023,4.08,4.16,4.03,4.14,3.96,6372400
21/3/2023,4.02,4.12,4.01,4.07,3.89,3955000
20/3/2023,4.06,4.07,4.00,4.00,3.82,3635500
17/3/2023,4.06,4.08,4.04,4.07,3.89,4537400
16/3/2023,4.06,4.07,4.00,4.05,3.87,4698900
15/3/2023,4.00,4.07,4.00,4.06,3.88,7354400
14/3/2023,3.77,4.01,3.77,4.00,3.82,14564600
13/3/2023,3.80,3.86,3.77,3.77,3.60,5220300
10/3/2023,3.78,3.82,3.74,3.82,3.65,3960700
9/3/2023,3.80,3.83,3.78,3.80,3.63,3334400
8/3/2023,3.75,3.80,3.74,3.80,3.63,4221300
7/3/2023,3.74,3.78,3.71,3.76,3.59,3054400
6/3/2023,3.73,3.77,3.69,3.73,3.56,7467400
3/3/2023,3.64,3.74,3.63,3.71,3.54,4865800
2/3/2023,3.68,3.69,3.63,3.63,3.47,3479000
1/3/2023,3.62,3.69,3.58,3.69,3.53,4131600
28/2/2023,3.64,3.69,3.63,3.63,3.47,2475900
27/2/2023,3.65,3.66,3.62,3.64,3.48,2684000
24/2/2023,3.70,3.72,3.63,3.65,3.49,4932800
23/2/2023,3.78,3.80,3.70,3.70,3.53,4830900
22/2/2023,3.73,3.83,3.71,3.80,3.63,5016300
21/2/2023,3.76,3.78,3.68,3.76,3.59,3962300
20/2/2023,3.77,3.81,3.74,3.74,3.57,3916100
17/2/2023,3.71,3.78,3.70,3.75,3.58,2704700
16/2/2023,3.69,3.74,3.69,3.71,3.54,1878600
15/2/2023,3.69,3.70,3.65,3.68,3.52,1722200
14/2/2023,3.73,3.73,3.67,3.70,3.53,3501600
13/2/2023,3.74,3.76,3.66,3.72,3.55,3130800
10/2/2023,3.72,3.74,3.68,3.74,3.57,1498100
9/2/2023,3.77,3.77,3.70,3.72,3.55,3015600
8/2/2023,3.69,3.78,3.68,3.78,3.61,6212400
7/2/2023,3.60,3.68,3.59,3.68,3.52,5240100
6/2/2023,3.58,3.62,3.58,3.60,3.44,1715600
3/2/2023,3.58,3.59,3.53,3.57,3.41,6880100
2/2/2023,3.60,3.62,3.57,3.59,3.43,1676100
1/2/2023,3.60,3.64,3.57,3.59,3.43,1695100
31/1/2023,3.58,3.61,3.56,3.61,3.45,2595400
30/1/2023,3.58,3.64,3.56,3.58,3.42,5333500
27/1/2023,3.48,3.57,3.48,3.54,3.38,6268700
26/1/2023,3.43,3.50,3.41,3.49,3.33,5644800
25/1/2023,3.42,3.47,3.40,3.43,3.28,2794000
20/1/2023,3.39,3.42,3.37,3.42,3.27,1704200
19/1/2023,3.38,3.42,3.36,3.37,3.22,3752600
18/1/2023,3.40,3.42,3.37,3.40,3.25,2844100
17/1/2023,3.42,3.43,3.40,3.41,3.26,1081100
16/1/2023,3.41,3.48,3.41,3.42,3.27,3567100
13/1/2023,3.39,3.43,3.37,3.42,3.27,3340700
12/1/2023,3.44,3.44,3.34,3.37,3.22,4897300
11/1/2023,3.41,3.43,3.38,3.42,3.27,2958800
10/1/2023,3.43,3.44,3.39,3.41,3.26,3147100
9/1/2023,3.41,3.49,3.40,3.43,3.28,3005500
6/1/2023,3.40,3.43,3.38,3.39,3.24,2987200
5/1/2023,3.40,3.41,3.38,3.39,3.24,2839000
4/1/2023,3.43,3.43,3.38,3.40,3.25,2481300
3/1/2023,3.39,3.45,3.36,3.44,3.29,3647700
30/12/2022,3.40,3.42,3.38,3.38,3.23,1529500
29/12/2022,3.37,3.41,3.37,3.37,3.22,1368200
28/12/2022,3.36,3.38,3.36,3.37,3.22,1069000
27/12/2022,3.35,3.37,3.33,3.36,3.21,1572700
23/12/2022,3.38,3.39,3.34,3.36,3.21,2618700
22/12/2022,3.38,3.44,3.38,3.41,3.26,2354900
21/12/2022,3.40,3.43,3.38,3.38,3.23,2375700
20/12/2022,3.31,3.43,3.30,3.41,3.26,7198800
19/12/2022,3.31,3.33,3.30,3.32,3.17,1522400
16/12/2022,3.30,3.31,3.27,3.31,3.16,5940600
15/12/2022,3.27,3.31,3.27,3.31,3.16,6169700
14/12/2022,3.28,3.30,3.26,3.27,3.12,3227600
13/12/2022,3.23,3.29,3.23,3.28,3.13,3078200
12/12/2022,3.21,3.26,3.19,3.22,3.08,4953800
9/12/2022,3.24,3.25,3.19,3.21,3.07,4418200
8/12/2022,3.25,3.26,3.23,3.24,3.10,1579500
7/12/2022,3.24,3.27,3.22,3.23,3.09,3706300
6/12/2022,3.24,3.30,3.24,3.25,3.10,3641900
5/12/2022,3.29,3.34,3.24,3.25,3.10,5797400
2/12/2022,3.24,3.34,3.21,3.28,3.13,4627500
1/12/2022,3.23,3.29,3.22,3.24,3.10,4617200
30/11/2022,3.23,3.25,3.18,3.20,3.06,3737200
29/11/2022,3.18,3.25,3.17,3.24,3.10,5547300
28/11/2022,3.19,3.20,3.14,3.18,3.04,3991100
25/11/2022,3.22,3.22,3.19,3.20,3.06,1623700
24/11/2022,3.20,3.24,3.19,3.22,3.08,3356800
23/11/2022,3.20,3.24,3.17,3.20,3.06,5843700
22/11/2022,3.06,3.21,3.06,3.20,3.06,11371400
21/11/2022,3.06,3.11,3.05,3.05,2.91,2702900
18/11/2022,3.06,3.12,3.05,3.06,2.92,6082000
17/11/2022,2.91,3.08,2.91,3.05,2.91,11444700
16/11/2022,2.94,2.95,2.85,2.90,2.77,8286700
15/11/2022,3.03,3.03,2.93,2.93,2.80,7500600
14/11/2022,3.06,3.07,3.01,3.02,2.89,4008800
11/11/2022,3.07,3.10,3.02,3.04,2.90,4697700
10/11/2022,3.00,3.05,3.00,3.02,2.89,1738300
9/11/2022,3.01,3.06,3.00,3.02,2.89,2214100
8/11/2022,3.12,3.13,3.00,3.01,2.88,5013800
7/11/2022,3.08,3.12,3.04,3.11,2.97,4868300
4/11/2022,2.97,3.10,2.97,3.08,2.94,6202700
3/11/2022,2.97,3.00,2.95,2.97,2.84,3438800
2/11/2022,3.01,3.02,2.95,2.99,2.86,5544100
1/11/2022,2.91,3.02,2.91,3.00,2.87,7654600
31/10/2022,2.89,2.95,2.89,2.91,2.78,7473000
28/10/2022,2.86,2.88,2.82,2.87,2.74,4115600
27/10/2022,2.83,2.87,2.83,2.86,2.73,3847700
26/10/2022,2.81,2.84,2.80,2.82,2.69,3158000
25/10/2022,2.83,2.91,2.77,2.79,2.67,7992900
21/10/2022,2.85,2.86,2.79,2.80,2.68,3452000
20/10/2022,2.80,2.87,2.77,2.86,2.73,5184100
19/10/2022,2.84,2.87,2.81,2.82,2.69,3833000
18/10/2022,2.92,2.92,2.82,2.82,2.69,5526900
17/10/2022,2.87,2.89,2.80,2.88,2.75,8696000
14/10/2022,2.96,2.99,2.86,2.88,2.75,6332900
13/10/2022,2.97,2.99,2.89,2.93,2.80,4064900
12/10/2022,3.03,3.04,2.94,2.98,2.85,6419100
11/10/2022,3.08,3.11,3.01,3.03,2.89,3455100
10/10/2022,3.07,3.09,3.05,3.08,2.94,2447200
7/10/2022,3.07,3.12,3.07,3.08,2.94,5967000
6/10/2022,3.08,3.14,3.06,3.07,2.93,7477000
5/10/2022,3.10,3.13,3.04,3.05,2.91,4740700
4/10/2022,3.14,3.15,3.07,3.09,2.95,5596500
3/10/2022,3.07,3.20,3.06,3.08,2.94,9112600
30/9/2022,3.06,3.09,3.02,3.08,2.94,6833900
29/9/2022,3.08,3.12,3.06,3.07,2.93,5044800
28/9/2022,3.08,3.10,3.03,3.03,2.89,5266400
27/9/2022,3.07,3.11,3.01,3.08,2.94,6948300
26/9/2022,3.18,3.18,3.04,3.08,2.94,8529600
23/9/2022,3.25,3.26,3.19,3.20,3.06,4888100
22/9/2022,3.15,3.32,3.13,3.24,3.10,14404400
21/9/2022,3.16,3.20,3.14,3.16,3.02,4802300
20/9/2022,3.19,3.21,3.16,3.17,3.03,2189900
19/9/2022,3.21,3.21,3.16,3.18,3.04,3126000
16/9/2022,3.28,3.28,3.21,3.22,3.08,5634700
15/9/2022,3.29,3.32,3.28,3.29,3.14,4499700
14/9/2022,3.27,3.32,3.26,3.28,3.13,6515800
13/9/2022,3.35,3.37,3.31,3.32,3.17,4524900
12/9/2022,3.37,3.38,3.33,3.34,3.19,3484600
9/9/2022,3.40,3.40,3.33,3.36,3.21,5004000
8/9/2022,3.45,3.47,3.40,3.40,3.25,4220400
7/9/2022,3.47,3.48,3.43,3.43,3.28,4439600
6/9/2022,3.46,3.51,3.43,3.48,3.32,21535300
5/9/2022,3.31,3.36,3.31,3.33,3.18,2011900
2/9/2022,3.36,3.39,3.31,3.32,3.17,4405100
1/9/2022,3.39,3.41,3.35,3.35,3.20,4110900
31/8/2022,3.42,3.44,3.39,3.39,3.24,4808000
30/8/2022,3.40,3.48,3.40,3.43,3.28,5354200
29/8/2022,3.36,3.41,3.33,3.40,3.25,3593200
26/8/2022,3.39,3.44,3.37,3.39,3.24,6238300
25/8/2022,3.30,3.39,3.29,3.39,3.24,6185700
24/8/2022,3.30,3.32,3.28,3.30,3.15,1792500
23/8/2022,3.24,3.33,3.24,3.30,3.15,6301100
22/8/2022,3.24,3.25,3.22,3.24,3.10,974700
19/8/2022,3.26,3.27,3.22,3.25,3.10,2193300
18/8/2022,3.24,3.32,3.24,3.26,3.11,6572400
17/8/2022,3.22,3.27,3.21,3.24,3.10,3424800
16/8/2022,3.19,3.24,3.16,3.23,3.09,3498700
15/8/2022,3.21,3.22,3.18,3.18,3.04,1798500
15/8/2022,,,,,,,0.04
12/8/2022,3.25,3.26,3.22,3.25,3.07,3691800
11/8/2022,3.22,3.25,3.21,3.25,3.07,4164400
10/8/2022,3.18,3.22,3.17,3.22,3.04,6703400
8/8/2022,3.10,3.18,3.10,3.18,3.00,10769600
5/8/2022,3.07,3.11,3.03,3.07,2.90,9142900
4/8/2022,3.04,3.04,2.98,3.01,2.84,3467100
3/8/2022,2.94,3.03,2.94,3.02,2.85,5422700
2/8/2022,2.97,2.98,2.94,2.95,2.78,3148000
1/8/2022,2.93,3.01,2.93,2.97,2.80,5267300
29/7/2022,2.93,2.96,2.91,2.91,2.75,2935900
28/7/2022,2.95,2.98,2.92,2.92,2.76,3341500
27/7/2022,2.96,2.96,2.93,2.95,2.78,1922000
26/7/2022,2.97,2.99,2.95,2.96,2.79,2197000
25/7/2022,2.98,3.00,2.96,2.97,2.80,2104000
22/7/2022,2.97,2.99,2.93,2.99,2.82,3950200
21/7/2022,3.04,3.04,2.95,2.97,2.80,4787000
20/7/2022,3.08,3.10,3.03,3.04,2.87,4908100
19/7/2022,2.98,3.07,2.98,3.05,2.88,10825200
18/7/2022,2.90,2.94,2.90,2.93,2.76,1237100
15/7/2022,2.93,2.93,2.86,2.90,2.74,2022116
14/7/2022,2.93,2.94,2.89,2.92,2.76,1796900
13/7/2022,2.92,2.95,2.90,2.94,2.77,2337200
12/7/2022,2.90,2.92,2.88,2.92,2.76,2389100
8/7/2022,2.86,2.92,2.85,2.89,2.73,3445500
7/7/2022,2.83,2.85,2.82,2.84,2.68,1675600
6/7/2022,2.85,2.87,2.82,2.82,2.66,3436000
5/7/2022,2.87,2.88,2.84,2.85,2.69,2358000
4/7/2022,2.86,2.88,2.85,2.86,2.70,932000
1/7/2022,2.86,2.87,2.85,2.86,2.70,1102600
30/6/2022,2.89,2.89,2.85,2.85,2.69,2334300
29/6/2022,2.87,2.94,2.86,2.89,2.73,5246000
28/6/2022,2.84,2.89,2.83,2.87,2.71,3334800
27/6/2022,2.86,2.88,2.84,2.84,2.68,2602200
24/6/2022,2.88,2.89,2.84,2.86,2.70,1514100
23/6/2022,2.89,2.93,2.83,2.87,2.71,2957100
22/6/2022,2.92,2.92,2.85,2.88,2.72,3640500
21/6/2022,2.81,2.93,2.81,2.91,2.75,6565100
20/6/2022,2.74,2.79,2.72,2.78,2.62,2152300
17/6/2022,2.75,2.75,2.70,2.74,2.59,4775200
16/6/2022,2.82,2.82,2.76,2.77,2.61,2737600
15/6/2022,2.79,2.81,2.78,2.80,2.64,1855100
14/6/2022,2.78,2.80,2.75,2.80,2.64,3444300
13/6/2022,2.76,2.80,2.74,2.79,2.63,3033900
10/6/2022,2.80,2.81,2.78,2.78,2.62,2214900
9/6/2022,2.78,2.82,2.77,2.82,2.66,2777600
8/6/2022,2.82,2.82,2.78,2.78,2.62,2105300
7/6/2022,2.81,2.82,2.78,2.82,2.66,1694200
6/6/2022,2.79,2.82,2.77,2.82,2.66,1291200
3/6/2022,2.83,2.83,2.79,2.79,2.63,1083900
2/6/2022,2.83,2.83,2.79,2.80,2.64,1555700
1/6/2022,2.84,2.85,2.81,2.83,2.67,1481000
31/5/2022,2.84,2.87,2.84,2.85,2.69,2180000
30/5/2022,2.86,2.89,2.83,2.84,2.68,2625300
27/5/2022,2.86,2.86,2.83,2.85,2.69,1176900
26/5/2022,2.82,2.86,2.82,2.85,2.69,1927900
25/5/2022,2.80,2.85,2.79,2.81,2.65,3823600
24/5/2022,2.83,2.84,2.78,2.79,2.63,2135600
23/5/2022,2.87,2.87,2.81,2.82,2.66,2825400
20/5/2022,2.82,2.88,2.82,2.87,2.71,2398200
19/5/2022,2.80,2.84,2.78,2.83,2.67,2459200
18/5/2022,2.81,2.84,2.80,2.84,2.68,2412100
17/5/2022,2.78,2.84,2.77,2.80,2.64,3386400
13/5/2022,2.75,2.79,2.74,2.77,2.61,4003400
12/5/2022,2.77,2.82,2.71,2.72,2.57,6975400
11/5/2022,2.79,2.81,2.76,2.79,2.63,4921000
10/5/2022,2.85,2.88,2.77,2.80,2.64,9668600
9/5/2022,2.94,2.95,2.88,2.88,2.72,2226400
6/5/2022,2.96,2.96,2.91,2.95,2.78,2388000
5/5/2022,2.98,3.04,2.97,2.97,2.80,4800200
4/5/2022,2.98,2.99,2.94,2.97,2.80,2146800
29/4/2022,2.92,3.02,2.92,2.95,2.78,4913100
28/4/2022,2.88,2.97,2.88,2.95,2.78,4140700
27/4/2022,2.85,2.90,2.83,2.87,2.71,2555100
26/4/2022,2.86,2.89,2.85,2.86,2.70,3891600
26/4/2022,,,,,,,0.03
25/4/2022,2.93,2.93,2.89,2.89,2.70,1710400
22/4/2022,2.91,2.95,2.90,2.93,2.74,2319100
21/4/2022,2.96,2.97,2.92,2.92,2.73,3172900
20/4/2022,3.00,3.00,2.93,2.94,2.75,7624200
19/4/2022,2.90,3.00,2.90,2.99,2.79,11891800
18/4/2022,2.85,2.90,2.85,2.88,2.69,5508700
14/4/2022,2.86,2.88,2.82,2.86,2.67,5639100
13/4/2022,2.87,2.89,2.84,2.85,2.66,2473200
12/4/2022,2.85,2.93,2.83,2.86,2.67,9863500
11/4/2022,2.87,2.88,2.83,2.84,2.65,3990500
8/4/2022,2.90,2.96,2.81,2.85,2.66,13288500
7/4/2022,2.70,2.91,2.68,2.87,2.68,16574400
6/4/2022,2.72,2.73,2.69,2.71,2.53,3755400
5/4/2022,2.71,2.74,2.70,2.72,2.54,3198500
4/4/2022,2.68,2.70,2.67,2.70,2.52,1872100
1/4/2022,2.66,2.69,2.64,2.67,2.49,2559300
31/3/2022,2.72,2.72,2.67,2.67,2.49,3296200
30/3/2022,2.74,2.74,2.70,2.71,2.53,3794200
29/3/2022,2.74,2.76,2.71,2.73,2.55,4140766
28/3/2022,2.68,2.73,2.68,2.72,2.54,5201400
25/3/2022,2.64,2.69,2.63,2.68,2.50,4661200
24/3/2022,2.63,2.68,2.63,2.64,2.47,3660500
23/3/2022,2.64,2.65,2.61,2.62,2.45,2989600
22/3/2022,2.62,2.66,2.60,2.63,2.46,6067000
21/3/2022,2.65,2.66,2.60,2.61,2.44,5136200
18/3/2022,2.61,2.68,2.60,2.64,2.47,9911000
17/3/2022,2.59,2.65,2.58,2.60,2.43,6045000
16/3/2022,2.59,2.61,2.55,2.58,2.41,7485700
15/3/2022,2.64,2.64,2.54,2.59,2.42,9137900
14/3/2022,2.67,2.69,2.61,2.66,2.48,5111300
11/3/2022,2.68,2.71,2.64,2.66,2.48,4185500
10/3/2022,2.75,2.75,2.64,2.66,2.48,6972700
9/3/2022,2.68,2.79,2.68,2.73,2.55,9738500
8/3/2022,2.70,2.71,2.62,2.67,2.49,7637000
7/3/2022,2.68,2.73,2.66,2.70,2.52,5986500
4/3/2022,2.73,2.75,2.66,2.68,2.50,4813800
3/3/2022,2.73,2.75,2.71,2.74,2.56,4621400
2/3/2022,2.66,2.74,2.66,2.73,2.55,11314200
1/3/2022,2.55,2.67,2.54,2.66,2.48,11017500
28/2/2022,2.56,2.56,2.48,2.51,2.34,9573100
25/2/2022,2.50,2.57,2.50,2.56,2.39,8387200
24/2/2022,2.45,2.55,2.42,2.45,2.29,12302500
23/2/2022,2.50,2.50,2.37,2.46,2.30,11671300
22/2/2022,2.52,2.53,2.50,2.51,2.34,2391600
21/2/2022,2.52,2.54,2.49,2.53,2.36,4428000
18/2/2022,2.57,2.58,2.53,2.54,2.37,6058200
17/2/2022,2.50,2.60,2.50,2.58,2.41,10267700
16/2/2022,2.45,2.52,2.44,2.49,2.33,9633600
15/2/2022,2.45,2.46,2.43,2.45,2.29,2014400
14/2/2022,2.44,2.45,2.42,2.42,2.26,2222700
11/2/2022,2.43,2.47,2.41,2.44,2.28,4058700
10/2/2022,2.46,2.46,2.41,2.45,2.29,4450300
9/2/2022,2.45,2.47,2.43,2.46,2.30,3412200
8/2/2022,2.46,2.47,2.43,2.45,2.29,3561100
7/2/2022,2.42,2.49,2.42,2.44,2.28,10091700
4/2/2022,2.35,2.42,2.34,2.41,2.25,6622500
3/2/2022,2.31,2.36,2.31,2.34,2.19,6335500
31/1/2022,2.29,2.33,2.28,2.28,2.13,2255200
28/1/2022,2.28,2.33,2.27,2.29,2.14,7352400
27/1/2022,2.23,2.27,2.21,2.26,2.11,5170000
26/1/2022,2.21,2.26,2.21,2.23,2.08,5774700
25/1/2022,2.19,2.22,2.18,2.21,2.06,4817100
24/1/2022,2.20,2.22,2.19,2.21,2.06,2998100
21/1/2022,2.20,2.22,2.19,2.22,2.07,3267200
20/1/2022,2.19,2.23,2.18,2.22,2.07,5813600
19/1/2022,2.14,2.20,2.13,2.20,2.05,8009800
18/1/2022,2.16,2.16,2.13,2.13,1.99,1775400
17/1/2022,2.15,2.17,2.14,2.15,2.01,2124200
14/1/2022,2.13,2.17,2.13,2.16,2.02,3150500
13/1/2022,2.14,2.15,2.11,2.14,2.00,2101300
12/1/2022,2.15,2.15,2.13,2.14,2.00,2273500
11/1/2022,2.12,2.17,2.11,2.15,2.01,6808600
10/1/2022,2.13,2.14,2.11,2.13,1.99,2600500
7/1/2022,2.10,2.16,2.10,2.12,1.98,3487100
6/1/2022,2.01,2.15,2.01,2.10,1.96,11658000
5/1/2022,2.05,2.06,2.02,2.03,1.90,1690400
4/1/2022,2.02,2.06,2.00,2.06,1.92,4025000
3/1/2022,2.00,2.02,2.00,2.01,1.88,1190600
31/12/2021,2.00,2.01,1.99,2.00,1.87,430800
30/12/2021,2.01,2.01,1.99,2.00,1.87,467500
29/12/2021,2.01,2.02,2.00,2.01,1.88,724900
28/12/2021,2.01,2.02,1.99,2.01,1.88,1234200
27/12/2021,2.01,2.02,2.00,2.00,1.87,1025800
24/12/2021,1.99,2.02,1.98,2.00,1.87,2309700
23/12/2021,1.99,2.00,1.99,1.99,1.86,848100
22/12/2021,2.00,2.00,1.98,2.00,1.87,1889200
21/12/2021,1.95,2.01,1.95,1.99,1.86,2681500
20/12/2021,1.96,1.98,1.94,1.95,1.82,1465600
17/12/2021,2.01,2.02,1.94,1.99,1.86,8728100
16/12/2021,1.97,2.02,1.97,2.02,1.89,4032700
15/12/2021,1.96,1.97,1.95,1.95,1.82,1145400
14/12/2021,1.96,1.98,1.95,1.96,1.83,1080600
13/12/2021,2.00,2.00,1.95,1.96,1.83,3196800
10/12/2021,2.00,2.01,1.99,2.01,1.88,2000100
9/12/2021,1.98,2.01,1.97,2.00,1.87,2087700
8/12/2021,2.01,2.01,1.98,1.99,1.86,1214500
7/12/2021,2.00,2.02,2.00,2.01,1.88,1528900
6/12/2021,1.99,2.02,1.98,2.00,1.87,2630200
3/12/2021,1.94,2.00,1.93,1.99,1.86,4754300
2/12/2021,1.92,1.95,1.90,1.94,1.81,3583300
1/12/2021,1.90,1.94,1.87,1.93,1.80,4289500
30/11/2021,1.98,1.98,1.88,1.88,1.76,6125400
29/11/2021,1.99,1.99,1.95,1.96,1.83,2069900
26/11/2021,2.02,2.02,1.96,1.98,1.85,4429200
25/11/2021,2.03,2.04,2.01,2.01,1.88,1359200
24/11/2021,2.02,2.03,2.01,2.02,1.89,1210600
23/11/2021,2.05,2.05,2.00,2.01,1.88,2583100
22/11/2021,2.03,2.05,2.02,2.05,1.91,1092200
19/11/2021,2.04,2.04,2.02,2.03,1.90,761400
18/11/2021,2.04,2.04,2.02,2.04,1.90,827000
17/11/2021,2.05,2.05,2.02,2.04,1.90,1737000
16/11/2021,2.05,2.07,2.04,2.05,1.91,1246100
15/11/2021,2.05,2.07,2.04,2.04,1.90,1180700
12/11/2021,2.04,2.06,2.03,2.05,1.91,1392900
11/11/2021,2.06,2.07,2.03,2.05,1.91,1701400
10/11/2021,2.08,2.08,2.05,2.06,1.92,1387700
9/11/2021,2.11,2.11,2.05,2.08,1.94,4433100
8/11/2021,2.07,2.10,2.06,2.09,1.95,3355800
5/11/2021,2.04,2.06,2.03,2.06,1.92,2721400
3/11/2021,2.03,2.06,2.02,2.06,1.92,4600300
2/11/2021,2.03,2.04,2.02,2.03,1.90,1559300
1/11/2021,2.02,2.06,2.02,2.02,1.89,1794100
29/10/2021,2.06,2.06,2.01,2.01,1.88,3175000
28/10/2021,2.06,2.08,2.02,2.04,1.90,3507000
27/10/2021,2.07,2.08,2.04,2.05,1.91,2713000
26/10/2021,2.05,2.08,2.04,2.06,1.92,4181100
25/10/2021,2.05,2.10,2.03,2.04,1.90,8772600
22/10/2021,1.96,2.05,1.96,2.04,1.90,8799300
21/10/2021,1.97,1.97,1.95,1.95,1.82,887000
20/10/2021,1.97,1.99,1.95,1.96,1.83,3255700
19/10/2021,1.95,1.97,1.95,1.96,1.83,2566300
18/10/2021,1.97,1.97,1.94,1.94,1.81,2781000
15/10/2021,1.95,1.98,1.93,1.96,1.83,3588400
14/10/2021,1.92,1.95,1.91,1.94,1.81,2875000
13/10/2021,1.90,1.95,1.90,1.92,1.79,4364800
12/10/2021,1.88,1.91,1.86,1.91,1.78,3702700
11/10/2021,1.87,1.90,1.86,1.88,1.76,4171700
8/10/2021,1.85,1.88,1.84,1.86,1.74,2519800
7/10/2021,1.84,1.86,1.83,1.84,1.72,3116600
6/10/2021,1.81,1.84,1.80,1.82,1.70,2679300
5/10/2021,1.81,1.83,1.79,1.79,1.67,5915800
4/10/2021,1.84,1.86,1.80,1.82,1.70,5290900
1/10/2021,1.84,1.85,1.81,1.83,1.71,2329500
30/9/2021,1.91,1.92,1.83,1.83,1.71,6213000
29/9/2021,1.81,1.90,1.81,1.89,1.76,3656100
28/9/2021,1.88,1.88,1.83,1.84,1.72,2869100
27/9/2021,1.86,1.89,1.85,1.89,1.76,2824100
24/9/2021,1.87,1.87,1.84,1.85,1.73,2239000
23/9/2021,1.84,1.87,1.84,1.86,1.74,2614600
22/9/2021,1.80,1.85,1.79,1.83,1.71,3402500
21/9/2021,1.78,1.81,1.78,1.80,1.68,2033300
20/9/2021,1.82,1.83,1.78,1.79,1.67,2913900
17/9/2021,1.85,1.86,1.81,1.82,1.70,6405900
16/9/2021,1.86,1.86,1.85,1.86,1.74,2014200
15/9/2021,1.86,1.87,1.85,1.85,1.73,1677800
14/9/2021,1.87,1.88,1.86,1.86,1.74,2376200
13/9/2021,1.89,1.90,1.86,1.87,1.75,2797600
10/9/2021,1.91,1.91,1.87,1.90,1.77,5085200
9/9/2021,1.92,1.92,1.90,1.91,1.78,2506400
8/9/2021,1.93,1.94,1.90,1.92,1.79,4994900
7/9/2021,1.94,1.95,1.93,1.94,1.81,708500
6/9/2021,1.95,1.95,1.93,1.94,1.81,1398000
3/9/2021,1.94,1.96,1.93,1.93,1.80,1957200
2/9/2021,1.94,1.96,1.93,1.94,1.81,1694600
1/9/2021,1.95,1.96,1.93,1.94,1.81,1554800
31/8/2021,1.95,1.95,1.93,1.93,1.80,2444700
30/8/2021,1.93,1.96,1.93,1.95,1.82,2400700
27/8/2021,1.96,1.97,1.92,1.93,1.80,2680300
26/8/2021,1.98,1.98,1.95,1.97,1.84,832500
25/8/2021,1.97,1.99,1.96,1.98,1.85,1493500
24/8/2021,1.94,1.99,1.94,1.96,1.83,3652000
23/8/2021,1.95,1.96,1.93,1.94,1.81,2520200
20/8/2021,1.93,1.95,1.92,1.95,1.82,3466200
19/8/2021,1.96,1.97,1.92,1.92,1.79,5335000
18/8/2021,1.97,1.99,1.96,1.96,1.83,3949400
17/8/2021,2.01,2.01,1.96,1.97,1.84,4111200
16/8/2021,2.00,2.01,1.98,2.00,1.87,3646200
16/8/2021,,,,,,,0.02
13/8/2021,2.02,2.02,2.00,2.02,1.87,4809400
12/8/2021,2.02,2.04,2.01,2.01,1.86,5017700
11/8/2021,2.02,2.03,2.01,2.01,1.86,2920500
10/8/2021,2.01,2.03,1.99,2.01,1.86,5424100
6/8/2021,2.04,2.05,1.99,2.00,1.85,10171400
5/8/2021,2.05,2.05,2.02,2.03,1.88,3116500
4/8/2021,2.06,2.07,2.04,2.06,1.90,2571000
3/8/2021,2.00,2.07,1.98,2.07,1.91,8059200
2/8/2021,2.06,2.08,1.98,2.00,1.85,12853500
30/7/2021,2.10,2.12,2.09,2.09,1.93,2035600
29/7/2021,2.12,2.12,2.09,2.10,1.94,3461100
28/7/2021,2.11,2.13,2.10,2.12,1.96,2015000
27/7/2021,2.10,2.13,2.10,2.11,1.95,3167500
26/7/2021,2.10,2.11,2.08,2.09,1.93,2978700
23/7/2021,2.11,2.12,2.09,2.10,1.94,2490800
22/7/2021,2.07,2.11,2.07,2.10,1.94,3327600
21/7/2021,2.09,2.11,2.05,2.07,1.91,6412900
19/7/2021,2.11,2.11,2.07,2.09,1.93,5944600
16/7/2021,2.13,2.15,2.13,2.13,1.97,1835600
15/7/2021,2.15,2.18,2.13,2.14,1.98,3406600
14/7/2021,2.13,2.15,2.12,2.15,1.99,2550200
13/7/2021,2.13,2.14,2.12,2.13,1.97,2420400
12/7/2021,2.15,2.16,2.11,2.11,1.95,2565400
9/7/2021,2.12,2.15,2.12,2.13,1.97,1855300
8/7/2021,2.16,2.17,2.12,2.13,1.97,3651300
7/7/2021,2.17,2.18,2.15,2.16,2.00,4194400
6/7/2021,2.19,2.23,2.17,2.18,2.02,6816000
5/7/2021,2.16,2.18,2.15,2.18,2.02,3387600
2/7/2021,2.15,2.16,2.13,2.15,1.99,2724300
1/7/2021,2.15,2.17,2.14,2.15,1.99,2319400
30/6/2021,2.10,2.16,2.10,2.14,1.98,6012400
29/6/2021,2.09,2.13,2.09,2.11,1.95,2869100
28/6/2021,2.11,2.12,2.06,2.10,1.94,5836500
25/6/2021,2.17,2.18,2.10,2.11,1.95,6307300
24/6/2021,2.15,2.17,2.14,2.16,2.00,1734500
23/6/2021,2.17,2.17,2.14,2.15,1.99,2619600
22/6/2021,2.18,2.21,2.16,2.16,2.00,4219600
21/6/2021,2.14,2.17,2.13,2.17,2.01,4842500
18/6/2021,2.12,2.20,2.09,2.16,2.00,8909600
17/6/2021,2.10,2.13,2.08,2.11,1.95,2890500
16/6/2021,2.16,2.16,2.12,2.12,1.96,4615500
15/6/2021,2.16,2.17,2.15,2.17,2.01,1779600
14/6/2021,2.15,2.17,2.15,2.16,2.00,1642300
11/6/2021,2.15,2.16,2.12,2.15,1.99,5211100
10/6/2021,2.18,2.19,2.15,2.15,1.99,3973800
9/6/2021,2.21,2.21,2.17,2.18,2.02,3738500
8/6/2021,2.21,2.22,2.19,2.20,2.03,1640500
7/6/2021,2.20,2.23,2.19,2.20,2.03,3451900
4/6/2021,2.19,2.20,2.17,2.18,2.02,3875500
3/6/2021,2.20,2.22,2.20,2.20,2.03,1766800
2/6/2021,2.22,2.23,2.18,2.20,2.03,5895800
1/6/2021,2.25,2.26,2.22,2.22,2.05,5908700
31/5/2021,2.21,2.28,2.20,2.23,2.06,11453500
28/5/2021,2.17,2.22,2.17,2.20,2.03,13070600
27/5/2021,2.13,2.17,2.11,2.15,1.99,9373800
25/5/2021,2.05,2.14,2.04,2.13,1.97,10991900
24/5/2021,2.01,2.04,2.01,2.03,1.88,2482600
21/5/2021,2.02,2.03,2.00,2.00,1.85,2600700
20/5/2021,2.01,2.03,2.00,2.00,1.85,3359100
19/5/2021,2.01,2.03,1.99,2.00,1.85,4395500
18/5/2021,2.00,2.07,2.00,2.05,1.90,6767200
17/5/2021,1.91,1.99,1.89,1.99,1.84,6642100
14/5/2021,2.01,2.02,1.89,1.91,1.77,12483200
12/5/2021,1.98,2.02,1.95,2.02,1.87,3654500
11/5/2021,2.01,2.03,1.97,1.98,1.83,5437400
10/5/2021,2.06,2.07,2.02,2.03,1.88,3467600
7/5/2021,2.04,2.08,2.04,2.05,1.90,3994300
6/5/2021,2.02,2.05,2.02,2.03,1.88,3170700
5/5/2021,2.04,2.04,1.99,2.02,1.87,5501800
4/5/2021,2.08,2.08,2.03,2.06,1.90,4720100
3/5/2021,2.11,2.11,2.05,2.07,1.91,4533000
30/4/2021,2.16,2.16,2.10,2.12,1.96,5814000
29/4/2021,2.15,2.19,2.14,2.17,2.01,4216400
28/4/2021,2.16,2.18,2.14,2.14,1.98,3841400
27/4/2021,2.13,2.18,2.13,2.17,2.01,4122000
27/4/2021,,,,,,,0.04
26/4/2021,2.21,2.21,2.16,2.17,1.97,5536200
23/4/2021,2.17,2.23,2.15,2.21,2.01,7921300
22/4/2021,2.19,2.21,2.16,2.18,1.98,3673100
21/4/2021,2.16,2.19,2.11,2.18,1.98,9710800
20/4/2021,2.11,2.24,2.09,2.20,2.00,21093000
19/4/2021,1.96,2.15,1.95,2.13,1.93,32113300
16/4/2021,1.97,2.00,1.94,1.94,1.76,19314000
15/4/2021,1.92,1.99,1.90,1.98,1.80,8261200
14/4/2021,1.92,1.93,1.91,1.91,1.73,2063700
13/4/2021,1.89,1.93,1.88,1.92,1.74,5533400
12/4/2021,1.92,1.92,1.86,1.87,1.70,10145200
9/4/2021,1.94,1.95,1.91,1.92,1.74,3350200
8/4/2021,1.96,1.96,1.93,1.94,1.76,4050300
7/4/2021,1.97,1.98,1.95,1.95,1.77,2751400
6/4/2021,1.97,2.01,1.95,1.97,1.79,5488900
5/4/2021,1.88,1.97,1.88,1.97,1.79,13005700
1/4/2021,1.84,1.87,1.84,1.87,1.70,3456800
31/3/2021,1.86,1.87,1.83,1.84,1.67,2821500
30/3/2021,1.84,1.88,1.83,1.86,1.69,8616500
29/3/2021,1.84,1.85,1.82,1.84,1.67,2061700
26/3/2021,1.83,1.86,1.82,1.84,1.67,8492400
25/3/2021,1.79,1.83,1.79,1.83,1.66,4428200
24/3/2021,1.78,1.80,1.77,1.79,1.62,1883500
23/3/2021,1.79,1.79,1.75,1.77,1.61,2161900
22/3/2021,1.78,1.81,1.78,1.78,1.62,3381600
19/3/2021,1.80,1.81,1.78,1.78,1.62,3258400
18/3/2021,1.81,1.82,1.80,1.81,1.64,1819100
17/3/2021,1.82,1.82,1.79,1.81,1.64,1442900
16/3/2021,1.82,1.83,1.80,1.82,1.65,2104300
15/3/2021,1.82,1.83,1.81,1.82,1.65,1355900
12/3/2021,1.83,1.83,1.79,1.82,1.65,4756000
11/3/2021,1.83,1.85,1.81,1.81,1.64,3642800
10/3/2021,1.83,1.84,1.80,1.82,1.65,6856100
9/3/2021,1.77,1.83,1.76,1.82,1.65,14335700
8/3/2021,1.77,1.79,1.75,1.76,1.60,3110300
5/3/2021,1.75,1.78,1.74,1.76,1.60,7106700
4/3/2021,1.76,1.77,1.74,1.76,1.60,2994900
3/3/2021,1.77,1.77,1.75,1.77,1.61,3924600
2/3/2021,1.78,1.79,1.73,1.77,1.61,7051200
1/3/2021,1.73,1.80,1.73,1.77,1.61,8640500
26/2/2021,1.74,1.75,1.71,1.73,1.57,5233500
25/2/2021,1.68,1.78,1.68,1.76,1.60,11522800
24/2/2021,1.65,1.69,1.65,1.66,1.51,2946600
23/2/2021,1.63,1.69,1.63,1.66,1.51,3294200
22/2/2021,1.62,1.65,1.62,1.62,1.47,1882780
19/2/2021,1.64,1.64,1.62,1.63,1.48,2607700
18/2/2021,1.66,1.68,1.64,1.64,1.49,3785000
17/2/2021,1.69,1.69,1.66,1.67,1.52,2735700
16/2/2021,1.69,1.71,1.68,1.69,1.53,2558400
15/2/2021,1.69,1.71,1.67,1.69,1.53,3265000
11/2/2021,1.67,1.68,1.66,1.68,1.52,934200
10/2/2021,1.68,1.68,1.66,1.66,1.51,2547200
9/2/2021,1.67,1.70,1.67,1.68,1.52,5170000
8/2/2021,1.68,1.69,1.66,1.67,1.52,2762100
5/2/2021,1.68,1.69,1.67,1.68,1.52,2877400
4/2/2021,1.67,1.68,1.65,1.67,1.52,3447900
3/2/2021,1.67,1.71,1.67,1.69,1.53,4964400
2/2/2021,1.65,1.68,1.65,1.66,1.51,4420700
1/2/2021,1.65,1.65,1.62,1.64,1.49,3812600
29/1/2021,1.68,1.70,1.62,1.65,1.50,8485300
28/1/2021,1.70,1.70,1.66,1.66,1.51,7417200
27/1/2021,1.73,1.73,1.70,1.72,1.56,5390700
26/1/2021,1.75,1.75,1.71,1.73,1.57,3204800
25/1/2021,1.77,1.78,1.74,1.76,1.60,3019800
22/1/2021,1.79,1.79,1.76,1.77,1.61,2483100
21/1/2021,1.79,1.81,1.78,1.79,1.62,3351600
20/1/2021,1.81,1.83,1.78,1.79,1.62,4544300
19/1/2021,1.82,1.84,1.81,1.81,1.64,2329700
18/1/2021,1.82,1.83,1.81,1.83,1.66,2238600
15/1/2021,1.82,1.84,1.81,1.82,1.65,3676600
14/1/2021,1.85,1.86,1.81,1.83,1.66,2931000
13/1/2021,1.85,1.87,1.84,1.85,1.68,3641700
12/1/2021,1.82,1.86,1.81,1.84,1.67,5904200
11/1/2021,1.81,1.83,1.80,1.81,1.64,2693900
8/1/2021,1.78,1.82,1.77,1.82,1.65,9285700
7/1/2021,1.78,1.79,1.73,1.77,1.61,5537200
6/1/2021,1.72,1.79,1.72,1.77,1.61,8613100
5/1/2021,1.71,1.73,1.70,1.72,1.56,2846900
4/1/2021,1.71,1.72,1.69,1.72,1.56,3686700
